-- H2 2.2.224;
;
CREATE TABLE "GODKJENT_PA_VEGNE_GRUNN"(
                                                          "AVTALE" UUID NOT NULL,
                                                          "IKKE_BANK_ID" BOOLEAN DEFAULT FALSE,
                                                          "RESERVERT" BOOLEAN DEFAULT FALSE,
                                                          "DIGITAL_KOMPETANSE" BOOLEAN DEFAULT FALSE
);
ALTER TABLE "GODKJENT_PA_VEGNE_GRUNN" ADD CONSTRAINT "CONSTRAINT_3" PRIMARY KEY("AVTALE");
-- 0 +/- SELECT COUNT(*) FROM PUBLIC.GODKJENT_PA_VEGNE_GRUNN;
CREATE TABLE "MAAL"(
                                       "ID" UUID NOT NULL,
                                       "OPPRETTET_TIDSPUNKT" TIMESTAMP DEFAULT LOCALTIMESTAMP NOT NULL,
                                       "KATEGORI" CHARACTER VARYING(255),
                                       "BESKRIVELSE" CHARACTER VARYING(1000),
                                       "AVTALE_INNHOLD" UUID
);
ALTER TABLE "MAAL" ADD CONSTRAINT "CONSTRAINT_2" PRIMARY KEY("ID");
-- 5 +/- SELECT COUNT(*) FROM PUBLIC.MAAL;
INSERT INTO "MAAL" VALUES
                                (UUID '290dd343-3ae6-4dea-a503-0803ed91c443', CURRENT_TIMESTAMP, U&'F\00c5_JOBB_I_BEDRIFTEN', U&'L\00e6re butikkarbeid', UUID '8cdeaa9d-c2da-4945-94b1-7189127d3f5d'),
                                (UUID '85eae1e1-94d3-4c76-905a-b84808545552', CURRENT_TIMESTAMP, U&'F\00c5_JOBB_I_BEDRIFTEN', U&'L\00e6re butikkarbeid', UUID 'fe683f09-da21-4eba-b3e0-1824179bdceb'),
                                (UUID 'eee188a6-8aa3-4585-8d9f-4a1089bc2600', CURRENT_TIMESTAMP, U&'F\00c5_JOBB_I_BEDRIFTEN', U&'L\00e6re butikkarbeid', UUID 'fca8d58c-3516-4b09-a398-0f744a6aa887'),
                                (UUID '5738428a-8646-4d97-afc2-7e81a4347338', CURRENT_TIMESTAMP, U&'F\00c5_JOBB_I_BEDRIFTEN', U&'L\00e6re butikkarbeid', UUID '1db2908b-ab90-4583-b7ee-628ba0dcf1ab'),
                                (UUID '5dcfbc84-1182-4f48-b2ab-7110a84015eb', CURRENT_TIMESTAMP, U&'F\00c5_JOBB_I_BEDRIFTEN', U&'L\00e6re butikkarbeid', UUID 'd7ee1d83-fd5e-4e9f-b950-53cb4bdcfd64');
CREATE TABLE "OPPGAVE"(
                                          "ID" UUID NOT NULL,
                                          "OPPRETTET_TIDSPUNKT" TIMESTAMP DEFAULT LOCALTIMESTAMP NOT NULL,
                                          "TITTEL" CHARACTER VARYING(255),
                                          "BESKRIVELSE" CHARACTER VARYING(1000),
                                          "OPPLAERING" CHARACTER VARYING(1000),
                                          "AVTALE_INNHOLD" UUID
);
ALTER TABLE "OPPGAVE" ADD CONSTRAINT "CONSTRAINT_E" PRIMARY KEY("ID");
-- 0 +/- SELECT COUNT(*) FROM PUBLIC.OPPGAVE;
CREATE TABLE "SPORINGSLOGG"(
                                               "ID" UUID NOT NULL,
                                               "TIDSPUNKT" TIMESTAMP DEFAULT LOCALTIMESTAMP NOT NULL,
                                               "AVTALE_ID" UUID,
                                               "HENDELSE_TYPE" CHARACTER VARYING
);
ALTER TABLE "SPORINGSLOGG" ADD CONSTRAINT "CONSTRAINT_4" PRIMARY KEY("ID");
-- 49 +/- SELECT COUNT(*) FROM PUBLIC.SPORINGSLOGG;
INSERT INTO "SPORINGSLOGG" VALUES
                                        (UUID '60921831-20f1-4aa7-bbb8-3b4506ee8587', CURRENT_TIMESTAMP, UUID '1c626e26-d9b5-48a9-a285-3cc94f833de7', 'OPPRETTET'),
                                        (UUID '9d6fc16d-1f22-4e19-a6d0-f408834553cc', CURRENT_TIMESTAMP, UUID '1c626e26-d9b5-48a9-a285-3cc94f833de7', 'ENDRET'),
                                        (UUID '384938f8-f954-4ce4-955f-40d8bfb63502', CURRENT_TIMESTAMP, UUID '14ee7f8d-23dc-4f7a-b2df-7e3822700dce', 'OPPRETTET'),
                                        (UUID '046fc22f-46d1-4d4d-8f48-e71b6f7217f1', CURRENT_TIMESTAMP, UUID 'a266f8be-0ab3-4209-aed5-56d417374fd3', 'OPPRETTET'),
                                        (UUID '330a62a0-47ca-4f34-8702-867fa406a63d', CURRENT_TIMESTAMP, UUID 'a266f8be-0ab3-4209-aed5-56d417374fd3', 'GODKJENT_AV_DELTAKER'),
                                        (UUID 'bf64282e-07d3-4362-ba14-301f0bf41e44', CURRENT_TIMESTAMP, UUID 'a266f8be-0ab3-4209-aed5-56d417374fd3', 'ENDRET'),
                                        (UUID 'd9490212-9751-4917-815c-fd9b7bb69ea3', CURRENT_TIMESTAMP, UUID 'ffb7723b-8f7f-4479-bd05-d5384a95d816', 'OPPRETTET'),
                                        (UUID 'c040011e-6ae3-45f2-a6e4-734f29d6fde2', CURRENT_TIMESTAMP, UUID 'ffb7723b-8f7f-4479-bd05-d5384a95d816', 'ENDRET'),
                                        (UUID 'e7fe03ad-d364-4a6b-a2dd-d717fa818728', CURRENT_TIMESTAMP, UUID '0df24350-3c64-4023-b3d9-4526314df544', 'OPPRETTET'),
                                        (UUID 'a83712a5-fca5-43de-bc3d-bbfd115fbd48', CURRENT_TIMESTAMP, UUID '0df24350-3c64-4023-b3d9-4526314df544', 'ENDRET'),
                                        (UUID '96563d2a-4c2f-40ef-8027-fc3cd0753a72', CURRENT_TIMESTAMP, UUID '3a0e7ed6-b406-44fd-a53c-4beac2b4666d', 'OPPRETTET'),
                                        (UUID 'd4d488d7-3a49-470f-a900-e2a39141000c', CURRENT_TIMESTAMP, UUID '3a0e7ed6-b406-44fd-a53c-4beac2b4666d', 'ENDRET'),
                                        (UUID 'eb6ba56b-e87c-4613-a60a-05b50569ae13', CURRENT_TIMESTAMP, UUID '948e4acc-2fd1-4e70-ac2c-1ffa2fe27095', 'OPPRETTET'),
                                        (UUID 'd548576f-46ba-4df0-a637-5fb13898169f', CURRENT_TIMESTAMP, UUID '948e4acc-2fd1-4e70-ac2c-1ffa2fe27095', 'ENDRET'),
                                        (UUID '8a9bc86c-0b46-4b18-835e-d1f2a504b77a', CURRENT_TIMESTAMP, UUID '735f0b34-8b18-474a-89c5-83867c40123a', 'OPPRETTET'),
                                        (UUID '033a2b57-8775-4be7-85a3-f3bd77ecd940', CURRENT_TIMESTAMP, UUID '735f0b34-8b18-474a-89c5-83867c40123a', 'ENDRET'),
                                        (UUID 'f5b98045-328c-4cbb-8972-69920fce17e4', CURRENT_TIMESTAMP, UUID '44e38ddb-e4ab-4b47-b396-cf0b1d181627', 'OPPRETTET'),
                                        (UUID '72a476c9-6373-4fcc-9193-921e859def98', CURRENT_TIMESTAMP, UUID '44e38ddb-e4ab-4b47-b396-cf0b1d181627', 'ENDRET'),
                                        (UUID '6493d6eb-cda7-41a2-bd24-af9cf525a4c0', CURRENT_TIMESTAMP, UUID '8b3f3022-716c-4728-8b7a-dc9fd7e01f02', 'OPPRETTET'),
                                        (UUID 'fff34eca-e766-4d02-8f9c-68f46c08c5f8', CURRENT_TIMESTAMP, UUID '8b3f3022-716c-4728-8b7a-dc9fd7e01f02', 'ENDRET'),
                                        (UUID 'f85e714f-0319-4a37-b282-c3eab19b177e', CURRENT_TIMESTAMP, UUID 'd15835a4-7fbb-4bb2-9380-9469d90f5982', 'OPPRETTET'),
                                        (UUID 'f5f3a73e-7299-47f6-bc4c-70b64547847b', CURRENT_TIMESTAMP, UUID 'd15835a4-7fbb-4bb2-9380-9469d90f5982', 'ENDRET'),
                                        (UUID 'a5f22fe9-b0f6-4102-8030-aced3765001a', CURRENT_TIMESTAMP, UUID '9b811734-1103-44b9-a3ac-0bc3fbcf4166', 'OPPRETTET'),
                                        (UUID 'ec83e62e-4837-4994-8d04-3a33fe6fc4e9', CURRENT_TIMESTAMP, UUID '9b811734-1103-44b9-a3ac-0bc3fbcf4166', 'ENDRET'),
                                        (UUID 'b9917898-e5be-481f-b7e5-74c0be3d6c77', CURRENT_TIMESTAMP, UUID 'f742d746-92fe-4b51-b546-1526bba49853', 'OPPRETTET'),
                                        (UUID 'b10b3271-f7dd-42e6-b31e-0f65f66d6ede', CURRENT_TIMESTAMP, UUID 'f742d746-92fe-4b51-b546-1526bba49853', 'ENDRET'),
                                        (UUID '32bf9dc6-8752-445b-b8f5-d22018a224ff', DATEADD('YEAR', -1, CURRENT_TIMESTAMP), UUID 'b74876c1-35c7-46e6-9a97-dad0a593a992', 'OPPRETTET'),
                                        (UUID '6f5b7fa3-b810-4466-991e-52e9ce1f2e40', DATEADD('YEAR', -1, CURRENT_TIMESTAMP), UUID 'b74876c1-35c7-46e6-9a97-dad0a593a992', 'ENDRET'),
                                        (UUID 'e4d6988d-7a6e-4354-b23b-33017d2d2ff7', DATEADD('YEAR', -1, CURRENT_TIMESTAMP), UUID 'e3758e31-5304-4fe4-9a50-02d0215fdae9', 'OPPRETTET');
INSERT INTO "SPORINGSLOGG" VALUES
                                        (UUID '56a54302-4d5b-4e2e-85a3-7b67933ce018', DATEADD('YEAR', -1, CURRENT_TIMESTAMP), UUID 'e3758e31-5304-4fe4-9a50-02d0215fdae9', 'ENDRET'),
                                        (UUID '8a1b73d8-e5dc-46f9-81a9-afb24323b4ee', DATEADD('YEAR', -1, CURRENT_TIMESTAMP), UUID 'cfeca708-b400-484b-a081-f293ef8b2cf9', 'OPPRETTET'),
                                        (UUID '906d28e2-e6a5-46cf-9666-9db39514eb93', DATEADD('YEAR', -1, CURRENT_TIMESTAMP), UUID 'cfeca708-b400-484b-a081-f293ef8b2cf9', 'ENDRET'),
                                        (UUID '287edd36-5990-4392-b7ac-397b1e2e1229', CURRENT_TIMESTAMP, UUID 'b5edc800-77d9-435d-8016-e12e5dbaeeca', 'OPPRETTET'),
                                        (UUID '820185cd-6dfa-4fa8-847a-495f3162c1cc', CURRENT_TIMESTAMP, UUID 'b5edc800-77d9-435d-8016-e12e5dbaeeca', 'ENDRET'),
                                        (UUID 'fe6c25ff-320c-4960-a7ad-273b0ffec64e', CURRENT_TIMESTAMP, UUID '4373d5fa-e372-4059-bea7-07290bc2bd7e', 'OPPRETTET'),
                                        (UUID '23ea2b14-7d8b-46b5-84b0-d24473b44886', CURRENT_TIMESTAMP, UUID '4373d5fa-e372-4059-bea7-07290bc2bd7e', 'ENDRET'),
                                        (UUID '585b97fd-2fab-448c-84d0-efd9d7eaa316', CURRENT_TIMESTAMP, UUID '4373d5fa-e372-4059-bea7-07290bc2bd7e', 'ENDRET'),
                                        (UUID '4f215294-2014-43f4-aac0-940178c3229e', CURRENT_TIMESTAMP, UUID 'be77213d-5992-4b6f-a18f-b78028d6abf3', 'OPPRETTET_AV_ARBEIDSGIVER'),
                                        (UUID 'a373d8e9-0afb-45ad-b21c-089ce212915e', CURRENT_TIMESTAMP, UUID 'be1f60eb-9211-4bcb-8b17-1724ceb3c2ff', 'OPPRETTET_AV_ARBEIDSGIVER'),
                                        (UUID '10633384-22a6-411e-89a2-bc97873cfdfe', CURRENT_TIMESTAMP, UUID 'd892053f-233d-4f47-97d8-b7e2bcb955a9', 'OPPRETTET_AV_ARBEIDSGIVER'),
                                        (UUID '1fddbd21-5e65-44c0-85a0-f4dc8a078674', CURRENT_TIMESTAMP, UUID '290257e5-deec-445c-850b-50336905f848', 'OPPRETTET_AV_ARBEIDSGIVER'),
                                        (UUID 'faf44d0a-0b39-4a33-9c99-aa55455bf1ee', CURRENT_TIMESTAMP, UUID '20ff46e5-b490-448b-83c2-a98764fcef26', 'OPPRETTET_AV_ARBEIDSGIVER'),
                                        (UUID '43d371f4-4a46-460d-9792-951e8c100d28', CURRENT_TIMESTAMP, UUID 'f4687669-0192-4911-8415-fc2719163e9d', 'OPPRETTET_AV_ARBEIDSGIVER'),
                                        (UUID '418de0fb-30d2-4894-b721-f1fa78c83880', CURRENT_TIMESTAMP, UUID '751ab1a8-4cab-4412-b494-c2bf742eb132', 'OPPRETTET'),
                                        (UUID 'c1d3081e-7a89-4928-a0ce-924a6ed9e0a1', CURRENT_TIMESTAMP, UUID '751ab1a8-4cab-4412-b494-c2bf742eb132', 'ENDRET'),
                                        (UUID '29cc57f0-c452-4452-bdad-77344c4120e7', CURRENT_TIMESTAMP, UUID '751ab1a8-4cab-4412-b494-c2bf742eb132', 'GODKJENT_AV_ARBEIDSGIVER'),
                                        (UUID 'bd0654bf-d8cd-4f76-b8d2-0438634ea839', CURRENT_TIMESTAMP, UUID '751ab1a8-4cab-4412-b494-c2bf742eb132', 'GODKJENT_PAA_VEGNE_AV'),
                                        (UUID '54c4c57d-9ff1-40a9-a24c-8c29c395c630', CURRENT_TIMESTAMP, UUID '25a19073-518f-4df9-94ab-50fa1a5b0d35', 'OPPRETTET'),
                                        (UUID 'acf1062d-e741-4258-8128-92708ca2df1e', CURRENT_TIMESTAMP, UUID '25a19073-518f-4df9-94ab-50fa1a5b0d35', 'ENDRET');
CREATE TABLE "IKKE_I_BRUK_SMS_VARSEL"(
                                                         "ID" UUID NOT NULL,
                                                         "VARSLBAR_HENDELSE" UUID,
                                                         "STATUS" CHARACTER VARYING,
                                                         "TELEFONNUMMER" CHARACTER VARYING(255),
                                                         "IDENTIFIKATOR" CHARACTER VARYING(11),
                                                         "MELDINGSTEKST" CHARACTER VARYING
);
ALTER TABLE "IKKE_I_BRUK_SMS_VARSEL" ADD CONSTRAINT "CONSTRAINT_B" PRIMARY KEY("ID");
-- 0 +/- SELECT COUNT(*) FROM PUBLIC.IKKE_I_BRUK_SMS_VARSEL;
CREATE TABLE "IKKE_I_BRUK_HENDELSELOGG"(
                                                           "ID" UUID NOT NULL,
                                                           "AVTALE_ID" UUID,
                                                           "TIDSPUNKT" TIMESTAMP NOT NULL,
                                                           U&"UTF\00d8RT_AV" CHARACTER VARYING,
                                                           "HENDELSE" CHARACTER VARYING
);
ALTER TABLE "IKKE_I_BRUK_HENDELSELOGG" ADD CONSTRAINT "CONSTRAINT_6" PRIMARY KEY("ID");
-- 0 +/- SELECT COUNT(*) FROM PUBLIC.IKKE_I_BRUK_HENDELSELOGG;
CREATE TABLE "AVTALE_FORKORTET"(
                                                   "ID" UUID NOT NULL,
                                                   "AVTALE_ID" UUID,
                                                   "AVTALE_INNHOLD_ID" UUID,
                                                   "TIDSPUNKT" TIMESTAMP,
                                                   "NY_SLUTT_DATO" DATE,
                                                   "GRUNN" CHARACTER VARYING,
                                                   "ANNET_GRUNN" CHARACTER VARYING,
                                                   U&"UTF\00d8RT_AV" CHARACTER VARYING
);
ALTER TABLE "AVTALE_FORKORTET" ADD CONSTRAINT "CONSTRAINT_42" PRIMARY KEY("ID");
-- 0 +/- SELECT COUNT(*) FROM PUBLIC.AVTALE_FORKORTET;
CREATE TABLE "AVTALE"(
                                         "ID" UUID NOT NULL,
                                         "OPPRETTET_TIDSPUNKT" TIMESTAMP DEFAULT LOCALTIMESTAMP NOT NULL,
                                         "DELTAKER_FNR" CHARACTER VARYING(11) NOT NULL,
                                         "BEDRIFT_NR" CHARACTER VARYING(255),
                                         "ARBEIDSGIVER_FNR" CHARACTER VARYING(11),
                                         "VEILEDER_NAV_IDENT" CHARACTER VARYING(7),
                                         "ARBEIDSTRENING_LENGDE" INTEGER,
                                         "GAMMEL_GODKJENT_AV_DELTAKER" BOOLEAN,
                                         "GAMMEL_GODKJENT_AV_ARBEIDSGIVER" BOOLEAN,
                                         "GAMMEL_GODKJENT_AV_VEILEDER" BOOLEAN,
                                         "AVBRUTT" BOOLEAN DEFAULT FALSE,
                                         "TILTAKSTYPE" CHARACTER VARYING DEFAULT 'ARBEIDSTRENING' NOT NULL,
                                         "SIST_ENDRET" TIMESTAMP DEFAULT LOCALTIMESTAMP,
                                         "AVBRUTT_DATO" DATE,
                                         "AVBRUTT_GRUNN" CHARACTER VARYING,
                                         "ENHET_OPPFOLGING" CHARACTER VARYING(4),
                                         "ENHET_GEOGRAFISK" CHARACTER VARYING(4),
                                         "SLETTEMERKET" BOOLEAN DEFAULT FALSE,
                                         "AVTALE_NR" INTEGER GENERATED BY DEFAULT AS IDENTITY(START WITH 1 RESTART WITH 35) NOT NULL,
                                         "ANNULLERT_TIDSPUNKT" TIMESTAMP,
                                         "ANNULLERT_GRUNN" CHARACTER VARYING,
                                         "FEILREGISTRERT" BOOLEAN DEFAULT FALSE,
                                         "ENHETSNAVN_GEOGRAFISK" CHARACTER VARYING,
                                         "ENHETSNAVN_OPPFOLGING" CHARACTER VARYING,
                                         "KVALIFISERINGSGRUPPE" CHARACTER VARYING,
                                         "FORMIDLINGSGRUPPE" CHARACTER VARYING,
                                         "GODKJENT_FOR_ETTERREGISTRERING" BOOLEAN DEFAULT FALSE,
                                         "GJELDENDE_INNHOLD_ID" UUID,
                                         "MENTOR_FNR" CHARACTER VARYING(11) DEFAULT NULL,
                                         "OPPHAV" CHARACTER VARYING(255) NOT NULL
);
ALTER TABLE "AVTALE" ADD CONSTRAINT "CONSTRAINT_7" PRIMARY KEY("ID");
-- 34 +/- SELECT COUNT(*) FROM PUBLIC.AVTALE;
INSERT INTO "AVTALE" VALUES
                                  (UUID '16ba7ded-8b14-4972-9394-389d513eda91', CURRENT_TIMESTAMP, '28029818482', '969703135', NULL, 'Z123456', NULL, NULL, NULL, NULL, FALSE, 'ARBEIDSTRENING', CURRENT_TIMESTAMP, NULL, NULL, NULL, NULL, FALSE, 1, CURRENT_TIMESTAMP, 'Begynt i arbeid', FALSE, NULL, NULL, NULL, NULL, FALSE, UUID '43b3dd88-e03c-4aaf-a045-b3e3e16f2314', NULL, 'VEILEDER'),
                                  (UUID '76ef4c0f-1ca4-4433-8313-09e6db8f5493', CURRENT_TIMESTAMP, '20087334985', '999999999', NULL, 'Z123456', NULL, NULL, NULL, NULL, FALSE, 'ARBEIDSTRENING', CURRENT_TIMESTAMP, NULL, NULL, NULL, NULL, FALSE, 2, CURRENT_TIMESTAMP, 'Alt er feil', FALSE, NULL, NULL, NULL, NULL, FALSE, UUID 'd531488c-8a3d-4fcb-9d23-8cc52342d882', NULL, 'VEILEDER'),
                                  (UUID '4a9bd80b-9a72-41a9-8e0e-83cd53a5ffad', CURRENT_TIMESTAMP, '27090438663', '994362845', NULL, 'Z123456', NULL, NULL, NULL, NULL, FALSE, 'ARBEIDSTRENING', CURRENT_TIMESTAMP, NULL, NULL, NULL, NULL, FALSE, 3, NULL, NULL, FALSE, NULL, NULL, NULL, NULL, FALSE, UUID 'b5df8a01-e4e2-409d-ba60-aba2c20f6429', NULL, 'VEILEDER'),
                                  (UUID '5019be60-7604-4a2c-bae0-47b1780ab139', CURRENT_TIMESTAMP, '21122924433', '922407048', NULL, 'Z123456', NULL, NULL, NULL, NULL, FALSE, 'ARBEIDSTRENING', CURRENT_TIMESTAMP, NULL, NULL, NULL, NULL, FALSE, 4, NULL, NULL, FALSE, NULL, NULL, NULL, NULL, FALSE, UUID '193c5654-20d8-4ca9-9403-09b560521b1d', NULL, 'VEILEDER'),
                                  (UUID 'e0619f5a-c2eb-4149-9803-f77eca4cf343', CURRENT_TIMESTAMP, '28029818482', '969703135', NULL, 'Z123456', NULL, NULL, NULL, NULL, FALSE, 'ARBEIDSTRENING', CURRENT_TIMESTAMP, NULL, NULL, NULL, NULL, FALSE, 5, NULL, NULL, TRUE, NULL, NULL, NULL, NULL, FALSE, UUID 'd412a1db-19ab-401e-9b51-6f746ae4a296', NULL, 'VEILEDER'),
                                  (UUID '206cb3fa-f1f2-4da5-ab6b-0caf847fbf1c', CURRENT_TIMESTAMP, '27090438663', '922407048', NULL, 'Z123456', NULL, NULL, NULL, NULL, FALSE, 'ARBEIDSTRENING', CURRENT_TIMESTAMP, NULL, NULL, NULL, NULL, FALSE, 6, NULL, NULL, FALSE, NULL, NULL, NULL, NULL, FALSE, UUID 'cc096571-ccbc-4445-8c96-2769d835e9a0', NULL, 'VEILEDER'),
                                  (UUID '89d671cc-0edf-464a-9e59-b5c7473242b9', CURRENT_TIMESTAMP, '07068506617', '977273939', NULL, 'Z123456', NULL, NULL, NULL, NULL, FALSE, 'ARBEIDSTRENING', CURRENT_TIMESTAMP, NULL, NULL, NULL, NULL, FALSE, 7, NULL, NULL, FALSE, NULL, NULL, NULL, NULL, FALSE, UUID '25659139-37cf-48e6-989e-5e203bc2214d', NULL, 'VEILEDER'),
                                  (UUID '7950419a-8730-4ad9-8a14-b99590ff15f0', CURRENT_TIMESTAMP, '14088295219', '977273939', NULL, 'Z123456', NULL, NULL, NULL, NULL, FALSE, 'ARBEIDSTRENING', CURRENT_TIMESTAMP, NULL, NULL, NULL, NULL, FALSE, 8, NULL, NULL, FALSE, NULL, NULL, NULL, NULL, FALSE, UUID 'dfed3460-4d08-4f6c-aedc-6402e88e62dd', NULL, 'VEILEDER'),
                                  (UUID '1c626e26-d9b5-48a9-a285-3cc94f833de7', CURRENT_TIMESTAMP, '00000000000', '999999999', NULL, 'Z123456', NULL, NULL, NULL, NULL, FALSE, 'MIDLERTIDIG_LONNSTILSKUDD', DATEADD('HOUR', -2, CURRENT_TIMESTAMP), NULL, NULL, '0906', NULL, FALSE, 9, NULL, NULL, FALSE, NULL, 'Oslo gamlebyen', 'VARIG_TILPASSET_INNSATS', NULL, FALSE, UUID '8d8efde1-f9f4-44dc-90ad-3be3bdd60b85', NULL, 'VEILEDER'),
                                  (UUID '14ee7f8d-23dc-4f7a-b2df-7e3822700dce', CURRENT_TIMESTAMP, '00000000000', '999999999', NULL, 'Z123456', NULL, NULL, NULL, NULL, FALSE, 'ARBEIDSTRENING', DATEADD('HOUR', -2, CURRENT_TIMESTAMP), NULL, NULL, NULL, NULL, FALSE, 10, NULL, NULL, FALSE, NULL, NULL, NULL, NULL, FALSE, UUID 'a08d3c66-5ef5-4ea9-8485-20661d073f41', NULL, 'VEILEDER'),
                                  (UUID 'a266f8be-0ab3-4209-aed5-56d417374fd3', CURRENT_TIMESTAMP, '00000000000', '999999999', NULL, 'Z123456', NULL, NULL, NULL, NULL, FALSE, 'MENTOR', DATEADD('HOUR', -2, CURRENT_TIMESTAMP), NULL, NULL, NULL, NULL, FALSE, 11, NULL, NULL, FALSE, NULL, NULL, NULL, NULL, FALSE, UUID 'c485d270-ff48-4afc-9a53-6563083e747e', '23090170716', 'VEILEDER');
INSERT INTO "AVTALE" VALUES
                                  (UUID 'ffb7723b-8f7f-4479-bd05-d5384a95d816', CURRENT_TIMESTAMP, '00000000000', '999999999', NULL, 'Z123456', NULL, NULL, NULL, NULL, FALSE, 'MENTOR', DATEADD('HOUR', -2, CURRENT_TIMESTAMP), NULL, NULL, NULL, NULL, FALSE, 12, NULL, NULL, FALSE, NULL, NULL, NULL, NULL, FALSE, UUID 'a9fddc01-6bb2-428f-ad0e-869694b8c406', '23090170716', 'VEILEDER'),
                                  (UUID '0df24350-3c64-4023-b3d9-4526314df544', CURRENT_TIMESTAMP, '00000000000', '999999999', NULL, 'Z123456', NULL, NULL, NULL, NULL, FALSE, 'INKLUDERINGSTILSKUDD', DATEADD('HOUR', -2, CURRENT_TIMESTAMP), NULL, NULL, NULL, NULL, FALSE, 13, NULL, NULL, FALSE, NULL, NULL, NULL, NULL, FALSE, UUID 'dfe6f83c-ceae-4a21-af16-68c8c28f4b28', NULL, 'VEILEDER'),
                                  (UUID '3a0e7ed6-b406-44fd-a53c-4beac2b4666d', CURRENT_TIMESTAMP, '00000000000', '999999999', NULL, 'Z123456', NULL, NULL, NULL, NULL, FALSE, 'INKLUDERINGSTILSKUDD', DATEADD('HOUR', -2, CURRENT_TIMESTAMP), NULL, NULL, NULL, NULL, FALSE, 14, NULL, NULL, FALSE, NULL, NULL, NULL, NULL, FALSE, UUID '184fed76-14bf-4763-bb7d-4e649030b4c4', NULL, 'VEILEDER'),
                                  (UUID '948e4acc-2fd1-4e70-ac2c-1ffa2fe27095', CURRENT_TIMESTAMP, '00000000000', '999999999', NULL, 'Z123456', NULL, NULL, NULL, NULL, FALSE, 'ARBEIDSTRENING', DATEADD('HOUR', -2, CURRENT_TIMESTAMP), NULL, NULL, NULL, NULL, FALSE, 15, NULL, NULL, FALSE, NULL, NULL, NULL, NULL, FALSE, UUID '8cdeaa9d-c2da-4945-94b1-7189127d3f5d', NULL, 'VEILEDER'),
                                  (UUID '735f0b34-8b18-474a-89c5-83867c40123a', CURRENT_TIMESTAMP, '00000000000', '999999999', NULL, 'Z123456', NULL, NULL, NULL, NULL, FALSE, 'ARBEIDSTRENING', DATEADD('HOUR', -2, CURRENT_TIMESTAMP), NULL, NULL, NULL, NULL, FALSE, 16, NULL, NULL, FALSE, NULL, NULL, NULL, NULL, FALSE, UUID 'fe683f09-da21-4eba-b3e0-1824179bdceb', NULL, 'VEILEDER'),
                                  (UUID '44e38ddb-e4ab-4b47-b396-cf0b1d181627', CURRENT_TIMESTAMP, '00000000000', '999999999', NULL, 'Z123456', NULL, NULL, NULL, NULL, FALSE, 'ARBEIDSTRENING', DATEADD('HOUR', -2, CURRENT_TIMESTAMP), NULL, NULL, NULL, NULL, FALSE, 17, NULL, NULL, FALSE, NULL, NULL, NULL, NULL, FALSE, UUID 'fca8d58c-3516-4b09-a398-0f744a6aa887', NULL, 'VEILEDER'),
                                  (UUID '8b3f3022-716c-4728-8b7a-dc9fd7e01f02', CURRENT_TIMESTAMP, '00000000000', '999999999', NULL, 'Z123456', NULL, NULL, NULL, NULL, FALSE, 'ARBEIDSTRENING', DATEADD('HOUR', -2, CURRENT_TIMESTAMP), NULL, NULL, NULL, NULL, FALSE, 18, NULL, NULL, FALSE, NULL, NULL, NULL, NULL, FALSE, UUID '1db2908b-ab90-4583-b7ee-628ba0dcf1ab', NULL, 'VEILEDER'),
                                  (UUID 'd15835a4-7fbb-4bb2-9380-9469d90f5982', CURRENT_TIMESTAMP, '00000000000', '999999999', NULL, 'Z123456', NULL, NULL, NULL, NULL, FALSE, 'MIDLERTIDIG_LONNSTILSKUDD', DATEADD('HOUR', -2, CURRENT_TIMESTAMP), NULL, NULL, '0906', NULL, FALSE, 19, NULL, NULL, FALSE, NULL, 'Oslo gamlebyen', 'SITUASJONSBESTEMT_INNSATS', NULL, FALSE, UUID '3e17c7b4-9c55-443d-925f-bc7b276cb081', NULL, 'VEILEDER'),
                                  (UUID '9b811734-1103-44b9-a3ac-0bc3fbcf4166', CURRENT_TIMESTAMP, '00000000000', '999999999', NULL, 'Z123456', NULL, NULL, NULL, NULL, FALSE, 'MIDLERTIDIG_LONNSTILSKUDD', DATEADD('HOUR', -2, CURRENT_TIMESTAMP), NULL, NULL, '0906', NULL, FALSE, 20, NULL, NULL, FALSE, NULL, 'Oslo gamlebyen', 'SITUASJONSBESTEMT_INNSATS', NULL, FALSE, UUID 'c26be48c-f3c5-4910-a4e4-19b28d0a428f', NULL, 'VEILEDER'),
                                  (UUID 'f742d746-92fe-4b51-b546-1526bba49853', CURRENT_TIMESTAMP, '00000000000', '999999999', NULL, 'Z123456', NULL, NULL, NULL, NULL, FALSE, 'MIDLERTIDIG_LONNSTILSKUDD', DATEADD('HOUR', -2, CURRENT_TIMESTAMP), NULL, NULL, '0906', NULL, FALSE, 21, NULL, NULL, FALSE, NULL, 'Oslo gamlebyen', 'SITUASJONSBESTEMT_INNSATS', NULL, FALSE, UUID '7cea33d2-12ad-41f5-a10b-26f1e349db9d', NULL, 'VEILEDER'),
                                  (UUID 'b74876c1-35c7-46e6-9a97-dad0a593a992', DATEADD('YEAR', -1, CURRENT_TIMESTAMP), '00000000000', '999999999', NULL, 'Q987654', NULL, NULL, NULL, NULL, FALSE, 'SOMMERJOBB', DATEADD('YEAR', -1, CURRENT_TIMESTAMP), NULL, NULL, '0906', NULL, FALSE, 22, NULL, NULL, FALSE, NULL, 'Oslo gamlebyen', NULL, NULL, FALSE, UUID '1ef9f50c-9a16-4f88-8aee-57c9a8ff730c', NULL, 'VEILEDER');
INSERT INTO "AVTALE" VALUES
                                  (UUID 'e3758e31-5304-4fe4-9a50-02d0215fdae9', DATEADD('YEAR', -1, CURRENT_TIMESTAMP), '00000000000', '999999999', NULL, 'Z123456', NULL, NULL, NULL, NULL, FALSE, 'SOMMERJOBB', DATEADD('YEAR', -1, CURRENT_TIMESTAMP), NULL, NULL, '0906', NULL, FALSE, 23, NULL, NULL, FALSE, NULL, 'Oslo gamlebyen', NULL, NULL, FALSE, UUID '9b542096-bc85-459d-bbc2-da19ddcc413c', NULL, 'VEILEDER'),
                                  (UUID 'cfeca708-b400-484b-a081-f293ef8b2cf9', DATEADD('YEAR', -1, CURRENT_TIMESTAMP), '00000000000', '999999999', NULL, 'Z123456', NULL, NULL, NULL, NULL, FALSE, 'SOMMERJOBB', DATEADD('YEAR', -1, CURRENT_TIMESTAMP), NULL, NULL, '0906', NULL, FALSE, 24, NULL, NULL, FALSE, NULL, 'Oslo gamlebyen', NULL, NULL, FALSE, UUID '81df87fd-d31a-4b2c-97ec-33c2a31888f9', NULL, 'VEILEDER'),
                                  (UUID 'b5edc800-77d9-435d-8016-e12e5dbaeeca', CURRENT_TIMESTAMP, '00000000000', '999999999', NULL, 'Z123456', NULL, NULL, NULL, NULL, FALSE, 'MIDLERTIDIG_LONNSTILSKUDD', DATEADD('HOUR', -2, CURRENT_TIMESTAMP), NULL, NULL, '0906', NULL, FALSE, 25, NULL, NULL, FALSE, NULL, 'Oslo gamlebyen', 'SPESIELT_TILPASSET_INNSATS', NULL, FALSE, UUID '44633b70-8666-42b4-a605-dbd6977e6a6d', NULL, 'VEILEDER'),
                                  (UUID '4373d5fa-e372-4059-bea7-07290bc2bd7e', CURRENT_TIMESTAMP, '00000000000', '999999999', NULL, 'Z123456', NULL, NULL, NULL, NULL, FALSE, 'MENTOR', DATEADD('HOUR', -2, CURRENT_TIMESTAMP), NULL, NULL, NULL, NULL, FALSE, 26, NULL, NULL, FALSE, NULL, NULL, NULL, NULL, FALSE, UUID 'd7ee1d83-fd5e-4e9f-b950-53cb4bdcfd64', '00000000000', 'VEILEDER'),
                                  (UUID 'be77213d-5992-4b6f-a18f-b78028d6abf3', CURRENT_TIMESTAMP, '00000000000', '999999999', NULL, NULL, NULL, NULL, NULL, NULL, FALSE, 'ARBEIDSTRENING', DATEADD('HOUR', -2, CURRENT_TIMESTAMP), NULL, NULL, NULL, NULL, FALSE, 27, NULL, NULL, FALSE, NULL, NULL, NULL, NULL, FALSE, UUID '650f3fed-c6f4-4534-b9c0-861dc85b2ce8', NULL, 'ARBEIDSGIVER'),
                                  (UUID 'be1f60eb-9211-4bcb-8b17-1724ceb3c2ff', CURRENT_TIMESTAMP, '00000000000', '999999999', NULL, NULL, NULL, NULL, NULL, NULL, FALSE, 'ARBEIDSTRENING', DATEADD('HOUR', -2, CURRENT_TIMESTAMP), NULL, NULL, NULL, '0904', FALSE, 28, NULL, NULL, FALSE, 'Vinstra', NULL, NULL, NULL, FALSE, UUID '0f42448c-dd69-4297-bdc3-5f9c532cba96', NULL, 'ARBEIDSGIVER'),
                                  (UUID 'd892053f-233d-4f47-97d8-b7e2bcb955a9', CURRENT_TIMESTAMP, '00000000000', '999999999', NULL, NULL, NULL, NULL, NULL, NULL, FALSE, 'ARBEIDSTRENING', DATEADD('HOUR', -2, CURRENT_TIMESTAMP), NULL, NULL, NULL, '0904', FALSE, 29, NULL, NULL, FALSE, 'Vinstra', NULL, NULL, NULL, FALSE, UUID '7f73a62b-3c34-42d0-9475-fba1f9038cec', NULL, 'ARBEIDSGIVER'),
                                  (UUID '290257e5-deec-445c-850b-50336905f848', CURRENT_TIMESTAMP, '00000000000', '999999999', NULL, NULL, NULL, NULL, NULL, NULL, FALSE, 'ARBEIDSTRENING', DATEADD('HOUR', -2, CURRENT_TIMESTAMP), NULL, NULL, '0906', NULL, FALSE, 30, NULL, NULL, FALSE, NULL, 'Oslo gamlebyen', NULL, NULL, FALSE, UUID 'dd717d4d-6cb3-454e-8381-3fd98c7f00b3', NULL, 'ARBEIDSGIVER'),
                                  (UUID '20ff46e5-b490-448b-83c2-a98764fcef26', CURRENT_TIMESTAMP, '00000000000', '999999999', NULL, NULL, NULL, NULL, NULL, NULL, FALSE, 'MIDLERTIDIG_LONNSTILSKUDD', DATEADD('HOUR', -2, CURRENT_TIMESTAMP), NULL, NULL, NULL, NULL, FALSE, 31, NULL, NULL, FALSE, NULL, NULL, NULL, NULL, FALSE, UUID 'a17a6fa1-fd48-43a6-a6e7-e6aea5a60127', NULL, 'ARBEIDSGIVER'),
                                  (UUID 'f4687669-0192-4911-8415-fc2719163e9d', CURRENT_TIMESTAMP, '00000000000', '999999999', NULL, NULL, NULL, NULL, NULL, NULL, FALSE, 'VARIG_LONNSTILSKUDD', DATEADD('HOUR', -2, CURRENT_TIMESTAMP), NULL, NULL, NULL, NULL, FALSE, 32, NULL, NULL, FALSE, NULL, NULL, NULL, NULL, FALSE, UUID '09d19337-6676-4cd5-a288-1e88fcb2ba11', NULL, 'ARBEIDSGIVER'),
                                  (UUID '751ab1a8-4cab-4412-b494-c2bf742eb132', CURRENT_TIMESTAMP, '00000000000', '999999999', NULL, 'Z123456', NULL, NULL, NULL, NULL, FALSE, 'VARIG_LONNSTILSKUDD', DATEADD('HOUR', -2, CURRENT_TIMESTAMP), NULL, NULL, '0906', NULL, FALSE, 33, NULL, NULL, FALSE, NULL, 'Oslo gamlebyen', 'VARIG_TILPASSET_INNSATS', NULL, FALSE, UUID 'dab99180-10f2-47a9-9dcf-5a51f3e8841a', NULL, 'VEILEDER');
INSERT INTO "AVTALE" VALUES
    (UUID '25a19073-518f-4df9-94ab-50fa1a5b0d35', CURRENT_TIMESTAMP, '00000000000', '999999999', NULL, 'Z123456', NULL, NULL, NULL, NULL, FALSE, 'VTAO', DATEADD('HOUR', -2, CURRENT_TIMESTAMP), NULL, NULL, '0906', NULL, FALSE, 34, NULL, NULL, FALSE, NULL, 'Oslo gamlebyen', NULL, NULL, FALSE, UUID 'ff3d634e-fb4e-4f24-96c0-147125fcc840', NULL, 'VEILEDER');
CREATE TABLE "ARBEIDSGIVER_NOTIFIKASJON"(
                                                            "ID" UUID NOT NULL,
                                                            "TIDSPUNKT" TIMESTAMP DEFAULT LOCALTIMESTAMP NOT NULL,
                                                            "AVTALE_ID" UUID,
                                                            "HENDELSE_TYPE" CHARACTER VARYING,
                                                            "VIRKSOMHETSNUMMER" CHARACTER VARYING,
                                                            "LENKE" CHARACTER VARYING,
                                                            "SERVICE_CODE" INTEGER,
                                                            "SERVICE_EDITION" INTEGER,
                                                            "VARSEL_SENDT_VELLYKKET" BOOLEAN,
                                                            "STATUS_RESPONSE" CHARACTER VARYING,
                                                            "NOTIFIKASJON_AKTIV" BOOLEAN,
                                                            "NOTIFIKASJON_REFERANSE_ID" CHARACTER VARYING,
                                                            "OPERASJON_TYPE" CHARACTER VARYING
);
ALTER TABLE "ARBEIDSGIVER_NOTIFIKASJON" ADD CONSTRAINT "CONSTRAINT_93" PRIMARY KEY("ID");
-- 0 +/- SELECT COUNT(*) FROM PUBLIC.ARBEIDSGIVER_NOTIFIKASJON;
CREATE TABLE "ARENA_RYDDE_AVTALE"(
                                                     "ID" UUID NOT NULL,
                                                     "AVTALE" UUID,
                                                     "MIGRERINGSDATO" DATE
);
ALTER TABLE "ARENA_RYDDE_AVTALE" ADD CONSTRAINT "CONSTRAINT_5" PRIMARY KEY("ID");
-- 0 +/- SELECT COUNT(*) FROM PUBLIC.ARENA_RYDDE_AVTALE;
CREATE TABLE U&"TILSKUDD_PERIODE_AVSLAGS\00c5RSAKER"(
    "TILSKUDD_PERIODE_ID" UUID NOT NULL,
    U&"AVSLAGS\00c5RSAKER" CHARACTER VARYING NOT NULL
);
ALTER TABLE U&"TILSKUDD_PERIODE_AVSLAGS\00c5RSAKER" ADD CONSTRAINT "CONSTRAINT_293" PRIMARY KEY("TILSKUDD_PERIODE_ID", U&"AVSLAGS\00c5RSAKER");
-- 0 +/- SELECT COUNT(*) FROM PUBLIC.U&"TILSKUDD_PERIODE_AVSLAGS\00c5RSAKER";
CREATE TABLE "IKKE_I_BRUK_BJELLE_VARSEL"(
                                                            "ID" UUID NOT NULL,
                                                            "VARSLBAR_HENDELSE" UUID,
                                                            "LEST" BOOLEAN,
                                                            "IDENTIFIKATOR" CHARACTER VARYING(11),
                                                            "VARSLINGSTEKST" CHARACTER VARYING,
                                                            "AVTALE_ID" UUID,
                                                            "TIDSPUNKT" TIMESTAMP DEFAULT LOCALTIMESTAMP NOT NULL,
                                                            "VARSLBAR_HENDELSE_TYPE" CHARACTER VARYING
);
ALTER TABLE "IKKE_I_BRUK_BJELLE_VARSEL" ADD CONSTRAINT "CONSTRAINT_9" PRIMARY KEY("ID");
-- 0 +/- SELECT COUNT(*) FROM PUBLIC.IKKE_I_BRUK_BJELLE_VARSEL;
CREATE TABLE "DVH_MELDING"(
                                              "MELDING_ID" UUID NOT NULL,
                                              "AVTALE_ID" UUID,
                                              "TIDSPUNKT" TIMESTAMP,
                                              "TILTAK_STATUS" CHARACTER VARYING,
                                              "JSON" CHARACTER VARYING,
                                              "SENDT" BOOLEAN DEFAULT FALSE NOT NULL
);
ALTER TABLE "DVH_MELDING" ADD CONSTRAINT "CONSTRAINT_40" PRIMARY KEY("MELDING_ID");
-- 1 +/- SELECT COUNT(*) FROM PUBLIC.DVH_MELDING;
INSERT INTO "DVH_MELDING" VALUES
    (UUID 'b4992447-c2d5-4a1c-8fde-3b7a1bd62e39', UUID '44e38ddb-e4ab-4b47-b396-cf0b1d181627', CURRENT_TIMESTAMP, U&'GJENNOMF\00d8RES', U&'{"meldingId": "b4992447-c2d5-4a1c-8fde-3b7a1bd62e39", "tidspunkt": "2024-10-02T06:08:48.151Z", "hendelseType": "ENDRET", "utfortAv": "Q987654", "avtaleId": "44e38ddb-e4ab-4b47-b396-cf0b1d181627", "avtaleInnholdId": "fca8d58c-3516-4b09-a398-0f744a6aa887", "journalpostId": null, "tiltakstype": "ARBEIDSTRENING", "tiltakskodeArena": "ARBTREN", "tiltakStatus": "GJENNOMF\00d8RES", "deltakerFnr": "00000000000", "bedriftNr": "999999999", "harFamilietilknytning": null, "veilederNavIdent": "Z123456", "startDato": "2024-10-02", "sluttDato": "2025-10-01", "stillingprosent": 50, "antallDagerPerUke": 5, "maal": null, "stillingstype": null, "stillingstittel": "Butikkbetjent", "stillingStyrk08": 5223, "stillingKonseptId": 112968, "lonnstilskuddProsent": null, "manedslonn": null, "feriepengesats": null, "feriepengerBelop": null, "arbeidsgiveravgift": null, "arbeidsgiveravgiftBelop": null, "otpSats": null, "otpBelop": null, "sumLonnsutgifter": null, "sumLonnstilskudd": null, "sumLonnstilskuddRedusert": null, "datoForRedusertProsent": null, "godkjentPaVegneAv": false, "ikkeBankId": false, "reservert": false, "digitalKompetanse": false, "arenaMigreringDeltaker": false, "godkjentAvDeltaker": "2024-10-02T06:08:48.142Z", "godkjentAvArbeidsgiver": "2024-10-02T06:08:48.142Z", "godkjentAvVeileder": "2024-10-02T06:08:48.142Z", "godkjentAvBeslutter": null, "avtaleInngaatt": "2024-10-02T06:08:48.142Z", "enhetOppfolging": null, "enhetGeografisk": null, "opprettetAvArbeidsgiver": false, "annullertTidspunkt": null, "annullertGrunn": null, "master": false}', FALSE);
CREATE TABLE "FILTER_SOK"(
                                             "SOK_ID" CHARACTER VARYING NOT NULL,
                                             "SIST_SOKT_TIDSPUNKT" TIMESTAMP NOT NULL,
                                             "QUERY_PARAMETRE" CHARACTER VARYING NOT NULL,
                                             "ANTALL_GANGER_SOKT" INTEGER NOT NULL
);
ALTER TABLE "FILTER_SOK" ADD CONSTRAINT "CONSTRAINT_C" PRIMARY KEY("SOK_ID");
-- 0 +/- SELECT COUNT(*) FROM PUBLIC.FILTER_SOK;
CREATE TABLE "VTAO"(
                                       "ID" UUID NOT NULL,
                                       "FADDER_FORNAVN" CHARACTER VARYING(255),
                                       "FADDER_ETTERNAVN" CHARACTER VARYING(255),
                                       "FADDER_TLF" CHARACTER VARYING(255),
                                       "AVTALE_INNHOLD_ID" UUID NOT NULL
);
ALTER TABLE "VTAO" ADD CONSTRAINT "CONSTRAINT_28" PRIMARY KEY("ID");
-- 1 +/- SELECT COUNT(*) FROM PUBLIC.VTAO;
INSERT INTO "VTAO" VALUES
    (UUID 'dd97fc7b-f910-4093-8fc8-0e6017f9034c', 'Frank', 'Fadder', '12345678', UUID 'ff3d634e-fb4e-4f24-96c0-147125fcc840');
CREATE TABLE "TILSKUDD_PERIODE"(
                                                   "ID" UUID NOT NULL,
                                                   U&"BEL\00d8P" INTEGER,
                                                   "START_DATO" DATE,
                                                   "SLUTT_DATO" DATE,
                                                   "GODKJENT_AV_NAV_IDENT" CHARACTER VARYING,
                                                   "GODKJENT_TIDSPUNKT" TIMESTAMP,
                                                   "STATUS" CHARACTER VARYING,
                                                   "AVSLAGSFORKLARING" CHARACTER VARYING,
                                                   U&"AVSL\00c5TT_AV_NAV_IDENT" CHARACTER VARYING,
                                                   U&"AVSL\00c5TT_TIDSPUNKT" TIMESTAMP,
                                                   "LONNSTILSKUDD_PROSENT" INTEGER DEFAULT 0,
                                                   "AVTALE_ID" UUID,
                                                   U&"L\00d8PENUMMER" INTEGER,
                                                   "AKTIV" BOOLEAN DEFAULT TRUE NOT NULL,
                                                   "ENHET" CHARACTER VARYING(4),
                                                   "ENHETSNAVN" CHARACTER VARYING,
                                                   "REFUSJON_STATUS" CHARACTER VARYING
);
ALTER TABLE "TILSKUDD_PERIODE" ADD CONSTRAINT "CONSTRAINT_8" PRIMARY KEY("ID");
-- 110 +/- SELECT COUNT(*) FROM PUBLIC.TILSKUDD_PERIODE;
INSERT INTO "TILSKUDD_PERIODE" VALUES
                                            (UUID 'bd924226-1637-400a-9155-2bf3e8037f20', 16085, CURRENT_DATE, LAST_DAY(CURRENT_DATE), NULL, NULL, 'UBEHANDLET', NULL, NULL, NULL, 40, UUID '1c626e26-d9b5-48a9-a285-3cc94f833de7', 1, TRUE, NULL, NULL, NULL),
                                            (UUID '156dc628-6d7a-4d3f-bc53-51fc4bc9f02f', 16320, DATEADD(dd, -(DAY(DATEADD(m,1,CURRENT_DATE))-1), DATEADD(m,1,CURRENT_DATE)), LAST_DAY(DATEADD('MONTH', 1, CURRENT_DATE)), NULL, NULL, 'UBEHANDLET', NULL, NULL, NULL, 40, UUID '1c626e26-d9b5-48a9-a285-3cc94f833de7', 2, TRUE, NULL, NULL, NULL),
                                            (UUID '15825c4a-8c29-41fc-9230-56d65ef3fcbd', 16320, DATEADD(dd, -(DAY(DATEADD(m,1,CURRENT_DATE))-1), DATEADD(m,2,CURRENT_DATE)), LAST_DAY(DATEADD('MONTH', 2, CURRENT_DATE)), NULL, NULL, 'UBEHANDLET', NULL, NULL, NULL, 40, UUID '1c626e26-d9b5-48a9-a285-3cc94f833de7', 3, TRUE, NULL, NULL, NULL),
                                            (UUID 'e4cc41b4-d93e-4f83-8acd-6011c613de54', 16320, DATEADD(dd, -(DAY(DATEADD(m,1,CURRENT_DATE))-1), DATEADD(m,3,CURRENT_DATE)), LAST_DAY(DATEADD('MONTH', 3, CURRENT_DATE)), NULL, NULL, 'UBEHANDLET', NULL, NULL, NULL, 40, UUID '1c626e26-d9b5-48a9-a285-3cc94f833de7', 4, TRUE, NULL, NULL, NULL),
                                            (UUID '5e5ad1e5-939d-4d23-83fc-bcf05cb22326', 16320, DATEADD(dd, -(DAY(DATEADD(m,1,CURRENT_DATE))-1), DATEADD(m,4,CURRENT_DATE)), LAST_DAY(DATEADD('MONTH', 4, CURRENT_DATE)), NULL, NULL, 'UBEHANDLET', NULL, NULL, NULL, 40, UUID '1c626e26-d9b5-48a9-a285-3cc94f833de7', 5, TRUE, NULL, NULL, NULL),
                                            (UUID '3513aed2-0b1e-436d-a2fa-921bba492d28', 16320, DATEADD(dd, -(DAY(DATEADD(m,1,CURRENT_DATE))-1), DATEADD(m,5,CURRENT_DATE)), LAST_DAY(DATEADD('MONTH', 5, CURRENT_DATE)), NULL, NULL, 'UBEHANDLET', NULL, NULL, NULL, 40, UUID '1c626e26-d9b5-48a9-a285-3cc94f833de7', 6, TRUE, NULL, NULL, NULL),
                                            (UUID '87ccf4b1-7363-4c10-9e28-1d49ff04d1b1', 536, DATEADD(dd, -(DAY(DATEADD(m,1,CURRENT_DATE))-1), DATEADD(m,6,CURRENT_DATE)), DATEADD(dd, -(DAY(DATEADD(m,1,CURRENT_DATE))-1), DATEADD(m,6,CURRENT_DATE)), NULL, NULL, 'UBEHANDLET', NULL, NULL, NULL, 40, UUID '1c626e26-d9b5-48a9-a285-3cc94f833de7', 7, TRUE, NULL, NULL, NULL),
                                            (UUID 'b4e2fa10-b23c-44f1-807e-6dc0206e53a9', 11662, DATEADD(dd, -(DAY(DATEADD(m,1,CURRENT_DATE))-2), DATEADD(m,6,CURRENT_DATE)), LAST_DAY(DATEADD('MONTH', 6, CURRENT_DATE)), NULL, NULL, 'UBEHANDLET', NULL, NULL, NULL, 30, UUID '1c626e26-d9b5-48a9-a285-3cc94f833de7', 8, TRUE, NULL, NULL, NULL),
                                            (UUID 'b3002c9f-40a4-4890-af75-70804b0cf6bc', 12240, DATEADD(dd, -(DAY(DATEADD(m,1,CURRENT_DATE))-1), DATEADD(m,7,CURRENT_DATE)), LAST_DAY(DATEADD('MONTH', 7, CURRENT_DATE)), NULL, NULL, 'UBEHANDLET', NULL, NULL, NULL, 30, UUID '1c626e26-d9b5-48a9-a285-3cc94f833de7', 9, TRUE, NULL, NULL, NULL),
                                            (UUID '9dc2b8be-3ec1-4697-90dc-15774b38914c', 12240, DATEADD(dd, -(DAY(DATEADD(m,1,CURRENT_DATE))-1), DATEADD(m,8,CURRENT_DATE)), LAST_DAY(DATEADD('MONTH', 8, CURRENT_DATE)), NULL, NULL, 'UBEHANDLET', NULL, NULL, NULL, 30, UUID '1c626e26-d9b5-48a9-a285-3cc94f833de7', 10, TRUE, NULL, NULL, NULL),
                                            (UUID 'd53f884b-a0fc-4f4b-a410-a11e4f816d58', 12240, DATEADD(dd, -(DAY(DATEADD(m,1,CURRENT_DATE))-1), DATEADD(m,9,CURRENT_DATE)), LAST_DAY(DATEADD('MONTH', 9, CURRENT_DATE)), NULL, NULL, 'UBEHANDLET', NULL, NULL, NULL, 30, UUID '1c626e26-d9b5-48a9-a285-3cc94f833de7', 11, TRUE, NULL, NULL, NULL),
                                            (UUID '00170f8e-79a9-43f4-96d7-2b4580b00900', 12240, DATEADD(dd, -(DAY(DATEADD(m,1,CURRENT_DATE))-1), DATEADD(m,10,CURRENT_DATE)), LAST_DAY(DATEADD('MONTH', 10, CURRENT_DATE)), NULL, NULL, 'UBEHANDLET', NULL, NULL, NULL, 30, UUID '1c626e26-d9b5-48a9-a285-3cc94f833de7', 12, TRUE, NULL, NULL, NULL),
                                            (UUID 'd5119394-4c87-4952-bd8d-c1410e3244a2', 12240, DATEADD(dd, -(DAY(DATEADD(m,1,CURRENT_DATE))-1), DATEADD(m,11,CURRENT_DATE)), LAST_DAY(DATEADD('MONTH', 11, CURRENT_DATE)), NULL, NULL, 'UBEHANDLET', NULL, NULL, NULL, 30, UUID '1c626e26-d9b5-48a9-a285-3cc94f833de7', 13, TRUE, NULL, NULL, NULL),
                                            (UUID '61262e68-991a-4ce2-ab0c-cc6e1fa5f273', 402, DATEADD(dd, -(DAY(DATEADD(m,1,CURRENT_DATE))-1), DATEADD(m,12,CURRENT_DATE)), DATEADD(dd, -(DAY(DATEADD(m,1,CURRENT_DATE))-1), DATEADD(m,12,CURRENT_DATE)), NULL, NULL, 'UBEHANDLET', NULL, NULL, NULL, 30, UUID '1c626e26-d9b5-48a9-a285-3cc94f833de7', 14, TRUE, NULL, NULL, NULL),
                                            (UUID '218238b4-d4a9-4a10-9129-6d453fb60f91', 16085, CURRENT_DATE, LAST_DAY(CURRENT_DATE), NULL, NULL, 'UBEHANDLET', NULL, NULL, NULL, 40, UUID 'd15835a4-7fbb-4bb2-9380-9469d90f5982', 1, TRUE, NULL, NULL, NULL),
                                            (UUID '2bd84922-f2bd-4ec2-bbef-cd49aebc58bd', 16320, DATEADD(dd, -(DAY(DATEADD(m,1,CURRENT_DATE))-1), DATEADD(m,1,CURRENT_DATE)), LAST_DAY(DATEADD('MONTH', 1, CURRENT_DATE)), NULL, NULL, 'UBEHANDLET', NULL, NULL, NULL, 40, UUID 'd15835a4-7fbb-4bb2-9380-9469d90f5982', 2, TRUE, NULL, NULL, NULL),
                                            (UUID 'd26de236-bccf-4e81-9253-64c9d5ba9b5c', 16320, DATEADD(dd, -(DAY(DATEADD(m,1,CURRENT_DATE))-1), DATEADD(m,2,CURRENT_DATE)), LAST_DAY(DATEADD('MONTH', 2, CURRENT_DATE)), NULL, NULL, 'UBEHANDLET', NULL, NULL, NULL, 40, UUID 'd15835a4-7fbb-4bb2-9380-9469d90f5982', 3, TRUE, NULL, NULL, NULL),
                                            (UUID 'ab8568d0-653c-47fc-bcbd-1a88306f4da2', 16320, DATEADD(dd, -(DAY(DATEADD(m,1,CURRENT_DATE))-1), DATEADD(m,3,CURRENT_DATE)), LAST_DAY(DATEADD('MONTH', 3, CURRENT_DATE)), NULL, NULL, 'UBEHANDLET', NULL, NULL, NULL, 40, UUID 'd15835a4-7fbb-4bb2-9380-9469d90f5982', 4, TRUE, NULL, NULL, NULL),
                                            (UUID '12cfd9a4-3239-4db9-bc05-a1210cae35f8', 16320, DATEADD(dd, -(DAY(DATEADD(m,1,CURRENT_DATE))-1), DATEADD(m,4,CURRENT_DATE)), LAST_DAY(DATEADD('MONTH', 4, CURRENT_DATE)), NULL, NULL, 'UBEHANDLET', NULL, NULL, NULL, 40, UUID 'd15835a4-7fbb-4bb2-9380-9469d90f5982', 5, TRUE, NULL, NULL, NULL),
                                            (UUID 'b67d810e-cbfc-46db-98a9-2e43a4788674', 16320, DATEADD(dd, -(DAY(DATEADD(m,1,CURRENT_DATE))-1), DATEADD(m,5,CURRENT_DATE)), LAST_DAY(DATEADD('MONTH', 5, CURRENT_DATE)), NULL, NULL, 'UBEHANDLET', NULL, NULL, NULL, 40, UUID 'd15835a4-7fbb-4bb2-9380-9469d90f5982', 6, TRUE, NULL, NULL, NULL);
INSERT INTO "TILSKUDD_PERIODE" VALUES
                                            (UUID 'bafe06e4-1a8b-45d4-b16e-ec9e6ba075c9', 536, DATEADD(dd, -(DAY(DATEADD(m,1,CURRENT_DATE))-1), DATEADD(m,6,CURRENT_DATE)), DATEADD(dd, -(DAY(DATEADD(m,1,CURRENT_DATE))-1), DATEADD(m,6,CURRENT_DATE)), NULL, NULL, 'UBEHANDLET', NULL, NULL, NULL, 40, UUID 'd15835a4-7fbb-4bb2-9380-9469d90f5982', 7, TRUE, NULL, NULL, NULL),
                                            (UUID 'd1cb9d84-eaa4-40b3-bdf4-d183cf19dcc0', 11662, DATEADD(dd, -(DAY(DATEADD(m,1,CURRENT_DATE))-2), DATEADD(m,6,CURRENT_DATE)), LAST_DAY(DATEADD('MONTH', 6, CURRENT_DATE)), NULL, NULL, 'UBEHANDLET', NULL, NULL, NULL, 30, UUID 'd15835a4-7fbb-4bb2-9380-9469d90f5982', 8, TRUE, NULL, NULL, NULL),
                                            (UUID 'cf0ea8e4-a739-4271-b638-46a23d25ee48', 12240, DATEADD(dd, -(DAY(DATEADD(m,1,CURRENT_DATE))-1), DATEADD(m,7,CURRENT_DATE)), LAST_DAY(DATEADD('MONTH', 7, CURRENT_DATE)), NULL, NULL, 'UBEHANDLET', NULL, NULL, NULL, 30, UUID 'd15835a4-7fbb-4bb2-9380-9469d90f5982', 9, TRUE, NULL, NULL, NULL),
                                            (UUID '8cd6be34-3cf8-42f9-8c8e-8368b0ce72f0', 12240, DATEADD(dd, -(DAY(DATEADD(m,1,CURRENT_DATE))-1), DATEADD(m,8,CURRENT_DATE)), LAST_DAY(DATEADD('MONTH', 8, CURRENT_DATE)), NULL, NULL, 'UBEHANDLET', NULL, NULL, NULL, 30, UUID 'd15835a4-7fbb-4bb2-9380-9469d90f5982', 10, TRUE, NULL, NULL, NULL),
                                            (UUID '17ff2739-a4f1-4189-bbb3-df9fac1050fb', 12240, DATEADD(dd, -(DAY(DATEADD(m,1,CURRENT_DATE))-1), DATEADD(m,9,CURRENT_DATE)), LAST_DAY(DATEADD('MONTH', 9, CURRENT_DATE)), NULL, NULL, 'UBEHANDLET', NULL, NULL, NULL, 30, UUID 'd15835a4-7fbb-4bb2-9380-9469d90f5982', 11, TRUE, NULL, NULL, NULL),
                                            (UUID '678a75d4-e80d-42e8-b6dc-57a70b643e68', 12240, DATEADD(dd, -(DAY(DATEADD(m,1,CURRENT_DATE))-1), DATEADD(m,10,CURRENT_DATE)), LAST_DAY(DATEADD('MONTH', 10, CURRENT_DATE)), NULL, NULL, 'UBEHANDLET', NULL, NULL, NULL, 30, UUID 'd15835a4-7fbb-4bb2-9380-9469d90f5982', 12, TRUE, NULL, NULL, NULL),
                                            (UUID 'f482d4da-a31d-459f-b87b-0f79cfc0311c', 12240, DATEADD(dd, -(DAY(DATEADD(m,1,CURRENT_DATE))-1), DATEADD(m,11,CURRENT_DATE)), LAST_DAY(DATEADD('MONTH', 11, CURRENT_DATE)), NULL, NULL, 'UBEHANDLET', NULL, NULL, NULL, 30, UUID 'd15835a4-7fbb-4bb2-9380-9469d90f5982', 13, TRUE, NULL, NULL, NULL),
                                            (UUID '702cb44a-2719-40bb-94a4-250f64205828', 402, DATEADD(dd, -(DAY(DATEADD(m,1,CURRENT_DATE))-1), DATEADD(m,12,CURRENT_DATE)), DATEADD(dd, -(DAY(DATEADD(m,1,CURRENT_DATE))-1), DATEADD(m,12,CURRENT_DATE)), NULL, NULL, 'UBEHANDLET', NULL, NULL, NULL, 30, UUID 'd15835a4-7fbb-4bb2-9380-9469d90f5982', 14, TRUE, NULL, NULL, NULL),
                                            (UUID 'd93fc9e3-3acd-43ea-9c20-a4823c75368e', 16085, CURRENT_DATE, LAST_DAY(CURRENT_DATE), NULL, NULL, 'UBEHANDLET', NULL, NULL, NULL, 40, UUID '9b811734-1103-44b9-a3ac-0bc3fbcf4166', 1, TRUE, NULL, NULL, NULL),
                                            (UUID 'f86c503e-5daf-40c3-8b9e-0c92965387de', 16320, DATEADD(dd, -(DAY(DATEADD(m,1,CURRENT_DATE))-1), DATEADD(m,1,CURRENT_DATE)), LAST_DAY(DATEADD('MONTH', 1, CURRENT_DATE)), NULL, NULL, 'UBEHANDLET', NULL, NULL, NULL, 40, UUID '9b811734-1103-44b9-a3ac-0bc3fbcf4166', 2, TRUE, NULL, NULL, NULL),
                                            (UUID 'b499438c-7ecc-40a8-877b-739932dcf617', 16320, DATEADD(dd, -(DAY(DATEADD(m,1,CURRENT_DATE))-1), DATEADD(m,2,CURRENT_DATE)), LAST_DAY(DATEADD('MONTH', 2, CURRENT_DATE)), NULL, NULL, 'UBEHANDLET', NULL, NULL, NULL, 40, UUID '9b811734-1103-44b9-a3ac-0bc3fbcf4166', 3, TRUE, NULL, NULL, NULL),
                                            (UUID 'd6044e29-c27c-430b-a18a-9f663a82a923', 16320, DATEADD(dd, -(DAY(DATEADD(m,1,CURRENT_DATE))-1), DATEADD(m,3,CURRENT_DATE)), LAST_DAY(DATEADD('MONTH', 3, CURRENT_DATE)), NULL, NULL, 'UBEHANDLET', NULL, NULL, NULL, 40, UUID '9b811734-1103-44b9-a3ac-0bc3fbcf4166', 4, TRUE, NULL, NULL, NULL),
                                            (UUID 'a3989d8f-6af5-47c0-820c-6c9271f9bfb5', 16320, DATEADD(dd, -(DAY(DATEADD(m,1,CURRENT_DATE))-1), DATEADD(m,4,CURRENT_DATE)), LAST_DAY(DATEADD('MONTH', 4, CURRENT_DATE)), NULL, NULL, 'UBEHANDLET', NULL, NULL, NULL, 40, UUID '9b811734-1103-44b9-a3ac-0bc3fbcf4166', 5, TRUE, NULL, NULL, NULL),
                                            (UUID 'c9f4a010-4214-4c62-912b-260fe313da80', 16320, DATEADD(dd, -(DAY(DATEADD(m,1,CURRENT_DATE))-1), DATEADD(m,5,CURRENT_DATE)), LAST_DAY(DATEADD('MONTH', 5, CURRENT_DATE)), NULL, NULL, 'UBEHANDLET', NULL, NULL, NULL, 40, UUID '9b811734-1103-44b9-a3ac-0bc3fbcf4166', 6, TRUE, NULL, NULL, NULL),
                                            (UUID 'cbc1228a-0b2a-4154-a092-a065fa3e87cc', 536, DATEADD(dd, -(DAY(DATEADD(m,1,CURRENT_DATE))-1), DATEADD(m,6,CURRENT_DATE)), DATEADD(dd, -(DAY(DATEADD(m,1,CURRENT_DATE))-1), DATEADD(m,6,CURRENT_DATE)), NULL, NULL, 'UBEHANDLET', NULL, NULL, NULL, 40, UUID '9b811734-1103-44b9-a3ac-0bc3fbcf4166', 7, TRUE, NULL, NULL, NULL),
                                            (UUID '94653139-9f4e-4f1e-9d32-f6135e2fd328', 11662, DATEADD(dd, -(DAY(DATEADD(m,1,CURRENT_DATE))-2), DATEADD(m,6,CURRENT_DATE)), LAST_DAY(DATEADD('MONTH', 6, CURRENT_DATE)), NULL, NULL, 'UBEHANDLET', NULL, NULL, NULL, 30, UUID '9b811734-1103-44b9-a3ac-0bc3fbcf4166', 8, TRUE, NULL, NULL, NULL),
                                            (UUID '78a2bff2-934f-481c-bef5-fbf7ac65ee8c', 12240, DATEADD(dd, -(DAY(DATEADD(m,1,CURRENT_DATE))-1), DATEADD(m,7,CURRENT_DATE)), LAST_DAY(DATEADD('MONTH', 7, CURRENT_DATE)), NULL, NULL, 'UBEHANDLET', NULL, NULL, NULL, 30, UUID '9b811734-1103-44b9-a3ac-0bc3fbcf4166', 9, TRUE, NULL, NULL, NULL),
                                            (UUID '29f358dc-d8df-4ce3-8a37-93c81351e68f', 12240, DATEADD(dd, -(DAY(DATEADD(m,1,CURRENT_DATE))-1), DATEADD(m,8,CURRENT_DATE)), LAST_DAY(DATEADD('MONTH', 8, CURRENT_DATE)), NULL, NULL, 'UBEHANDLET', NULL, NULL, NULL, 30, UUID '9b811734-1103-44b9-a3ac-0bc3fbcf4166', 10, TRUE, NULL, NULL, NULL),
                                            (UUID '89dc8bbd-42dc-4b75-ac75-f362710130cc', 12240, DATEADD(dd, -(DAY(DATEADD(m,1,CURRENT_DATE))-1), DATEADD(m,9,CURRENT_DATE)), LAST_DAY(DATEADD('MONTH', 9, CURRENT_DATE)), NULL, NULL, 'UBEHANDLET', NULL, NULL, NULL, 30, UUID '9b811734-1103-44b9-a3ac-0bc3fbcf4166', 11, TRUE, NULL, NULL, NULL),
                                            (UUID '8b5f489b-28df-4268-9afa-14d573a6cfef', 12240, DATEADD(dd, -(DAY(DATEADD(m,1,CURRENT_DATE))-1), DATEADD(m,10,CURRENT_DATE)), LAST_DAY(DATEADD('MONTH', 10, CURRENT_DATE)), NULL, NULL, 'UBEHANDLET', NULL, NULL, NULL, 30, UUID '9b811734-1103-44b9-a3ac-0bc3fbcf4166', 12, TRUE, NULL, NULL, NULL);
INSERT INTO "TILSKUDD_PERIODE" VALUES
                                            (UUID '2383fd93-c821-48e9-a393-ac4e9573f1e9', 12240, DATEADD(dd, -(DAY(DATEADD(m,1,CURRENT_DATE))-1), DATEADD(m,11,CURRENT_DATE)), LAST_DAY(DATEADD('MONTH', 11, CURRENT_DATE)), NULL, NULL, 'UBEHANDLET', NULL, NULL, NULL, 30, UUID '9b811734-1103-44b9-a3ac-0bc3fbcf4166', 13, TRUE, NULL, NULL, NULL),
                                            (UUID '3434279a-8f89-4ccf-92c3-ee1828ec8ac3', 402, DATEADD(dd, -(DAY(DATEADD(m,1,CURRENT_DATE))-1), DATEADD(m,12,CURRENT_DATE)), DATEADD(dd, -(DAY(DATEADD(m,1,CURRENT_DATE))-1), DATEADD(m,12,CURRENT_DATE)), NULL, NULL, 'UBEHANDLET', NULL, NULL, NULL, 30, UUID '9b811734-1103-44b9-a3ac-0bc3fbcf4166', 14, TRUE, NULL, NULL, NULL),
                                            (UUID '492f6678-3664-4021-9a33-dfc6f8086dee', 16085, CURRENT_DATE, LAST_DAY(CURRENT_DATE), NULL, NULL, 'UBEHANDLET', NULL, NULL, NULL, 40, UUID 'f742d746-92fe-4b51-b546-1526bba49853', 1, TRUE, NULL, NULL, NULL),
                                            (UUID '15a4b8a1-07a3-4811-9032-5af3b6e87ccb', 16320, DATEADD(dd, -(DAY(DATEADD(m,1,CURRENT_DATE))-1), DATEADD(m,1,CURRENT_DATE)), LAST_DAY(DATEADD('MONTH', 1, CURRENT_DATE)), NULL, NULL, 'UBEHANDLET', NULL, NULL, NULL, 40, UUID 'f742d746-92fe-4b51-b546-1526bba49853', 2, TRUE, NULL, NULL, NULL),
                                            (UUID 'ec3ac66b-9b34-40a4-895b-655ec4da63a4', 16320, DATEADD(dd, -(DAY(DATEADD(m,1,CURRENT_DATE))-1), DATEADD(m,2,CURRENT_DATE)), LAST_DAY(DATEADD('MONTH', 2, CURRENT_DATE)), NULL, NULL, 'UBEHANDLET', NULL, NULL, NULL, 40, UUID 'f742d746-92fe-4b51-b546-1526bba49853', 3, TRUE, NULL, NULL, NULL),
                                            (UUID '266b6d43-1ed7-4b78-a8cf-4baf959b4992', 16320, DATEADD(dd, -(DAY(DATEADD(m,1,CURRENT_DATE))-1), DATEADD(m,3,CURRENT_DATE)), LAST_DAY(DATEADD('MONTH', 3, CURRENT_DATE)), NULL, NULL, 'UBEHANDLET', NULL, NULL, NULL, 40, UUID 'f742d746-92fe-4b51-b546-1526bba49853', 4, TRUE, NULL, NULL, NULL),
                                            (UUID '4c5628b9-311b-4b75-a872-f499be7f3223', 16320, DATEADD(dd, -(DAY(DATEADD(m,1,CURRENT_DATE))-1), DATEADD(m,4,CURRENT_DATE)), LAST_DAY(DATEADD('MONTH', 4, CURRENT_DATE)), NULL, NULL, 'UBEHANDLET', NULL, NULL, NULL, 40, UUID 'f742d746-92fe-4b51-b546-1526bba49853', 5, TRUE, NULL, NULL, NULL),
                                            (UUID '0be6a2a5-d095-478f-a5b0-8e72ade35894', 16320, DATEADD(dd, -(DAY(DATEADD(m,1,CURRENT_DATE))-1), DATEADD(m,5,CURRENT_DATE)), LAST_DAY(DATEADD('MONTH', 5, CURRENT_DATE)), NULL, NULL, 'UBEHANDLET', NULL, NULL, NULL, 40, UUID 'f742d746-92fe-4b51-b546-1526bba49853', 6, TRUE, NULL, NULL, NULL),
                                            (UUID '31d3e762-cad6-420e-8e3b-55d22c580324', 536, DATEADD(dd, -(DAY(DATEADD(m,1,CURRENT_DATE))-1), DATEADD(m,6,CURRENT_DATE)), DATEADD(dd, -(DAY(DATEADD(m,1,CURRENT_DATE))-1), DATEADD(m,6,CURRENT_DATE)), NULL, NULL, 'UBEHANDLET', NULL, NULL, NULL, 40, UUID 'f742d746-92fe-4b51-b546-1526bba49853', 7, TRUE, NULL, NULL, NULL),
                                            (UUID '7c563074-d5cf-4f08-a9e6-270ab5c7a571', 11662, DATEADD(dd, -(DAY(DATEADD(m,1,CURRENT_DATE))-2), DATEADD(m,6,CURRENT_DATE)), LAST_DAY(DATEADD('MONTH', 6, CURRENT_DATE)), NULL, NULL, 'UBEHANDLET', NULL, NULL, NULL, 30, UUID 'f742d746-92fe-4b51-b546-1526bba49853', 8, TRUE, NULL, NULL, NULL),
                                            (UUID '899ee8cc-792b-4e88-93ee-ccd28d65c5c7', 12240, DATEADD(dd, -(DAY(DATEADD(m,1,CURRENT_DATE))-1), DATEADD(m,7,CURRENT_DATE)), LAST_DAY(DATEADD('MONTH', 7, CURRENT_DATE)), NULL, NULL, 'UBEHANDLET', NULL, NULL, NULL, 30, UUID 'f742d746-92fe-4b51-b546-1526bba49853', 9, TRUE, NULL, NULL, NULL),
                                            (UUID '766992b9-5edf-4c97-8226-d59aa081a8b0', 12240, DATEADD(dd, -(DAY(DATEADD(m,1,CURRENT_DATE))-1), DATEADD(m,8,CURRENT_DATE)), LAST_DAY(DATEADD('MONTH', 8, CURRENT_DATE)), NULL, NULL, 'UBEHANDLET', NULL, NULL, NULL, 30, UUID 'f742d746-92fe-4b51-b546-1526bba49853', 10, TRUE, NULL, NULL, NULL),
                                            (UUID '1b956928-c627-444b-93fd-ed36b46a653d', 12240, DATEADD(dd, -(DAY(DATEADD(m,1,CURRENT_DATE))-1), DATEADD(m,9,CURRENT_DATE)), LAST_DAY(DATEADD('MONTH', 9, CURRENT_DATE)), NULL, NULL, 'UBEHANDLET', NULL, NULL, NULL, 30, UUID 'f742d746-92fe-4b51-b546-1526bba49853', 11, TRUE, NULL, NULL, NULL),
                                            (UUID 'b55dc447-b9a0-42af-8925-357ee7dec392', 12240, DATEADD(dd, -(DAY(DATEADD(m,1,CURRENT_DATE))-1), DATEADD(m,10,CURRENT_DATE)), LAST_DAY(DATEADD('MONTH', 10, CURRENT_DATE)), NULL, NULL, 'UBEHANDLET', NULL, NULL, NULL, 30, UUID 'f742d746-92fe-4b51-b546-1526bba49853', 12, TRUE, NULL, NULL, NULL),
                                            (UUID '6b8355d7-62dd-44bd-8b07-81eefe6f8eb1', 12240, DATEADD(dd, -(DAY(DATEADD(m,1,CURRENT_DATE))-1), DATEADD(m,11,CURRENT_DATE)), LAST_DAY(DATEADD('MONTH', 11, CURRENT_DATE)), NULL, NULL, 'UBEHANDLET', NULL, NULL, NULL, 30, UUID 'f742d746-92fe-4b51-b546-1526bba49853', 13, TRUE, NULL, NULL, NULL),
                                            (UUID 'f3b18cbb-c113-4efe-ac68-e2adbcc95ffb', 402, DATEADD(dd, -(DAY(DATEADD(m,1,CURRENT_DATE))-1), DATEADD(m,12,CURRENT_DATE)), DATEADD(dd, -(DAY(DATEADD(m,1,CURRENT_DATE))-1), DATEADD(m,12,CURRENT_DATE)), NULL, NULL, 'UBEHANDLET', NULL, NULL, NULL, 30, UUID 'f742d746-92fe-4b51-b546-1526bba49853', 14, TRUE, NULL, NULL, NULL),
                                            (UUID '968b9230-0c18-4605-acf3-10409fb61abd', 5996, DATE '2021-06-01', DATE '2021-06-28', NULL, NULL, 'UBEHANDLET', NULL, NULL, NULL, 50, UUID 'b74876c1-35c7-46e6-9a97-dad0a593a992', 1, TRUE, NULL, NULL, NULL),
                                            (UUID 'e8719b23-f089-4647-8c24-b3054a48303f', 5996, DATE '2021-06-01', DATE '2021-06-28', NULL, NULL, 'UBEHANDLET', NULL, NULL, NULL, 50, UUID 'e3758e31-5304-4fe4-9a50-02d0215fdae9', 1, TRUE, NULL, NULL, NULL),
                                            (UUID '714d772f-2bfd-4d0c-b805-6b6997b3ffa9', 5996, DATE '2021-06-01', DATE '2021-06-28', NULL, NULL, 'UBEHANDLET', NULL, NULL, NULL, 50, UUID 'cfeca708-b400-484b-a081-f293ef8b2cf9', 1, TRUE, NULL, NULL, NULL),
                                            (UUID '850c7d4b-0543-454a-973e-ee9b4805bbba', 24128, CURRENT_DATE, LAST_DAY(CURRENT_DATE), NULL, NULL, 'UBEHANDLET', NULL, NULL, NULL, 60, UUID 'b5edc800-77d9-435d-8016-e12e5dbaeeca', 1, TRUE, NULL, NULL, NULL);
INSERT INTO "TILSKUDD_PERIODE" VALUES
                                            (UUID 'f5a7850b-35fe-4b5d-b0c7-2033fa77d48f', 24480, DATEADD(dd, -(DAY(DATEADD(m,1,CURRENT_DATE))-1), DATEADD(m,1,CURRENT_DATE)), LAST_DAY(DATEADD('MONTH', 1, CURRENT_DATE)), NULL, NULL, 'UBEHANDLET', NULL, NULL, NULL, 60, UUID 'b5edc800-77d9-435d-8016-e12e5dbaeeca', 2, TRUE, NULL, NULL, NULL),
                                            (UUID '1bdd3824-d588-480c-8cc7-4d38223a56c5', 24480, DATEADD(dd, -(DAY(DATEADD(m,1,CURRENT_DATE))-1), DATEADD(m,2,CURRENT_DATE)), LAST_DAY(DATEADD('MONTH', 2, CURRENT_DATE)), NULL, NULL, 'UBEHANDLET', NULL, NULL, NULL, 60, UUID 'b5edc800-77d9-435d-8016-e12e5dbaeeca', 3, TRUE, NULL, NULL, NULL),
                                            (UUID '5a0b449c-663c-4029-bb93-fcf2a9b4828a', 24480, DATEADD(dd, -(DAY(DATEADD(m,1,CURRENT_DATE))-1), DATEADD(m,3,CURRENT_DATE)), LAST_DAY(DATEADD('MONTH', 3, CURRENT_DATE)), NULL, NULL, 'UBEHANDLET', NULL, NULL, NULL, 60, UUID 'b5edc800-77d9-435d-8016-e12e5dbaeeca', 4, TRUE, NULL, NULL, NULL),
                                            (UUID 'c4d4f412-483f-43aa-8c90-ce822ff85ece', 24480, DATEADD(dd, -(DAY(DATEADD(m,1,CURRENT_DATE))-1), DATEADD(m,4,CURRENT_DATE)), LAST_DAY(DATEADD('MONTH', 4, CURRENT_DATE)), NULL, NULL, 'UBEHANDLET', NULL, NULL, NULL, 60, UUID 'b5edc800-77d9-435d-8016-e12e5dbaeeca', 5, TRUE, NULL, NULL, NULL),
                                            (UUID 'fe64d064-2def-4f32-8a9d-8f4442257856', 24480, DATEADD(dd, -(DAY(DATEADD(m,1,CURRENT_DATE))-1), DATEADD(m,5,CURRENT_DATE)), LAST_DAY(DATEADD('MONTH', 5, CURRENT_DATE)), NULL, NULL, 'UBEHANDLET', NULL, NULL, NULL, 60, UUID 'b5edc800-77d9-435d-8016-e12e5dbaeeca', 6, TRUE, NULL, NULL, NULL),
                                            (UUID '1b035c80-c285-4dbc-b766-6fb991097b21', 24480, DATEADD(dd, -(DAY(DATEADD(m,1,CURRENT_DATE))-1), DATEADD(m,6,CURRENT_DATE)), LAST_DAY(DATEADD('MONTH', 6, CURRENT_DATE)), NULL, NULL, 'UBEHANDLET', NULL, NULL, NULL, 60, UUID 'b5edc800-77d9-435d-8016-e12e5dbaeeca', 7, TRUE, NULL, NULL, NULL),
                                            (UUID '41a81793-fc42-40e6-ba50-1207dfbca494', 24480, DATEADD(dd, -(DAY(DATEADD(m,1,CURRENT_DATE))-1), DATEADD(m,7,CURRENT_DATE)), LAST_DAY(DATEADD('MONTH', 7, CURRENT_DATE)), NULL, NULL, 'UBEHANDLET', NULL, NULL, NULL, 60, UUID 'b5edc800-77d9-435d-8016-e12e5dbaeeca', 8, TRUE, NULL, NULL, NULL),
                                            (UUID '6f22aec4-6461-4575-8f91-1163e318faea', 24480, DATEADD(dd, -(DAY(DATEADD(m,1,CURRENT_DATE))-1), DATEADD(m,8,CURRENT_DATE)), LAST_DAY(DATEADD('MONTH', 8, CURRENT_DATE)), NULL, NULL, 'UBEHANDLET', NULL, NULL, NULL, 60, UUID 'b5edc800-77d9-435d-8016-e12e5dbaeeca', 9, TRUE, NULL, NULL, NULL),
                                            (UUID '68c47f70-1472-4327-b4e7-5f95e47adb88', 24480, DATEADD(dd, -(DAY(DATEADD(m,1,CURRENT_DATE))-1), DATEADD(m,9,CURRENT_DATE)), LAST_DAY(DATEADD('MONTH', 9, CURRENT_DATE)), NULL, NULL, 'UBEHANDLET', NULL, NULL, NULL, 60, UUID 'b5edc800-77d9-435d-8016-e12e5dbaeeca', 10, TRUE, NULL, NULL, NULL),
                                            (UUID '8944f526-e547-43b3-9888-d47dc5115aed', 24480, DATEADD(dd, -(DAY(DATEADD(m,1,CURRENT_DATE))-1), DATEADD(m,10,CURRENT_DATE)), LAST_DAY(DATEADD('MONTH', 10, CURRENT_DATE)), NULL, NULL, 'UBEHANDLET', NULL, NULL, NULL, 60, UUID 'b5edc800-77d9-435d-8016-e12e5dbaeeca', 11, TRUE, NULL, NULL, NULL),
                                            (UUID 'f36ccd37-7d6d-4c93-b427-915886005004', 24480, DATEADD(dd, -(DAY(DATEADD(m,1,CURRENT_DATE))-1), DATEADD(m,11,CURRENT_DATE)), LAST_DAY(DATEADD('MONTH', 11, CURRENT_DATE)), NULL, NULL, 'UBEHANDLET', NULL, NULL, NULL, 60, UUID 'b5edc800-77d9-435d-8016-e12e5dbaeeca', 12, TRUE, NULL, NULL, NULL),
                                            (UUID 'd9a2ece5-5439-42b5-87ba-3e6b1b19fbf6', 804, DATEADD(dd, -(DAY(DATEADD(m,1,CURRENT_DATE))-1), DATEADD(m,12,CURRENT_DATE)), DATEADD(dd, -(DAY(DATEADD(m,1,CURRENT_DATE))-1), DATEADD(m,12,CURRENT_DATE)), NULL, NULL, 'UBEHANDLET', NULL, NULL, NULL, 60, UUID 'b5edc800-77d9-435d-8016-e12e5dbaeeca', 13, TRUE, NULL, NULL, NULL),
                                            (UUID '75e3ad31-7803-4d29-b27b-64ac8d9862d7', 24128, DATEADD(dd, -(DAY(DATEADD(m,1,CURRENT_DATE))-1), DATEADD(m,-12,CURRENT_DATE)), LAST_DAY(DATEADD('MONTH', -12, CURRENT_DATE)), NULL, NULL, 'UBEHANDLET', NULL, NULL, NULL, 60, UUID '751ab1a8-4cab-4412-b494-c2bf742eb132', 1, TRUE, NULL, NULL, NULL),
                                            (UUID '94afafad-6452-44f4-86a4-c5355edd727f', 24480, DATEADD(dd, -(DAY(DATEADD(m,1,CURRENT_DATE))-1), DATEADD(m,-11,CURRENT_DATE)), LAST_DAY(DATEADD('MONTH', -11, CURRENT_DATE)), NULL, NULL, 'UBEHANDLET', NULL, NULL, NULL, 60, UUID '751ab1a8-4cab-4412-b494-c2bf742eb132', 2, TRUE, NULL, NULL, NULL),
                                            (UUID 'f541803c-e1ba-4da0-a832-a0c706c6ed68', 24480, DATEADD(dd, -(DAY(DATEADD(m,1,CURRENT_DATE))-1), DATEADD(m,-10,CURRENT_DATE)), LAST_DAY(DATEADD('MONTH', -10, CURRENT_DATE)), NULL, NULL, 'UBEHANDLET', NULL, NULL, NULL, 60, UUID '751ab1a8-4cab-4412-b494-c2bf742eb132', 3, TRUE, NULL, NULL, NULL),
                                            (UUID '8589eb6b-e837-4d34-9f5a-0c89a7519d0c', 24480, DATEADD(dd, -(DAY(DATEADD(m,1,CURRENT_DATE))-1), DATEADD(m,-9,CURRENT_DATE)), LAST_DAY(DATEADD('MONTH', -9, CURRENT_DATE)), NULL, NULL, 'UBEHANDLET', NULL, NULL, NULL, 60, UUID '751ab1a8-4cab-4412-b494-c2bf742eb132', 4, TRUE, NULL, NULL, NULL),
                                            (UUID '9ff440b8-14b7-4ee4-b72b-200af5ad80ad', 24480, DATEADD(dd, -(DAY(DATEADD(m,1,CURRENT_DATE))-1), DATEADD(m,-8,CURRENT_DATE)), LAST_DAY(DATEADD('MONTH', -8, CURRENT_DATE)), NULL, NULL, 'UBEHANDLET', NULL, NULL, NULL, 60, UUID '751ab1a8-4cab-4412-b494-c2bf742eb132', 5, TRUE, NULL, NULL, NULL),
                                            (UUID '5ddb8ab2-06a9-4188-a129-b58fb7054c35', 24480, DATEADD(dd, -(DAY(DATEADD(m,1,CURRENT_DATE))-1), DATEADD(m,-7,CURRENT_DATE)), LAST_DAY(DATEADD('MONTH', -7, CURRENT_DATE)), NULL, NULL, 'UBEHANDLET', NULL, NULL, NULL, 60, UUID '751ab1a8-4cab-4412-b494-c2bf742eb132', 6, TRUE, NULL, NULL, NULL),
                                            (UUID 'e651c89d-72cc-40d0-baa3-1ee26feb566c', 24480, DATEADD(dd, -(DAY(DATEADD(m,1,CURRENT_DATE))-1), DATEADD(m,-6,CURRENT_DATE)), LAST_DAY(DATEADD('MONTH', -6, CURRENT_DATE)), NULL, NULL, 'UBEHANDLET', NULL, NULL, NULL, 60, UUID '751ab1a8-4cab-4412-b494-c2bf742eb132', 7, TRUE, NULL, NULL, NULL),
                                            (UUID 'cabd17ec-9ebc-4be4-87ac-03e72a0e74bd', 24480, DATEADD(dd, -(DAY(DATEADD(m,1,CURRENT_DATE))-1), DATEADD(m,-5,CURRENT_DATE)), LAST_DAY(DATEADD('MONTH',-5, CURRENT_DATE)), NULL, NULL, 'UBEHANDLET', NULL, NULL, NULL, 60, UUID '751ab1a8-4cab-4412-b494-c2bf742eb132', 8, TRUE, NULL, NULL, NULL);
INSERT INTO "TILSKUDD_PERIODE" VALUES
                                            (UUID '2270dd6a-ae36-4c1b-9b5d-358c0f443a53', 24480, DATEADD(dd, -(DAY(DATEADD(m,1,CURRENT_DATE))-1), DATEADD(m,-4,CURRENT_DATE)), LAST_DAY(DATEADD('MONTH', -4, CURRENT_DATE)), NULL, NULL, 'UBEHANDLET', NULL, NULL, NULL, 60, UUID '751ab1a8-4cab-4412-b494-c2bf742eb132', 9, TRUE, NULL, NULL, NULL),
                                            (UUID 'eecbc6e5-8432-4ca0-84b9-5c3b08744579', 24480, DATEADD(dd, -(DAY(DATEADD(m,1,CURRENT_DATE))-1), DATEADD(m,-3,CURRENT_DATE)), LAST_DAY(DATEADD('MONTH', -3, CURRENT_DATE)), NULL, NULL, 'UBEHANDLET', NULL, NULL, NULL, 60, UUID '751ab1a8-4cab-4412-b494-c2bf742eb132', 10, TRUE, NULL, NULL, NULL),
                                            (UUID '719f524d-e570-4e98-8a34-0c63e36b3862', 24480, DATEADD(dd, -(DAY(DATEADD(m,1,CURRENT_DATE))-1), DATEADD(m,-2,CURRENT_DATE)), LAST_DAY(DATEADD('MONTH', -2, CURRENT_DATE)), NULL, NULL, 'UBEHANDLET', NULL, NULL, NULL, 60, UUID '751ab1a8-4cab-4412-b494-c2bf742eb132', 11, TRUE, NULL, NULL, NULL),
                                            (UUID 'de5a66d7-646c-4d6c-a813-9bc5e4eecc51', 24480, DATEADD(dd, -(DAY(DATEADD(m,1,CURRENT_DATE))-1), DATEADD(m,-1,CURRENT_DATE)), LAST_DAY(DATEADD('MONTH', -1, CURRENT_DATE)), NULL, NULL, 'UBEHANDLET', NULL, NULL, NULL, 60, UUID '751ab1a8-4cab-4412-b494-c2bf742eb132', 12, TRUE, NULL, NULL, NULL),
                                            (UUID 'dc411124-3e4a-42c3-acb6-45bd67adbf37', 24480, DATEADD(dd, -(DAY(DATEADD(m,1,CURRENT_DATE))-1), DATEADD(m,0,CURRENT_DATE)), LAST_DAY(CURRENT_DATE), NULL, NULL, 'UBEHANDLET', NULL, NULL, NULL, 60, UUID '751ab1a8-4cab-4412-b494-c2bf742eb132', 13, TRUE, NULL, NULL, NULL),
                                            (UUID 'd1576f04-e55b-4afe-8443-cb3f9ab58fa8', 24480, DATEADD(dd, -(DAY(DATEADD(m,1,CURRENT_DATE))-1), DATEADD(m,1,CURRENT_DATE)), LAST_DAY(DATEADD('MONTH', 1, CURRENT_DATE)), NULL, NULL, 'UBEHANDLET', NULL, NULL, NULL, 60, UUID '751ab1a8-4cab-4412-b494-c2bf742eb132', 14, TRUE, NULL, NULL, NULL),
                                            (UUID '1047e62a-3b8d-49f7-94c7-371110e47dc2', 24480, DATEADD(dd, -(DAY(DATEADD(m,1,CURRENT_DATE))-1), DATEADD(m,2,CURRENT_DATE)), LAST_DAY(DATEADD('MONTH', 2, CURRENT_DATE)), NULL, NULL, 'UBEHANDLET', NULL, NULL, NULL, 60, UUID '751ab1a8-4cab-4412-b494-c2bf742eb132', 15, TRUE, NULL, NULL, NULL),
                                            (UUID '6c8b3467-6a0f-4a29-9735-c04f87cad454', 24480, DATEADD(dd, -(DAY(DATEADD(m,1,CURRENT_DATE))-1), DATEADD(m,3,CURRENT_DATE)), LAST_DAY(DATEADD('MONTH', 3, CURRENT_DATE)), NULL, NULL, 'UBEHANDLET', NULL, NULL, NULL, 60, UUID '751ab1a8-4cab-4412-b494-c2bf742eb132', 16, TRUE, NULL, NULL, NULL),
                                            (UUID 'fc170377-2b91-4b2b-b8d2-653e2a5d11d2', 24480, DATEADD(dd, -(DAY(DATEADD(m,1,CURRENT_DATE))-1), DATEADD(m,4,CURRENT_DATE)), LAST_DAY(DATEADD('MONTH', 4, CURRENT_DATE)), NULL, NULL, 'UBEHANDLET', NULL, NULL, NULL, 60, UUID '751ab1a8-4cab-4412-b494-c2bf742eb132', 17, TRUE, NULL, NULL, NULL),
                                            (UUID '1c1a7bab-e553-4cd2-8156-a2a1a4906ae3', 24480, DATEADD(dd, -(DAY(DATEADD(m,1,CURRENT_DATE))-1), DATEADD(m,5,CURRENT_DATE)), LAST_DAY(DATEADD('MONTH', 5, CURRENT_DATE)), NULL, NULL, 'UBEHANDLET', NULL, NULL, NULL, 60, UUID '751ab1a8-4cab-4412-b494-c2bf742eb132', 18, TRUE, NULL, NULL, NULL),
                                            (UUID '8a33c2db-5150-4ee1-aaf2-63890059ccd0', 24480, DATEADD(dd, -(DAY(DATEADD(m,1,CURRENT_DATE))-1), DATEADD(m,6,CURRENT_DATE)), LAST_DAY(DATEADD('MONTH', 6, CURRENT_DATE)), NULL, NULL, 'UBEHANDLET', NULL, NULL, NULL, 60, UUID '751ab1a8-4cab-4412-b494-c2bf742eb132', 19, TRUE, NULL, NULL, NULL),
                                            (UUID '20624580-d0a6-41b0-a134-220f20a9a66f', 24480, DATEADD(dd, -(DAY(DATEADD(m,1,CURRENT_DATE))-1), DATEADD(m,7,CURRENT_DATE)), LAST_DAY(DATEADD('MONTH', 7, CURRENT_DATE)), NULL, NULL, 'UBEHANDLET', NULL, NULL, NULL, 60, UUID '751ab1a8-4cab-4412-b494-c2bf742eb132', 20, TRUE, NULL, NULL, NULL),
                                            (UUID '2cf40b50-8924-4bcb-81e2-314bc268a497', 24480, DATEADD(dd, -(DAY(DATEADD(m,1,CURRENT_DATE))-1), DATEADD(m,8,CURRENT_DATE)), LAST_DAY(DATEADD('MONTH', 8, CURRENT_DATE)), NULL, NULL, 'UBEHANDLET', NULL, NULL, NULL, 60, UUID '751ab1a8-4cab-4412-b494-c2bf742eb132', 21, TRUE, NULL, NULL, NULL),
                                            (UUID '704a96c2-1351-423e-a65a-729f49704d68', 24480, DATEADD(dd, -(DAY(DATEADD(m,1,CURRENT_DATE))-1), DATEADD(m,9,CURRENT_DATE)), LAST_DAY(DATEADD('MONTH', 9, CURRENT_DATE)), NULL, NULL, 'UBEHANDLET', NULL, NULL, NULL, 60, UUID '751ab1a8-4cab-4412-b494-c2bf742eb132', 22, TRUE, NULL, NULL, NULL),
                                            (UUID '8aa3c84e-ff50-4d00-a73d-38f670af2963', 24480, DATEADD(dd, -(DAY(DATEADD(m,1,CURRENT_DATE))-1), DATEADD(m,10,CURRENT_DATE)), LAST_DAY(DATEADD('MONTH', 10, CURRENT_DATE)), NULL, NULL, 'UBEHANDLET', NULL, NULL, NULL, 60, UUID '751ab1a8-4cab-4412-b494-c2bf742eb132', 23, TRUE, NULL, NULL, NULL),
                                            (UUID 'f129dccd-e7ad-4849-ad60-c96da6fa7424', 24480, DATEADD(dd, -(DAY(DATEADD(m,1,CURRENT_DATE))-1), DATEADD(m,11,CURRENT_DATE)), LAST_DAY(DATEADD('MONTH', 11, CURRENT_DATE)), NULL, NULL, 'UBEHANDLET', NULL, NULL, NULL, 60, UUID '751ab1a8-4cab-4412-b494-c2bf742eb132', 24, TRUE, NULL, NULL, NULL),
                                            (UUID '86716118-9c1c-44db-9fd5-037fc7f03468', 1609, DATEADD(dd, -(DAY(DATEADD(m,1,CURRENT_DATE))-1), DATEADD(m,12,CURRENT_DATE)), DATEADD(dd, -(DAY(DATEADD(m,1,CURRENT_DATE))-2), DATEADD(m,12,CURRENT_DATE)), NULL, NULL, 'UBEHANDLET', NULL, NULL, NULL, 60, UUID '751ab1a8-4cab-4412-b494-c2bf742eb132', 25, TRUE, NULL, NULL, NULL),
                                            (UUID 'b2f35d0d-beeb-47ca-9199-3ae0e53713cf', 6710, CURRENT_DATE, LAST_DAY(CURRENT_DATE), NULL, NULL, 'UBEHANDLET', NULL, NULL, NULL, 0, UUID '25a19073-518f-4df9-94ab-50fa1a5b0d35', 1, TRUE, NULL, NULL, NULL),
                                            (UUID '05fd67b3-4dd0-4d4d-8830-9cd2eb97e158', 6808, DATEADD(dd, -(DAY(DATEADD(m,1,CURRENT_DATE))-1), DATEADD(m,1,CURRENT_DATE)), LAST_DAY(DATEADD('MONTH', 1, CURRENT_DATE)), NULL, NULL, 'UBEHANDLET', NULL, NULL, NULL, 0, UUID '25a19073-518f-4df9-94ab-50fa1a5b0d35', 2, TRUE, NULL, NULL, NULL),
                                            (UUID 'a0b6e7ac-ff8d-4a8a-94b9-10f4a460f8c4', 6808, DATEADD(dd, -(DAY(DATEADD(m,1,CURRENT_DATE))-1), DATEADD(m,2,CURRENT_DATE)), LAST_DAY(DATEADD('MONTH', 2, CURRENT_DATE)), NULL, NULL, 'UBEHANDLET', NULL, NULL, NULL, 0, UUID '25a19073-518f-4df9-94ab-50fa1a5b0d35', 3, TRUE, NULL, NULL, NULL);
INSERT INTO "TILSKUDD_PERIODE" VALUES
                                            (UUID '1e7775cb-9fd1-4299-ba8d-ebd57c140ad5', 6808, DATEADD(dd, -(DAY(DATEADD(m,1,CURRENT_DATE))-1), DATEADD(m,3,CURRENT_DATE)), LAST_DAY(DATEADD('MONTH', 3, CURRENT_DATE)), NULL, NULL, 'UBEHANDLET', NULL, NULL, NULL, 0, UUID '25a19073-518f-4df9-94ab-50fa1a5b0d35', 4, TRUE, NULL, NULL, NULL),
                                            (UUID 'abfef181-0f26-4b1b-ba67-7b66732ddba7', 6808, DATEADD(dd, -(DAY(DATEADD(m,1,CURRENT_DATE))-1), DATEADD(m,4,CURRENT_DATE)), LAST_DAY(DATEADD('MONTH', 4, CURRENT_DATE)), NULL, NULL, 'UBEHANDLET', NULL, NULL, NULL, 0, UUID '25a19073-518f-4df9-94ab-50fa1a5b0d35', 5, TRUE, NULL, NULL, NULL),
                                            (UUID '3d0ab304-e137-48c0-8af8-d77af8a9cc51', 6808, DATEADD(dd, -(DAY(DATEADD(m,1,CURRENT_DATE))-1), DATEADD(m,5,CURRENT_DATE)), LAST_DAY(DATEADD('MONTH', 5, CURRENT_DATE)), NULL, NULL, 'UBEHANDLET', NULL, NULL, NULL, 0, UUID '25a19073-518f-4df9-94ab-50fa1a5b0d35', 6, TRUE, NULL, NULL, NULL),
                                            (UUID '4b79390f-b9cf-4e01-a446-2e0337281bb1', 6808, DATEADD(dd, -(DAY(DATEADD(m,1,CURRENT_DATE))-1), DATEADD(m,6,CURRENT_DATE)), LAST_DAY(DATEADD('MONTH', 6, CURRENT_DATE)), NULL, NULL, 'UBEHANDLET', NULL, NULL, NULL, 0, UUID '25a19073-518f-4df9-94ab-50fa1a5b0d35', 7, TRUE, NULL, NULL, NULL),
                                            (UUID '89cd805b-e0e3-48ce-a8f5-ab2c45010367', 6808, DATEADD(dd, -(DAY(DATEADD(m,1,CURRENT_DATE))-1), DATEADD(m,7,CURRENT_DATE)), LAST_DAY(DATEADD('MONTH', 7, CURRENT_DATE)), NULL, NULL, 'UBEHANDLET', NULL, NULL, NULL, 0, UUID '25a19073-518f-4df9-94ab-50fa1a5b0d35', 8, TRUE, NULL, NULL, NULL),
                                            (UUID 'b2da6ec4-b2c1-47df-948e-8b8103ddd618', 6808, DATEADD(dd, -(DAY(DATEADD(m,1,CURRENT_DATE))-1), DATEADD(m,8,CURRENT_DATE)), LAST_DAY(DATEADD('MONTH', 8, CURRENT_DATE)), NULL, NULL, 'UBEHANDLET', NULL, NULL, NULL, 0, UUID '25a19073-518f-4df9-94ab-50fa1a5b0d35', 9, TRUE, NULL, NULL, NULL),
                                            (UUID '55f60260-23d1-4b13-98f1-aa827002e14c', 6808, DATEADD(dd, -(DAY(DATEADD(m,1,CURRENT_DATE))-1), DATEADD(m,9,CURRENT_DATE)), LAST_DAY(DATEADD('MONTH', 9, CURRENT_DATE)), NULL, NULL, 'UBEHANDLET', NULL, NULL, NULL, 0, UUID '25a19073-518f-4df9-94ab-50fa1a5b0d35', 10, TRUE, NULL, NULL, NULL),
                                            (UUID '12a94e22-421e-4964-b8e2-0a97893e09d6', 6808, DATEADD(dd, -(DAY(DATEADD(m,1,CURRENT_DATE))-1), DATEADD(m,10,CURRENT_DATE)), LAST_DAY(DATEADD('MONTH', 10, CURRENT_DATE)), NULL, NULL, 'UBEHANDLET', NULL, NULL, NULL, 0, UUID '25a19073-518f-4df9-94ab-50fa1a5b0d35', 11, TRUE, NULL, NULL, NULL),
                                            (UUID 'c6e67dcd-564c-4103-898f-2f02ff230b4e', 6808, DATEADD(dd, -(DAY(DATEADD(m,1,CURRENT_DATE))-1), DATEADD(m,11,CURRENT_DATE)), LAST_DAY(DATEADD('MONTH', 11, CURRENT_DATE)), NULL, NULL, 'UBEHANDLET', NULL, NULL, NULL, 0, UUID '25a19073-518f-4df9-94ab-50fa1a5b0d35', 12, TRUE, NULL, NULL, NULL),
                                            (UUID '03c8a229-2bfe-467b-9346-81bef67e184c', 224, DATEADD(dd, -(DAY(DATEADD(m,1,CURRENT_DATE))-1), DATEADD(m,12,CURRENT_DATE)), DATEADD(dd, -(DAY(DATEADD(m,1,CURRENT_DATE))-1), DATEADD(m,12,CURRENT_DATE)), NULL, NULL, 'UBEHANDLET', NULL, NULL, NULL, 0, UUID '25a19073-518f-4df9-94ab-50fa1a5b0d35', 13, TRUE, NULL, NULL, NULL);
CREATE TABLE "AVTALE_INNHOLD"(
                                                 "ID" UUID NOT NULL,
                                                 "AVTALE" UUID,
                                                 "DELTAKER_FORNAVN" CHARACTER VARYING(255),
                                                 "DELTAKER_ETTERNAVN" CHARACTER VARYING(255),
                                                 "DELTAKER_TLF" CHARACTER VARYING(255),
                                                 "BEDRIFT_NAVN" CHARACTER VARYING(255),
                                                 "ARBEIDSGIVER_FORNAVN" CHARACTER VARYING(255),
                                                 "ARBEIDSGIVER_ETTERNAVN" CHARACTER VARYING(255),
                                                 "ARBEIDSGIVER_TLF" CHARACTER VARYING(255),
                                                 "VEILEDER_FORNAVN" CHARACTER VARYING(255),
                                                 "VEILEDER_ETTERNAVN" CHARACTER VARYING(255),
                                                 "VEILEDER_TLF" CHARACTER VARYING(255),
                                                 "OPPFOLGING" CHARACTER VARYING(1000),
                                                 "TILRETTELEGGING" CHARACTER VARYING(1000),
                                                 "START_DATO" DATE,
                                                 "SLUTT_DATO" DATE,
                                                 "STILLINGPROSENT" INTEGER,
                                                 "JOURNALPOST_ID" CHARACTER VARYING(9),
                                                 "GODKJENT_AV_DELTAKER" TIMESTAMP,
                                                 "GODKJENT_AV_ARBEIDSGIVER" TIMESTAMP,
                                                 "GODKJENT_AV_VEILEDER" TIMESTAMP,
                                                 "GODKJENT_PA_VEGNE_AV" BOOLEAN,
                                                 "IKKE_BANK_ID" BOOLEAN,
                                                 "RESERVERT" BOOLEAN,
                                                 "DIGITAL_KOMPETANSE" BOOLEAN,
                                                 "ARBEIDSGIVER_KONTONUMMER" CHARACTER VARYING(11),
                                                 "STILLINGSTITTEL" CHARACTER VARYING,
                                                 "ARBEIDSOPPGAVER" CHARACTER VARYING,
                                                 "LONNSTILSKUDD_PROSENT" INTEGER,
                                                 "MANEDSLONN" INTEGER,
                                                 "FERIEPENGESATS" DECFLOAT,
                                                 "ARBEIDSGIVERAVGIFT" DECFLOAT,
                                                 "VERSJON" INTEGER,
                                                 "MENTOR_FORNAVN" CHARACTER VARYING,
                                                 "MENTOR_ETTERNAVN" CHARACTER VARYING,
                                                 "MENTOR_OPPGAVER" CHARACTER VARYING,
                                                 "MENTOR_ANTALL_TIMER" DECIMAL(3, 1),
                                                 "MENTOR_TIMELONN" INTEGER,
                                                 "HAR_FAMILIETILKNYTNING" BOOLEAN,
                                                 "FAMILIETILKNYTNING_FORKLARING" CHARACTER VARYING,
                                                 "FERIEPENGER_BELOP" INTEGER,
                                                 "OTP_BELOP" INTEGER,
                                                 "ARBEIDSGIVERAVGIFT_BELOP" INTEGER,
                                                 "SUM_LONNSUTGIFTER" INTEGER,
                                                 "SUM_LONNSTILSKUDD" INTEGER,
                                                 "STILLINGSTYPE" CHARACTER VARYING,
                                                 "STILLING_STYRK08" DECFLOAT,
                                                 "STILLING_KONSEPT_ID" DECFLOAT,
                                                 "MANEDSLONN100PST" INTEGER,
                                                 "OTP_SATS" DECFLOAT,
                                                 "GODKJENT_AV_NAV_IDENT" CHARACTER VARYING,
                                                 U&"SUM_L\00d8NNSTILSKUDD_REDUSERT" INTEGER,
                                                 "DATO_FOR_REDUSERT_PROSENT" DATE,
                                                 "ANTALL_DAGER_PER_UKE" INTEGER,
                                                 "IKRAFTTREDELSESTIDSPUNKT" TIMESTAMP,
                                                 U&"AVTALE_INNG\00c5TT" TIMESTAMP,
                                                 "GODKJENT_AV_BESLUTTER" TIMESTAMP,
                                                 "GODKJENT_AV_BESLUTTER_NAV_IDENT" CHARACTER VARYING,
                                                 "INNHOLD_TYPE" CHARACTER VARYING,
                                                 "GODKJENT_PA_VEGNE_AV_ARBEIDSGIVER" BOOLEAN,
                                                 "KLARER_IKKE_GI_FA_TILGANG" BOOLEAN,
                                                 "VET_IKKE_HVEM_SOM_KAN_GI_TILGANG" BOOLEAN,
                                                 "FAR_IKKE_TILGANG_PERSONVERN" BOOLEAN,
                                                 "ENHET_KOSTNADSSTED" CHARACTER VARYING,
                                                 "ENHETSNAVN_KOSTNADSSTED" CHARACTER VARYING,
                                                 "REFUSJON_KONTAKTPERSON_FORNAVN" CHARACTER VARYING,
                                                 "REFUSJON_KONTAKTPERSON_ETTERNAVN" CHARACTER VARYING,
                                                 "REFUSJON_KONTAKTPERSON_TLF" CHARACTER VARYING,
                                                 U&"\00d8NSKER_VARSLING_OM_REFUSJON" BOOLEAN,
                                                 "INKLUDERINGSTILSKUDD_BEGRUNNELSE" CHARACTER VARYING,
                                                 U&"GODKJENT_TAUSHETSERKL\00c6RING_AV_MENTOR" TIMESTAMP DEFAULT NULL,
                                                 "MENTOR_TLF" CHARACTER VARYING(255) DEFAULT NULL,
                                                 "ARENA_MIGRERING_DELTAKER" BOOLEAN,
                                                 "ARENA_MIGRERING_ARBEIDSGIVER" BOOLEAN
);
ALTER TABLE "AVTALE_INNHOLD" ADD CONSTRAINT "CONSTRAINT_75" PRIMARY KEY("ID");
-- 34 +/- SELECT COUNT(*) FROM PUBLIC.AVTALE_INNHOLD;
INSERT INTO "AVTALE_INNHOLD" VALUES
                                          (UUID '43b3dd88-e03c-4aaf-a045-b3e3e16f2314', UUID '16ba7ded-8b14-4972-9394-389d513eda91', 'Yngvar', 'Yngvarsen', '40000000', 'Ivarsens bruktbil', 'Ivar', 'Ivarsen', '99999999', 'Vera', 'Veileder', '44444444', 'Telefon hver uke', 'Ingen', CURRENT_DATE, DATEADD(dd, -(DAY(DATEADD(m,1,CURRENT_DATE))-1), DATEADD(m,1,CURRENT_DATE)), 100, '1', CURRENT_TIMESTAMP, CURRENT_TIMESTAMP, CURRENT_TIMESTAMP, FALSE, NULL, NULL, NULL, NULL, 'Butikkbetjent', 'Butikkarbeid', NULL, NULL, NULL, NULL, 1, NULL, NULL, NULL, NULL, NULL, NULL, NULL, NULL, NULL, NULL, NULL, NULL, NULL, 5223, 112968, NULL, NULL, 'Q987654', NULL, NULL, 5, CURRENT_TIMESTAMP, CURRENT_TIMESTAMP, NULL, NULL, U&'INNG\00c5', FALSE, NULL, NULL, NULL, NULL, NULL, 'Donald', 'Duck', '55555123', TRUE, NULL, NULL, NULL, NULL, NULL),
                                          (UUID 'd531488c-8a3d-4fcb-9d23-8cc52342d882', UUID '76ef4c0f-1ca4-4433-8313-09e6db8f5493', 'Geir', 'Geirsen', '40000000', 'Vaskeriet AS', 'Vask', 'Vaskeri', '99999999', 'Vera', 'Veileder', '44444444', 'Telefon hver uke', 'Ingen', CURRENT_DATE, DATEADD(dd, -(DAY(DATEADD(m,1,CURRENT_DATE))-1), DATEADD(m,1,CURRENT_DATE)), 100, '1', CURRENT_TIMESTAMP, CURRENT_TIMESTAMP, CURRENT_TIMESTAMP, FALSE, NULL, NULL, NULL, NULL, 'Butikkbetjent', 'Butikkarbeid', NULL, NULL, NULL, NULL, 1, NULL, NULL, NULL, NULL, NULL, NULL, NULL, NULL, NULL, NULL, NULL, NULL, NULL, 5223, 112968, NULL, NULL, 'Q987654', NULL, NULL, 5, CURRENT_TIMESTAMP, CURRENT_TIMESTAMP, NULL, NULL, U&'INNG\00c5', FALSE, NULL, NULL, NULL, NULL, NULL, 'Donald', 'Duck', '55555123', TRUE, NULL, NULL, NULL, NULL, NULL),
                                          (UUID 'b5df8a01-e4e2-409d-ba60-aba2c20f6429', UUID '4a9bd80b-9a72-41a9-8e0e-83cd53a5ffad', U&'Bj\00f8rnstjerne', U&'Bj\00f8rnson', '40000000', 'Ibsens bok og papir', 'Henrik', 'Ibsen', '99999999', 'Vera', 'Veileder', '44444444', 'Telefon hver uke', 'Ingen', CURRENT_DATE, DATEADD(dd, -(DAY(DATEADD(m,1,CURRENT_DATE))-1), DATEADD(m,1,CURRENT_DATE)), 100, '1', CURRENT_TIMESTAMP, CURRENT_TIMESTAMP, CURRENT_TIMESTAMP, FALSE, NULL, NULL, NULL, NULL, 'Butikkbetjent', 'Butikkarbeid', NULL, NULL, NULL, NULL, 1, NULL, NULL, NULL, NULL, NULL, NULL, NULL, NULL, NULL, NULL, NULL, NULL, NULL, 5223, 112968, NULL, NULL, 'Q987654', NULL, NULL, 5, CURRENT_TIMESTAMP, CURRENT_TIMESTAMP, NULL, NULL, U&'INNG\00c5', FALSE, NULL, NULL, NULL, NULL, NULL, 'Donald', 'Duck', '55555123', TRUE, NULL, NULL, NULL, NULL, NULL),
                                          (UUID '193c5654-20d8-4ca9-9403-09b560521b1d', UUID '5019be60-7604-4a2c-bae0-47b1780ab139', 'Tollef', 'Tollefsen', '40000000', 'Igors Software', 'Igor', 'Igorsen', '99999999', 'Vera', 'Veileder', '44444444', 'Telefon hver uke', 'Ingen', CURRENT_DATE, DATEADD(dd, -(DAY(DATEADD(m,1,CURRENT_DATE))-1), DATEADD(m,1,CURRENT_DATE)), 100, '1', CURRENT_TIMESTAMP, CURRENT_TIMESTAMP, CURRENT_TIMESTAMP, FALSE, NULL, NULL, NULL, NULL, 'Butikkbetjent', 'Butikkarbeid', NULL, NULL, NULL, NULL, 1, NULL, NULL, NULL, NULL, NULL, NULL, NULL, NULL, NULL, NULL, NULL, NULL, NULL, 5223, 112968, NULL, NULL, 'Q987654', NULL, NULL, 5, CURRENT_TIMESTAMP, CURRENT_TIMESTAMP, NULL, NULL, U&'INNG\00c5', FALSE, NULL, NULL, NULL, NULL, NULL, 'Donald', 'Duck', '55555123', TRUE, NULL, NULL, NULL, NULL, NULL),
                                          (UUID 'd412a1db-19ab-401e-9b51-6f746ae4a296', UUID 'e0619f5a-c2eb-4149-9803-f77eca4cf343', 'Oddvard', 'Oddsen', '40000000', 'Nilsens Tobakk', 'Nils', 'Nilsen', '99999999', 'Vera', 'Veileder', '44444444', 'Telefon hver uke', 'Ingen', CURRENT_DATE, DATEADD(dd, -(DAY(DATEADD(m,1,CURRENT_DATE))-1), DATEADD(m,1,CURRENT_DATE)), 100, '1', CURRENT_TIMESTAMP, CURRENT_TIMESTAMP, CURRENT_TIMESTAMP, FALSE, NULL, NULL, NULL, NULL, 'Butikkbetjent', 'Butikkarbeid', NULL, NULL, NULL, NULL, 1, NULL, NULL, NULL, NULL, NULL, NULL, NULL, NULL, NULL, NULL, NULL, NULL, NULL, 5223, 112968, NULL, NULL, 'Q987654', NULL, NULL, 5, CURRENT_TIMESTAMP, CURRENT_TIMESTAMP, NULL, NULL, U&'INNG\00c5', FALSE, NULL, NULL, NULL, NULL, NULL, 'Donald', 'Duck', '55555123', TRUE, NULL, NULL, NULL, NULL, NULL);
INSERT INTO "AVTALE_INNHOLD" VALUES
                                          (UUID 'cc096571-ccbc-4445-8c96-2769d835e9a0', UUID '206cb3fa-f1f2-4da5-ab6b-0caf847fbf1c', 'Dennis', 'Deltaker', '40000000', 'Olavs butikk', 'Olav', 'Kremmer', '99999999', 'Vera', 'Veileder', '44444444', 'Telefon hver uke', 'Ingen', CURRENT_DATE, DATEADD(dd, -(DAY(DATEADD(m,1,CURRENT_DATE))-1), DATEADD(m,1,CURRENT_DATE)), 50, '1', CURRENT_TIMESTAMP, CURRENT_TIMESTAMP, CURRENT_TIMESTAMP, FALSE, NULL, NULL, NULL, NULL, 'Butikkbetjent', 'Butikkarbeid', NULL, NULL, NULL, NULL, 1, NULL, NULL, NULL, NULL, NULL, NULL, NULL, NULL, NULL, NULL, NULL, NULL, NULL, 5223, 112968, NULL, NULL, 'Q987654', NULL, NULL, 5, CURRENT_TIMESTAMP, CURRENT_TIMESTAMP, NULL, NULL, U&'INNG\00c5', FALSE, NULL, NULL, NULL, NULL, NULL, 'Donald', 'Duck', '55555123', TRUE, NULL, NULL, NULL, NULL, NULL),
                                          (UUID '25659139-37cf-48e6-989e-5e203bc2214d', UUID '89d671cc-0edf-464a-9e59-b5c7473242b9', 'Olaug', 'Olaugsen', '40000000', 'Ernas butikk', 'Erna', 'Ernasen', '99999999', 'Vera', 'Veileder', '44444444', 'Telefon hver uke', 'Ingen', CURRENT_DATE, DATEADD(dd, -(DAY(DATEADD(m,1,CURRENT_DATE))-1), DATEADD(m,1,CURRENT_DATE)), 50, '1', CURRENT_TIMESTAMP, CURRENT_TIMESTAMP, CURRENT_TIMESTAMP, FALSE, NULL, NULL, NULL, NULL, 'Butikkbetjent', 'Butikkarbeid', NULL, NULL, NULL, NULL, 1, NULL, NULL, NULL, NULL, NULL, NULL, NULL, NULL, NULL, NULL, NULL, NULL, NULL, 5223, 112968, NULL, NULL, 'Q987654', NULL, NULL, 5, CURRENT_TIMESTAMP, CURRENT_TIMESTAMP, NULL, NULL, U&'INNG\00c5', FALSE, NULL, NULL, NULL, NULL, NULL, 'Donald', 'Duck', '55555123', TRUE, NULL, NULL, NULL, NULL, NULL),
                                          (UUID 'dfed3460-4d08-4f6c-aedc-6402e88e62dd', UUID '7950419a-8730-4ad9-8a14-b99590ff15f0', 'Sigrid', 'Sigridsson', '40000000', 'Bilshoppen AS', 'Olav', 'Olavson', '99999999', 'Vera', 'Veileder', '44444444', 'Telefon hver uke', 'Ingen', CURRENT_DATE, DATEADD('DAY', 10, CURRENT_DATE), 50, '1', CURRENT_TIMESTAMP, CURRENT_TIMESTAMP, CURRENT_TIMESTAMP, FALSE, NULL, NULL, NULL, NULL, 'Butikkbetjent', 'Butikkarbeid', NULL, NULL, NULL, NULL, 1, NULL, NULL, NULL, NULL, NULL, NULL, NULL, NULL, NULL, NULL, NULL, NULL, NULL, 5223, 112968, NULL, NULL, 'Q987654', NULL, NULL, 5, CURRENT_TIMESTAMP, CURRENT_TIMESTAMP, NULL, NULL, U&'INNG\00c5', FALSE, NULL, NULL, NULL, NULL, NULL, 'Donald', 'Duck', '55555123', TRUE, NULL, NULL, NULL, NULL, NULL),
                                          (UUID '8d8efde1-f9f4-44dc-90ad-3be3bdd60b85', UUID '1c626e26-d9b5-48a9-a285-3cc94f833de7', 'Lilly', U&'L\00f8nning', '40000000', 'Pers butikk', 'Per', 'Kremmer', '99999999', 'Vera', 'Veileder', '44444444', 'Telefon hver uke', 'Ingen', CURRENT_DATE, DATEADD(dd, -(DAY(DATEADD(m,1,CURRENT_DATE))-1), DATEADD(m,12,CURRENT_DATE)), 50, '1', CURRENT_TIMESTAMP, CURRENT_TIMESTAMP, CURRENT_TIMESTAMP, FALSE, NULL, NULL, NULL, '22222222222', 'Butikkbetjent', 'Butikkarbeid', 40, 20000, 0.12, 0.141, 1, NULL, NULL, NULL, NULL, NULL, TRUE, 'En middels god forklaring', 10000, 400, 20400, 40800, 16320, 'FAST', 5223, 112968, 81600, 0.02, 'Q987654', 12240, DATEADD(dd, -(DAY(DATEADD(m,1,CURRENT_DATE))-2), DATEADD(m,6,CURRENT_DATE)), 5, CURRENT_TIMESTAMP, CURRENT_TIMESTAMP, NULL, NULL, U&'INNG\00c5', FALSE, NULL, NULL, NULL, NULL, NULL, 'Ola', 'Olsen', '12345678', TRUE, NULL, NULL, NULL, NULL, NULL),
                                          (UUID 'a08d3c66-5ef5-4ea9-8485-20661d073f41', UUID '14ee7f8d-23dc-4f7a-b2df-7e3822700dce', NULL, NULL, NULL, NULL, NULL, NULL, NULL, NULL, NULL, NULL, NULL, NULL, NULL, NULL, NULL, NULL, NULL, NULL, NULL, FALSE, NULL, NULL, NULL, NULL, NULL, NULL, NULL, NULL, NULL, NULL, 1, NULL, NULL, NULL, NULL, NULL, NULL, NULL, NULL, NULL, NULL, NULL, NULL, NULL, NULL, NULL, NULL, NULL, NULL, NULL, NULL, NULL, NULL, NULL, NULL, NULL, U&'INNG\00c5', FALSE, NULL, NULL, NULL, NULL, NULL, NULL, NULL, NULL, NULL, NULL, NULL, NULL, NULL, NULL),
                                          (UUID 'c485d270-ff48-4afc-9a53-6563083e747e', UUID 'a266f8be-0ab3-4209-aed5-56d417374fd3', 'Dagny', 'Deltaker', '40000000', 'Pers butikk', 'Per', 'Kremmer', '99999999', 'Vera', 'Veileder', '44444444', 'Telefon hver uke', 'Ingen', CURRENT_DATE, DATEADD(dd, -(DAY(DATEADD(m,1,CURRENT_DATE))-1), DATEADD(m,6,CURRENT_DATE)), NULL, NULL, NULL, NULL, NULL, FALSE, NULL, NULL, NULL, NULL, NULL, NULL, NULL, NULL, NULL, NULL, 1, 'Mentor', 'Mentorsen', 'Mentoroppgaver', 10.0, 1000, TRUE, 'En middels god forklaring', NULL, NULL, NULL, NULL, NULL, NULL, NULL, NULL, NULL, NULL, NULL, NULL, NULL, NULL, NULL, NULL, NULL, NULL, U&'INNG\00c5', FALSE, NULL, NULL, NULL, NULL, NULL, NULL, NULL, NULL, NULL, NULL, CURRENT_TIMESTAMP, '44444444', NULL, NULL);
INSERT INTO "AVTALE_INNHOLD" VALUES
                                          (UUID 'a9fddc01-6bb2-428f-ad0e-869694b8c406', UUID 'ffb7723b-8f7f-4479-bd05-d5384a95d816', 'Dagny', 'Deltaker', '40000000', 'Pers butikk', 'Per', 'Kremmer', '99999999', 'Vera', 'Veileder', '44444444', 'Telefon hver uke', 'Ingen', CURRENT_DATE, DATEADD(dd, -(DAY(DATEADD(m,1,CURRENT_DATE))-1), DATEADD(m,6,CURRENT_DATE)), NULL, NULL, NULL, NULL, NULL, FALSE, NULL, NULL, NULL, NULL, NULL, NULL, NULL, NULL, NULL, NULL, 1, 'Mentor', 'Mentorsen', 'Mentoroppgaver', 10.0, 1000, TRUE, 'En middels god forklaring', NULL, NULL, NULL, NULL, NULL, NULL, NULL, NULL, NULL, NULL, NULL, NULL, NULL, NULL, NULL, NULL, NULL, NULL, U&'INNG\00c5', FALSE, NULL, NULL, NULL, NULL, NULL, NULL, NULL, NULL, NULL, NULL, NULL, '44444444', NULL, NULL),
                                          (UUID 'dfe6f83c-ceae-4a21-af16-68c8c28f4b28', UUID '0df24350-3c64-4023-b3d9-4526314df544', 'Dagny', 'Deltaker', '40000000', 'Pers butikk', 'Per', 'Kremmer', '99999999', 'Vera', 'Veileder', '44444444', 'Telefon hver uke', 'Ingen', CURRENT_DATE, DATEADD('DAY', 14, CURRENT_DATE), NULL, NULL, NULL, NULL, NULL, FALSE, NULL, NULL, NULL, NULL, NULL, NULL, NULL, NULL, NULL, NULL, 1, NULL, NULL, NULL, NULL, NULL, TRUE, 'En middels god forklaring', NULL, NULL, NULL, NULL, NULL, NULL, NULL, NULL, NULL, NULL, NULL, NULL, NULL, NULL, NULL, NULL, NULL, NULL, U&'INNG\00c5', FALSE, NULL, NULL, NULL, NULL, NULL, NULL, NULL, NULL, NULL, U&'Behov for tilskudd til dyre programvarelisenser og oppl\00e6ring i disse.', NULL, NULL, NULL, NULL),
                                          (UUID '184fed76-14bf-4763-bb7d-4e649030b4c4', UUID '3a0e7ed6-b406-44fd-a53c-4beac2b4666d', 'Dagny', 'Deltaker', '40000000', 'Pers butikk', 'Per', 'Kremmer', '99999999', 'Vera', 'Veileder', '44444444', 'Telefon hver uke', 'Ingen', CURRENT_DATE, DATEADD('DAY', 14, CURRENT_DATE), NULL, NULL, NULL, CURRENT_TIMESTAMP, NULL, FALSE, NULL, NULL, NULL, NULL, NULL, NULL, NULL, NULL, NULL, NULL, 1, NULL, NULL, NULL, NULL, NULL, TRUE, 'En middels god forklaring', NULL, NULL, NULL, NULL, NULL, NULL, NULL, NULL, NULL, NULL, NULL, NULL, NULL, NULL, NULL, NULL, NULL, NULL, U&'INNG\00c5', FALSE, NULL, NULL, NULL, NULL, NULL, NULL, NULL, NULL, NULL, U&'Behov for tilskudd til dyre programvarelisenser og oppl\00e6ring i disse.', NULL, NULL, NULL, NULL),
                                          (UUID '8cdeaa9d-c2da-4945-94b1-7189127d3f5d', UUID '948e4acc-2fd1-4e70-ac2c-1ffa2fe27095', 'Dagny', 'Deltaker', '40000000', 'Pers butikk', 'Per', 'Kremmer', '99999999', 'Vera', 'Veileder', '44444444', 'Telefon hver uke', 'Ingen', CURRENT_DATE, DATEADD(dd, -(DAY(DATEADD(m,1,CURRENT_DATE))-1), DATEADD(m,12,CURRENT_DATE)), 50, NULL, NULL, NULL, NULL, FALSE, NULL, NULL, NULL, NULL, 'Butikkbetjent', 'Butikkarbeid', NULL, NULL, NULL, NULL, 1, NULL, NULL, NULL, NULL, NULL, NULL, NULL, NULL, NULL, NULL, NULL, NULL, NULL, 5223, 112968, NULL, NULL, NULL, NULL, NULL, 5, NULL, NULL, NULL, NULL, U&'INNG\00c5', FALSE, NULL, NULL, NULL, NULL, NULL, NULL, NULL, NULL, NULL, NULL, NULL, NULL, NULL, NULL),
                                          (UUID 'fe683f09-da21-4eba-b3e0-1824179bdceb', UUID '735f0b34-8b18-474a-89c5-83867c40123a', 'Dagny', 'Deltaker', '40000000', 'Pers butikk', 'Per', 'Kremmer', '99999999', 'Vera', 'Veileder', '44444444', 'Telefon hver uke', 'Ingen', CURRENT_DATE, DATEADD(dd, -(DAY(DATEADD(m,1,CURRENT_DATE))-1), DATEADD(m,12,CURRENT_DATE)), 50, '1', CURRENT_TIMESTAMP, CURRENT_TIMESTAMP, CURRENT_TIMESTAMP, FALSE, NULL, NULL, NULL, NULL, 'Butikkbetjent', 'Butikkarbeid', NULL, NULL, NULL, NULL, 1, NULL, NULL, NULL, NULL, NULL, NULL, NULL, NULL, NULL, NULL, NULL, NULL, NULL, 5223, 112968, NULL, NULL, 'Q987654', NULL, NULL, 5, CURRENT_TIMESTAMP, CURRENT_TIMESTAMP, NULL, NULL, U&'INNG\00c5', FALSE, NULL, NULL, NULL, NULL, NULL, 'Donald', 'Duck', '55555123', TRUE, NULL, CURRENT_TIMESTAMP, NULL, NULL, NULL),
                                          (UUID 'fca8d58c-3516-4b09-a398-0f744a6aa887', UUID '44e38ddb-e4ab-4b47-b396-cf0b1d181627', 'Atle', U&'J\00f8rgensen', '40000000', 'Pers butikk', 'Per', 'Kremmer', '99999999', 'Vera', 'Veileder', '44444444', 'Telefon hver uke', 'Ingen', CURRENT_DATE, DATEADD(dd, -(DAY(DATEADD(m,1,CURRENT_DATE))-1), DATEADD(m,12,CURRENT_DATE)), 50, NULL, CURRENT_TIMESTAMP, CURRENT_TIMESTAMP, CURRENT_TIMESTAMP, FALSE, NULL, NULL, NULL, NULL, 'Butikkbetjent', 'Butikkarbeid', NULL, NULL, NULL, NULL, 2, NULL, NULL, NULL, NULL, NULL, NULL, NULL, NULL, NULL, NULL, NULL, NULL, NULL, 5223, 112968, NULL, NULL, 'Q987654', NULL, NULL, 5, CURRENT_TIMESTAMP, CURRENT_TIMESTAMP, NULL, NULL, 'ENDRE_KONTAKTINFO', FALSE, NULL, NULL, NULL, NULL, NULL, 'Atle', U&'J\00f8rgensen', '12345678', TRUE, NULL, CURRENT_TIMESTAMP, NULL, NULL, NULL);
INSERT INTO "AVTALE_INNHOLD" VALUES
                                          (UUID '1db2908b-ab90-4583-b7ee-628ba0dcf1ab', UUID '8b3f3022-716c-4728-8b7a-dc9fd7e01f02', 'Dagny', 'Deltaker', '40000000', 'Pers butikk', 'Per', 'Kremmer', '99999999', 'Vera', 'Veileder', '44444444', 'Telefon hver uke', 'Ingen', DATEADD('DAY', 7, CURRENT_DATE), DATEADD('DAY', 37, CURRENT_DATE), 50, '1', CURRENT_TIMESTAMP, CURRENT_TIMESTAMP, CURRENT_TIMESTAMP, FALSE, NULL, NULL, NULL, NULL, 'Butikkbetjent', 'Butikkarbeid', NULL, NULL, NULL, NULL, 1, NULL, NULL, NULL, NULL, NULL, NULL, NULL, NULL, NULL, NULL, NULL, NULL, NULL, 5223, 112968, NULL, NULL, 'Q987654', NULL, NULL, 5, CURRENT_TIMESTAMP, CURRENT_TIMESTAMP, NULL, NULL, U&'INNG\00c5', FALSE, NULL, NULL, NULL, NULL, NULL, NULL, NULL, NULL, NULL, NULL, NULL, NULL, NULL, NULL),
                                          (UUID '3e17c7b4-9c55-443d-925f-bc7b276cb081', UUID 'd15835a4-7fbb-4bb2-9380-9469d90f5982', 'Lilly', U&'L\00f8nning', '40000000', 'Pers butikk', 'Per', 'Kremmer', '99999999', 'Vera', 'Veileder', '44444444', 'Telefon hver uke', 'Ingen', CURRENT_DATE, DATEADD(dd, -(DAY(DATEADD(m,1,CURRENT_DATE))-1), DATEADD(m,12,CURRENT_DATE)), 50, NULL, NULL, CURRENT_TIMESTAMP, NULL, FALSE, NULL, NULL, NULL, '22222222222', 'Butikkbetjent', 'Butikkarbeid', 40, 20000, 0.12, 0.141, 1, NULL, NULL, NULL, NULL, NULL, TRUE, 'En middels god forklaring', 10000, 400, 20400, 40800, 16320, 'FAST', 5223, 112968, 81600, 0.02, NULL, 12240, DATEADD(dd, -(DAY(DATEADD(m,1,CURRENT_DATE))-2), DATEADD(m,6,CURRENT_DATE)), 5, NULL, NULL, NULL, NULL, U&'INNG\00c5', FALSE, NULL, NULL, NULL, NULL, NULL, 'Ola', 'Olsen', '12345678', TRUE, NULL, NULL, NULL, NULL, NULL),
                                          (UUID 'c26be48c-f3c5-4910-a4e4-19b28d0a428f', UUID '9b811734-1103-44b9-a3ac-0bc3fbcf4166', 'Lilly', U&'L\00f8nning', '40000000', 'Pers butikk', 'Per', 'Kremmer', '99999999', 'Vera', 'Veileder', '44444444', 'Telefon hver uke', 'Ingen', CURRENT_DATE, DATEADD(dd, -(DAY(DATEADD(m,1,CURRENT_DATE))-1), DATEADD(m,12,CURRENT_DATE)), 50, '1', CURRENT_TIMESTAMP, CURRENT_TIMESTAMP, CURRENT_TIMESTAMP, FALSE, NULL, NULL, NULL, '22222222222', 'Butikkbetjent', 'Butikkarbeid', 40, 20000, 0.12, 0.141, 1, NULL, NULL, NULL, NULL, NULL, TRUE, 'En middels god forklaring', 10000, 400, 20400, 40800, 16320, 'FAST', 5223, 112968, 81600, 0.02, 'Q987654', 12240, DATEADD(dd, -(DAY(DATEADD(m,1,CURRENT_DATE))-2), DATEADD(m,6,CURRENT_DATE)), 5, CURRENT_TIMESTAMP, CURRENT_TIMESTAMP, NULL, NULL, U&'INNG\00c5', FALSE, NULL, NULL, NULL, NULL, NULL, 'Ola', 'Olsen', '12345678', TRUE, NULL, NULL, NULL, NULL, NULL),
                                          (UUID '7cea33d2-12ad-41f5-a10b-26f1e349db9d', UUID 'f742d746-92fe-4b51-b546-1526bba49853', 'Geir', 'Geirsen', '40000000', 'Pers butikk', 'Per', 'Kremmer', '99999999', 'Vera', 'Veileder', '44444444', 'Telefon hver uke', 'Ingen', DATEADD('MONTH', -3, CURRENT_DATE), DATEADD('MONTH', 1, CURRENT_DATE), 50, '1', CURRENT_TIMESTAMP, CURRENT_TIMESTAMP, CURRENT_TIMESTAMP, FALSE, NULL, NULL, NULL, '22222222222', 'Butikkbetjent', 'Butikkarbeid', 40, 20000, 0.12, 0.141, 1, NULL, NULL, NULL, NULL, NULL, TRUE, 'En middels god forklaring', 10000, 400, 20400, 40800, 16320, 'FAST', 5223, 112968, 81600, 0.02, 'Q987654', 12240, DATEADD(dd, -(DAY(DATEADD(m,1,CURRENT_DATE))-2), DATEADD(m,6,CURRENT_DATE)), 5, CURRENT_TIMESTAMP, CURRENT_TIMESTAMP, NULL, NULL, U&'INNG\00c5', FALSE, NULL, NULL, NULL, NULL, NULL, 'Ola', 'Olsen', '12345678', TRUE, NULL, NULL, NULL, NULL, NULL),
                                          (UUID '1ef9f50c-9a16-4f88-8aee-57c9a8ff730c', UUID 'b74876c1-35c7-46e6-9a97-dad0a593a992', 'Dagny', 'Deltaker', '40000000', 'Pers butikk', 'Per', 'Kremmer', '99999999', 'Vera', 'Veileder', '44444444', 'Telefon hver uke', 'Ingen', DATEADD('MONTH', -4, CURRENT_DATE), DATEADD('MONTH', -3, CURRENT_DATE), 50, NULL, DATEADD('YEAR', -1, CURRENT_TIMESTAMP), DATEADD('YEAR', -1, CURRENT_TIMESTAMP), DATEADD('YEAR', -1, CURRENT_TIMESTAMP), FALSE, NULL, NULL, NULL, '000111222', 'Butikkbetjent', 'Butikkarbeid', 50, 10000, 0.12, 0.141, 1, NULL, NULL, NULL, NULL, NULL, TRUE, 'En middels god forklaring', 1200, 224, 1611, 13035, 6518, 'MIDLERTIDIG', 5223, 112968, 26070, 0.02, 'Q987654', NULL, NULL, 5, NULL, NULL, NULL, NULL, U&'INNG\00c5', FALSE, NULL, NULL, NULL, NULL, NULL, 'Ola', 'Olsen', '12345678', TRUE, NULL, NULL, NULL, NULL, NULL);
INSERT INTO "AVTALE_INNHOLD" VALUES
                                          (UUID '9b542096-bc85-459d-bbc2-da19ddcc413c', UUID 'e3758e31-5304-4fe4-9a50-02d0215fdae9', 'Dagny', 'Deltaker', '40000000', 'Pers butikk', 'Per', 'Kremmer', '99999999', 'Vera', 'Veileder', '44444444', 'Telefon hver uke', 'Ingen', DATEADD('MONTH', -4, CURRENT_DATE), DATEADD('MONTH', -3, CURRENT_DATE), 50, NULL, DATEADD('YEAR', -1, CURRENT_TIMESTAMP), DATEADD('YEAR', -1, CURRENT_TIMESTAMP), DATEADD('YEAR', -1, CURRENT_TIMESTAMP), FALSE, NULL, NULL, NULL, '000111222', 'Butikkbetjent', 'Butikkarbeid', 50, 10000, 0.12, 0.141, 1, NULL, NULL, NULL, NULL, NULL, TRUE, 'En middels god forklaring', 1200, 224, 1611, 13035, 6518, 'MIDLERTIDIG', 5223, 112968, 26070, 0.02, 'Q987654', NULL, NULL, 5, DATEADD('YEAR', -1, CURRENT_TIMESTAMP), DATEADD('YEAR', -1, CURRENT_TIMESTAMP), DATEADD('YEAR', -1, CURRENT_TIMESTAMP), NULL, U&'INNG\00c5', FALSE, NULL, NULL, NULL, NULL, NULL, NULL, NULL, NULL, NULL, NULL, NULL, NULL, NULL, NULL),
                                          (UUID '81df87fd-d31a-4b2c-97ec-33c2a31888f9', UUID 'cfeca708-b400-484b-a081-f293ef8b2cf9', 'Dagny', 'Deltaker', '40000000', 'Pers butikk', 'Per', 'Kremmer', '99999999', 'Vera', 'Veileder', '44444444', 'Telefon hver uke', 'Ingen', DATEADD('MONTH', -4, CURRENT_DATE), DATEADD('MONTH', -3, CURRENT_DATE), 50, NULL, DATEADD('YEAR', -1, CURRENT_TIMESTAMP), DATEADD('YEAR', -1, CURRENT_TIMESTAMP), NULL, FALSE, NULL, NULL, NULL, '000111222', 'Butikkbetjent', 'Butikkarbeid', 50, 10000, 0.12, 0.141, 1, NULL, NULL, NULL, NULL, NULL, TRUE, 'En middels god forklaring', 1200, 224, 1611, 13035, 6518, 'MIDLERTIDIG', 5223, 112968, 26070, 0.02, NULL, NULL, NULL, 5, NULL, NULL, NULL, NULL, U&'INNG\00c5', FALSE, NULL, NULL, NULL, NULL, NULL, 'Ola', 'Olsen', '12345678', TRUE, NULL, NULL, NULL, NULL, NULL),
                                          (UUID '44633b70-8666-42b4-a605-dbd6977e6a6d', UUID 'b5edc800-77d9-435d-8016-e12e5dbaeeca', 'Lilly', U&'L\00f8nning', '40000000', 'Pers butikk', 'Per', 'Kremmer', '99999999', 'Vera', 'Veileder', '44444444', 'Telefon hver uke', 'Ingen', CURRENT_DATE, DATEADD(dd, -(DAY(DATEADD(m,1,CURRENT_DATE))-1), DATEADD(m,12,CURRENT_DATE)), 50, '1', CURRENT_TIMESTAMP, CURRENT_TIMESTAMP, CURRENT_TIMESTAMP, FALSE, NULL, NULL, NULL, '22222222222', 'Butikkbetjent', 'Butikkarbeid', 60, 20000, 0.12, 0.141, 1, NULL, NULL, NULL, NULL, NULL, TRUE, 'En middels god forklaring', 10000, 400, 20400, 40800, 24480, 'FAST', 5223, 112968, 81600, 0.02, 'Q987654', NULL, NULL, 5, CURRENT_TIMESTAMP, CURRENT_TIMESTAMP, NULL, NULL, U&'INNG\00c5', FALSE, NULL, NULL, NULL, NULL, NULL, 'Ola', 'Olsen', '12345678', TRUE, NULL, NULL, NULL, NULL, NULL),
                                          (UUID 'd7ee1d83-fd5e-4e9f-b950-53cb4bdcfd64', UUID '4373d5fa-e372-4059-bea7-07290bc2bd7e', NULL, NULL, NULL, NULL, NULL, NULL, NULL, NULL, NULL, NULL, NULL, NULL, NULL, NULL, NULL, NULL, NULL, NULL, NULL, FALSE, NULL, NULL, NULL, NULL, 'Butikkbetjent', NULL, NULL, NULL, NULL, NULL, 1, 'Mentor', 'Mentorsen', 'Mentoroppgaver', 10.0, 1000, NULL, NULL, NULL, NULL, NULL, NULL, NULL, NULL, 5223, 112968, NULL, NULL, NULL, NULL, NULL, NULL, NULL, NULL, NULL, NULL, U&'INNG\00c5', FALSE, NULL, NULL, NULL, NULL, NULL, NULL, NULL, NULL, NULL, NULL, NULL, '44444444', NULL, NULL),
                                          (UUID '650f3fed-c6f4-4534-b9c0-861dc85b2ce8', UUID 'be77213d-5992-4b6f-a18f-b78028d6abf3', NULL, NULL, NULL, NULL, NULL, NULL, NULL, NULL, NULL, NULL, NULL, NULL, NULL, NULL, NULL, NULL, NULL, NULL, NULL, FALSE, NULL, NULL, NULL, NULL, NULL, NULL, NULL, NULL, NULL, NULL, 1, NULL, NULL, NULL, NULL, NULL, NULL, NULL, NULL, NULL, NULL, NULL, NULL, NULL, NULL, NULL, NULL, NULL, NULL, NULL, NULL, NULL, NULL, NULL, NULL, NULL, U&'INNG\00c5', FALSE, NULL, NULL, NULL, NULL, NULL, NULL, NULL, NULL, NULL, NULL, NULL, NULL, NULL, NULL),
                                          (UUID '0f42448c-dd69-4297-bdc3-5f9c532cba96', UUID 'be1f60eb-9211-4bcb-8b17-1724ceb3c2ff', NULL, NULL, NULL, NULL, NULL, NULL, NULL, NULL, NULL, NULL, NULL, NULL, NULL, NULL, NULL, NULL, NULL, NULL, NULL, FALSE, NULL, NULL, NULL, NULL, NULL, NULL, NULL, NULL, NULL, NULL, 1, NULL, NULL, NULL, NULL, NULL, NULL, NULL, NULL, NULL, NULL, NULL, NULL, NULL, NULL, NULL, NULL, NULL, NULL, NULL, NULL, NULL, NULL, NULL, NULL, NULL, U&'INNG\00c5', FALSE, NULL, NULL, NULL, NULL, NULL, NULL, NULL, NULL, NULL, NULL, NULL, NULL, NULL, NULL);
INSERT INTO "AVTALE_INNHOLD" VALUES
                                          (UUID '7f73a62b-3c34-42d0-9475-fba1f9038cec', UUID 'd892053f-233d-4f47-97d8-b7e2bcb955a9', NULL, NULL, NULL, NULL, NULL, NULL, NULL, NULL, NULL, NULL, NULL, NULL, NULL, NULL, NULL, NULL, NULL, NULL, NULL, FALSE, NULL, NULL, NULL, NULL, NULL, NULL, NULL, NULL, NULL, NULL, 1, NULL, NULL, NULL, NULL, NULL, NULL, NULL, NULL, NULL, NULL, NULL, NULL, NULL, NULL, NULL, NULL, NULL, NULL, NULL, NULL, NULL, NULL, NULL, NULL, NULL, U&'INNG\00c5', FALSE, NULL, NULL, NULL, NULL, NULL, NULL, NULL, NULL, NULL, NULL, NULL, NULL, NULL, NULL),
                                          (UUID 'dd717d4d-6cb3-454e-8381-3fd98c7f00b3', UUID '290257e5-deec-445c-850b-50336905f848', NULL, NULL, NULL, NULL, NULL, NULL, NULL, NULL, NULL, NULL, NULL, NULL, NULL, NULL, NULL, NULL, NULL, NULL, NULL, FALSE, NULL, NULL, NULL, NULL, NULL, NULL, NULL, NULL, NULL, NULL, 1, NULL, NULL, NULL, NULL, NULL, NULL, NULL, NULL, NULL, NULL, NULL, NULL, NULL, NULL, NULL, NULL, NULL, NULL, NULL, NULL, NULL, NULL, NULL, NULL, NULL, U&'INNG\00c5', FALSE, NULL, NULL, NULL, NULL, NULL, NULL, NULL, NULL, NULL, NULL, NULL, NULL, NULL, NULL),
                                          (UUID 'a17a6fa1-fd48-43a6-a6e7-e6aea5a60127', UUID '20ff46e5-b490-448b-83c2-a98764fcef26', NULL, NULL, NULL, NULL, NULL, NULL, NULL, NULL, NULL, NULL, NULL, NULL, NULL, NULL, NULL, NULL, NULL, NULL, NULL, FALSE, NULL, NULL, NULL, NULL, NULL, NULL, NULL, NULL, NULL, NULL, 1, NULL, NULL, NULL, NULL, NULL, NULL, NULL, NULL, NULL, NULL, NULL, NULL, NULL, NULL, NULL, NULL, NULL, NULL, NULL, NULL, NULL, NULL, NULL, NULL, NULL, U&'INNG\00c5', FALSE, NULL, NULL, NULL, NULL, NULL, NULL, NULL, NULL, NULL, NULL, NULL, NULL, NULL, NULL),
                                          (UUID '09d19337-6676-4cd5-a288-1e88fcb2ba11', UUID 'f4687669-0192-4911-8415-fc2719163e9d', NULL, NULL, NULL, NULL, NULL, NULL, NULL, NULL, NULL, NULL, NULL, NULL, NULL, NULL, NULL, NULL, NULL, NULL, NULL, FALSE, NULL, NULL, NULL, NULL, NULL, NULL, NULL, NULL, NULL, NULL, 1, NULL, NULL, NULL, NULL, NULL, NULL, NULL, NULL, NULL, NULL, NULL, NULL, NULL, NULL, NULL, NULL, NULL, NULL, NULL, NULL, NULL, NULL, NULL, NULL, NULL, U&'INNG\00c5', FALSE, NULL, NULL, NULL, NULL, NULL, NULL, NULL, NULL, NULL, NULL, NULL, NULL, NULL, NULL),
                                          (UUID 'dab99180-10f2-47a9-9dcf-5a51f3e8841a', UUID '751ab1a8-4cab-4412-b494-c2bf742eb132', 'Lilly', U&'L\00f8nning', '40000000', 'Pers butikk', 'Per', 'Kremmer', '99999999', 'Vera', 'Veileder', '44444444', 'Telefon hver uke', 'Ingen', DATEADD('YEAR', -1, CURRENT_DATE), DATEADD(dd, -(DAY(DATEADD(m,1,CURRENT_DATE))-2), DATEADD(m,12,CURRENT_DATE)), 50, NULL, CURRENT_TIMESTAMP, CURRENT_TIMESTAMP, CURRENT_TIMESTAMP, TRUE, TRUE, FALSE, FALSE, '22222222222', 'Butikkbetjent', 'Butikkarbeid', 60, 20000, 0.12, 0.141, 1, NULL, NULL, NULL, NULL, NULL, TRUE, 'En middels god forklaring', 10000, 400, 20400, 40800, 24480, 'FAST', 5223, 112968, 81600, 0.02, 'Z123456', NULL, NULL, 5, CURRENT_TIMESTAMP, NULL, NULL, NULL, U&'INNG\00c5', FALSE, NULL, NULL, NULL, NULL, NULL, 'Ola', 'Olsen', '12345678', TRUE, NULL, NULL, NULL, FALSE, NULL),
                                          (UUID 'ff3d634e-fb4e-4f24-96c0-147125fcc840', UUID '25a19073-518f-4df9-94ab-50fa1a5b0d35', 'Dagny', 'Deltaker', '40000000', 'Pers butikk', 'Per', 'Kremmer', '99999999', 'Vera', 'Veileder', '44444444', 'Telefon hver uke', 'Ingen', CURRENT_DATE, DATEADD(dd, -(DAY(DATEADD(m,1,CURRENT_DATE))-1), DATEADD(m,12,CURRENT_DATE)), 50, NULL, CURRENT_TIMESTAMP, CURRENT_TIMESTAMP, NULL, FALSE, NULL, NULL, NULL, '000111222', 'Butikkbetjent', 'Butikkarbeid', NULL, 6808, NULL, NULL, 1, NULL, NULL, NULL, NULL, NULL, FALSE, 'En middels god forklaring', NULL, NULL, NULL, NULL, NULL, 'FAST', NULL, NULL, NULL, NULL, NULL, NULL, NULL, 5, NULL, NULL, NULL, NULL, U&'INNG\00c5', FALSE, NULL, NULL, NULL, NULL, NULL, NULL, NULL, NULL, NULL, NULL, NULL, NULL, NULL, NULL);
CREATE INDEX "INDEX_7" ON "AVTALE_INNHOLD"("AVTALE" NULLS FIRST);
CREATE TABLE "AVTALE_MELDING"(
                                                 "MELDING_ID" UUID NOT NULL,
                                                 "AVTALE_ID" UUID,
                                                 "AVTALE_STATUS" CHARACTER VARYING,
                                                 "TIDSPUNKT" TIMESTAMP,
                                                 "HENDELSE_TYPE" CHARACTER VARYING,
                                                 "JSON" CHARACTER VARYING,
                                                 "SENDT" BOOLEAN DEFAULT FALSE NOT NULL,
                                                 "SENDT_COMPACTED" BOOLEAN DEFAULT FALSE NOT NULL
);
ALTER TABLE "AVTALE_MELDING" ADD CONSTRAINT "CONSTRAINT_39" PRIMARY KEY("MELDING_ID");
-- 50 +/- SELECT COUNT(*) FROM PUBLIC.AVTALE_MELDING;
INSERT INTO "AVTALE_MELDING" VALUES
                                          (UUID '010b80cb-c402-44d0-942e-9bf44753007e', UUID '1c626e26-d9b5-48a9-a285-3cc94f833de7', U&'GJENNOMF\00d8RES', CURRENT_TIMESTAMP, 'OPPRETTET', U&'{"hendelseType":"OPPRETTET","avtaleStatus":"GJENNOMF\00d8RES","deltakerFnr":"00000000000","mentorFnr":null,"bedriftNr":"999999999","veilederNavIdent":"Z123456","tiltakstype":"MIDLERTIDIG_LONNSTILSKUDD","opprettetTidspunkt":"2024-10-02T08:08:47.807707","avtaleId":"1c626e26-d9b5-48a9-a285-3cc94f833de7","avtaleNr":null,"sistEndret":"2024-10-02T06:08:47.815828Z","annullertTidspunkt":null,"annullertGrunn":null,"slettemerket":false,"opprettetAvArbeidsgiver":false,"enhetGeografisk":null,"enhetsnavnGeografisk":null,"enhetOppfolging":"0906","enhetsnavnOppfolging":"Oslo gamlebyen","godkjentForEtterregistrering":false,"kvalifiseringsgruppe":"VARIG","formidlingsgruppe":null,"tilskuddPeriode":[],"feilregistrert":false,"versjon":1,"deltakerFornavn":"Lilly","deltakerEtternavn":"L\00f8nning","deltakerTlf":"40000000","bedriftNavn":"Pers butikk","arbeidsgiverFornavn":"Per","arbeidsgiverEtternavn":"Kremmer","arbeidsgiverTlf":"99999999","veilederFornavn":"Vera","veilederEtternavn":"Veileder","veilederTlf":"44444444","oppfolging":"Telefon hver uke","tilrettelegging":"Ingen","startDato":"2024-10-02","sluttDato":"2025-10-01","stillingprosent":50,"journalpostId":"1","arbeidsoppgaver":"Butikkarbeid","stillingstittel":"Butikkbetjent","stillingStyrk08":5223,"stillingKonseptId":112968,"antallDagerPerUke":5,"refusjonKontaktperson":{"refusjonKontaktpersonFornavn":"Ola","refusjonKontaktpersonEtternavn":"Olsen","refusjonKontaktpersonTlf":"12345678","\00f8nskerVarslingOmRefusjon":true},"mentorFornavn":null,"mentorEtternavn":null,"mentorOppgaver":null,"mentorAntallTimer":null,"mentorTimelonn":null,"mentorTlf":null,"arbeidsgiverKontonummer":"22222222222","lonnstilskuddProsent":40,"manedslonn":20000,"feriepengesats":0.12,"arbeidsgiveravgift":0.141,"harFamilietilknytning":true,"familietilknytningForklaring":"En middels god forklaring","feriepengerBelop":10000,"otpSats":0.02,"otpBelop":400,"arbeidsgiveravgiftBelop":20400,"sumLonnsutgifter":40800,"sumLonnstilskudd":16320,"manedslonn100pst":81600,"sumL\00f8nnstilskuddRedusert":12240,"datoForRedusertProsent":"2025-04-02","stillingstype":"FAST","maal":[],"inkluderingstilskuddsutgift":[],"inkluderingstilskuddBegrunnelse":null,"inkluderingstilskuddTotalBel\00f8p":0,"godkjentAvDeltaker":"2024-10-02T08:08:47.816118","godkjentTaushetserkl\00e6ringAvMentor":null,"godkjentAvArbeidsgiver":"2024-10-02T08:08:47.816109","godkjentAvVeileder":"2024-10-02T08:08:47.81612","godkjentAvBeslutter":null,"avtaleInng\00e5tt":"2024-10-02T08:08:47.816122","ikrafttredelsestidspunkt":"2024-10-02T08:08:47.816148","godkjentAvNavIdent":"Q987654","godkjentAvBeslutterNavIdent":null,"enhetKostnadssted":null,"enhetsnavnKostnadssted":null,"godkjentPaVegneGrunn":null,"godkjentPaVegneAv":false,"godkjentPaVegneAvArbeidsgiverGrunn":null,"godkjentPaVegneAvArbeidsgiver":false,"innholdType":"INNG\00c5","utf\00f8rtAv":"Z123456","utf\00f8rtAvRolle":"VEILEDER"}', FALSE, FALSE),
                                          (UUID '29a6d891-51da-4af7-8acd-4d97f44a203a', UUID '1c626e26-d9b5-48a9-a285-3cc94f833de7', U&'GJENNOMF\00d8RES', CURRENT_TIMESTAMP, 'ENDRET', U&'{"hendelseType":"ENDRET","avtaleStatus":"GJENNOMF\00d8RES","deltakerFnr":"00000000000","mentorFnr":null,"bedriftNr":"999999999","veilederNavIdent":"Z123456","tiltakstype":"MIDLERTIDIG_LONNSTILSKUDD","opprettetTidspunkt":"2024-10-02T08:08:47.807707","avtaleId":"1c626e26-d9b5-48a9-a285-3cc94f833de7","avtaleNr":null,"sistEndret":"2024-10-02T06:08:47.815828Z","annullertTidspunkt":null,"annullertGrunn":null,"slettemerket":false,"opprettetAvArbeidsgiver":false,"enhetGeografisk":null,"enhetsnavnGeografisk":null,"enhetOppfolging":"0906","enhetsnavnOppfolging":"Oslo gamlebyen","godkjentForEtterregistrering":false,"kvalifiseringsgruppe":"VARIG","formidlingsgruppe":null,"tilskuddPeriode":[],"feilregistrert":false,"versjon":1,"deltakerFornavn":"Lilly","deltakerEtternavn":"L\00f8nning","deltakerTlf":"40000000","bedriftNavn":"Pers butikk","arbeidsgiverFornavn":"Per","arbeidsgiverEtternavn":"Kremmer","arbeidsgiverTlf":"99999999","veilederFornavn":"Vera","veilederEtternavn":"Veileder","veilederTlf":"44444444","oppfolging":"Telefon hver uke","tilrettelegging":"Ingen","startDato":"2024-10-02","sluttDato":"2025-10-01","stillingprosent":50,"journalpostId":"1","arbeidsoppgaver":"Butikkarbeid","stillingstittel":"Butikkbetjent","stillingStyrk08":5223,"stillingKonseptId":112968,"antallDagerPerUke":5,"refusjonKontaktperson":{"refusjonKontaktpersonFornavn":"Ola","refusjonKontaktpersonEtternavn":"Olsen","refusjonKontaktpersonTlf":"12345678","\00f8nskerVarslingOmRefusjon":true},"mentorFornavn":null,"mentorEtternavn":null,"mentorOppgaver":null,"mentorAntallTimer":null,"mentorTimelonn":null,"mentorTlf":null,"arbeidsgiverKontonummer":"22222222222","lonnstilskuddProsent":40,"manedslonn":20000,"feriepengesats":0.12,"arbeidsgiveravgift":0.141,"harFamilietilknytning":true,"familietilknytningForklaring":"En middels god forklaring","feriepengerBelop":10000,"otpSats":0.02,"otpBelop":400,"arbeidsgiveravgiftBelop":20400,"sumLonnsutgifter":40800,"sumLonnstilskudd":16320,"manedslonn100pst":81600,"sumL\00f8nnstilskuddRedusert":12240,"datoForRedusertProsent":"2025-04-02","stillingstype":"FAST","maal":[],"inkluderingstilskuddsutgift":[],"inkluderingstilskuddBegrunnelse":null,"inkluderingstilskuddTotalBel\00f8p":0,"godkjentAvDeltaker":"2024-10-02T08:08:47.816118","godkjentTaushetserkl\00e6ringAvMentor":null,"godkjentAvArbeidsgiver":"2024-10-02T08:08:47.816109","godkjentAvVeileder":"2024-10-02T08:08:47.81612","godkjentAvBeslutter":null,"avtaleInng\00e5tt":"2024-10-02T08:08:47.816122","ikrafttredelsestidspunkt":"2024-10-02T08:08:47.816148","godkjentAvNavIdent":"Q987654","godkjentAvBeslutterNavIdent":null,"enhetKostnadssted":null,"enhetsnavnKostnadssted":null,"godkjentPaVegneGrunn":null,"godkjentPaVegneAv":false,"godkjentPaVegneAvArbeidsgiverGrunn":null,"godkjentPaVegneAvArbeidsgiver":false,"innholdType":"INNG\00c5","utf\00f8rtAv":null,"utf\00f8rtAvRolle":"VEILEDER"}', FALSE, FALSE);
INSERT INTO "AVTALE_MELDING" VALUES
                                          (UUID '759664d0-ea34-4075-a1e9-96e334cea6b6', UUID '14ee7f8d-23dc-4f7a-b2df-7e3822700dce', U&'P\00c5BEGYNT', CURRENT_TIMESTAMP, 'OPPRETTET', U&'{"hendelseType":"OPPRETTET","avtaleStatus":"P\00c5BEGYNT","deltakerFnr":"00000000000","mentorFnr":null,"bedriftNr":"999999999","veilederNavIdent":"Z123456","tiltakstype":"ARBEIDSTRENING","opprettetTidspunkt":"2024-10-02T08:08:48.039641","avtaleId":"14ee7f8d-23dc-4f7a-b2df-7e3822700dce","avtaleNr":null,"sistEndret":"2024-10-02T06:08:48.039647Z","annullertTidspunkt":null,"annullertGrunn":null,"slettemerket":false,"opprettetAvArbeidsgiver":false,"enhetGeografisk":null,"enhetsnavnGeografisk":null,"enhetOppfolging":null,"enhetsnavnOppfolging":null,"godkjentForEtterregistrering":false,"kvalifiseringsgruppe":null,"formidlingsgruppe":null,"tilskuddPeriode":[],"feilregistrert":false,"versjon":1,"deltakerFornavn":null,"deltakerEtternavn":null,"deltakerTlf":null,"bedriftNavn":null,"arbeidsgiverFornavn":null,"arbeidsgiverEtternavn":null,"arbeidsgiverTlf":null,"veilederFornavn":null,"veilederEtternavn":null,"veilederTlf":null,"oppfolging":null,"tilrettelegging":null,"startDato":null,"sluttDato":null,"stillingprosent":null,"journalpostId":null,"arbeidsoppgaver":null,"stillingstittel":null,"stillingStyrk08":null,"stillingKonseptId":null,"antallDagerPerUke":null,"refusjonKontaktperson":null,"mentorFornavn":null,"mentorEtternavn":null,"mentorOppgaver":null,"mentorAntallTimer":null,"mentorTimelonn":null,"mentorTlf":null,"arbeidsgiverKontonummer":null,"lonnstilskuddProsent":null,"manedslonn":null,"feriepengesats":null,"arbeidsgiveravgift":null,"harFamilietilknytning":null,"familietilknytningForklaring":null,"feriepengerBelop":null,"otpSats":null,"otpBelop":null,"arbeidsgiveravgiftBelop":null,"sumLonnsutgifter":null,"sumLonnstilskudd":null,"manedslonn100pst":null,"sumL\00f8nnstilskuddRedusert":null,"datoForRedusertProsent":null,"stillingstype":null,"maal":[],"inkluderingstilskuddsutgift":[],"inkluderingstilskuddBegrunnelse":null,"inkluderingstilskuddTotalBel\00f8p":0,"godkjentAvDeltaker":null,"godkjentTaushetserkl\00e6ringAvMentor":null,"godkjentAvArbeidsgiver":null,"godkjentAvVeileder":null,"godkjentAvBeslutter":null,"avtaleInng\00e5tt":null,"ikrafttredelsestidspunkt":null,"godkjentAvNavIdent":null,"godkjentAvBeslutterNavIdent":null,"enhetKostnadssted":null,"enhetsnavnKostnadssted":null,"godkjentPaVegneGrunn":null,"godkjentPaVegneAv":false,"godkjentPaVegneAvArbeidsgiverGrunn":null,"godkjentPaVegneAvArbeidsgiver":false,"innholdType":"INNG\00c5","utf\00f8rtAv":"Z123456","utf\00f8rtAvRolle":"VEILEDER"}', FALSE, FALSE),
                                          (UUID '9c724f8f-4624-424e-a72a-131d795abfc0', UUID 'a266f8be-0ab3-4209-aed5-56d417374fd3', 'MANGLER_GODKJENNING', CURRENT_TIMESTAMP, 'OPPRETTET', U&'{"hendelseType":"OPPRETTET","avtaleStatus":"MANGLER_GODKJENNING","deltakerFnr":"00000000000","mentorFnr":"23090170716","bedriftNr":"999999999","veilederNavIdent":"Z123456","tiltakstype":"MENTOR","opprettetTidspunkt":"2024-10-02T08:08:48.051111","avtaleId":"a266f8be-0ab3-4209-aed5-56d417374fd3","avtaleNr":null,"sistEndret":"2024-10-02T06:08:48.051892Z","annullertTidspunkt":null,"annullertGrunn":null,"slettemerket":false,"opprettetAvArbeidsgiver":false,"enhetGeografisk":null,"enhetsnavnGeografisk":null,"enhetOppfolging":null,"enhetsnavnOppfolging":null,"godkjentForEtterregistrering":false,"kvalifiseringsgruppe":null,"formidlingsgruppe":null,"tilskuddPeriode":[],"feilregistrert":false,"versjon":1,"deltakerFornavn":"Dagny","deltakerEtternavn":"Deltaker","deltakerTlf":"40000000","bedriftNavn":"Pers butikk","arbeidsgiverFornavn":"Per","arbeidsgiverEtternavn":"Kremmer","arbeidsgiverTlf":"99999999","veilederFornavn":"Vera","veilederEtternavn":"Veileder","veilederTlf":"44444444","oppfolging":"Telefon hver uke","tilrettelegging":"Ingen","startDato":"2024-10-02","sluttDato":"2025-04-01","stillingprosent":null,"journalpostId":null,"arbeidsoppgaver":null,"stillingstittel":null,"stillingStyrk08":null,"stillingKonseptId":null,"antallDagerPerUke":null,"refusjonKontaktperson":null,"mentorFornavn":"Mentor","mentorEtternavn":"Mentorsen","mentorOppgaver":"Mentoroppgaver","mentorAntallTimer":10.0,"mentorTimelonn":1000,"mentorTlf":"44444444","arbeidsgiverKontonummer":null,"lonnstilskuddProsent":null,"manedslonn":null,"feriepengesats":null,"arbeidsgiveravgift":null,"harFamilietilknytning":true,"familietilknytningForklaring":"En middels god forklaring","feriepengerBelop":null,"otpSats":null,"otpBelop":null,"arbeidsgiveravgiftBelop":null,"sumLonnsutgifter":null,"sumLonnstilskudd":null,"manedslonn100pst":null,"sumL\00f8nnstilskuddRedusert":null,"datoForRedusertProsent":null,"stillingstype":null,"maal":[],"inkluderingstilskuddsutgift":[],"inkluderingstilskuddBegrunnelse":null,"inkluderingstilskuddTotalBel\00f8p":0,"godkjentAvDeltaker":null,"godkjentTaushetserkl\00e6ringAvMentor":"2024-10-02T08:08:48.051162","godkjentAvArbeidsgiver":null,"godkjentAvVeileder":null,"godkjentAvBeslutter":null,"avtaleInng\00e5tt":null,"ikrafttredelsestidspunkt":null,"godkjentAvNavIdent":null,"godkjentAvBeslutterNavIdent":null,"enhetKostnadssted":null,"enhetsnavnKostnadssted":null,"godkjentPaVegneGrunn":null,"godkjentPaVegneAv":false,"godkjentPaVegneAvArbeidsgiverGrunn":null,"godkjentPaVegneAvArbeidsgiver":false,"innholdType":"INNG\00c5","utf\00f8rtAv":"Z123456","utf\00f8rtAvRolle":"VEILEDER"}', FALSE, FALSE);
INSERT INTO "AVTALE_MELDING" VALUES
                                          (UUID '1f881417-1365-4ab4-b2f5-41f34df55d14', UUID 'a266f8be-0ab3-4209-aed5-56d417374fd3', 'MANGLER_GODKJENNING', CURRENT_TIMESTAMP, 'SIGNERT_AV_MENTOR', U&'{"hendelseType":"SIGNERT_AV_MENTOR","avtaleStatus":"MANGLER_GODKJENNING","deltakerFnr":"00000000000","mentorFnr":"23090170716","bedriftNr":"999999999","veilederNavIdent":"Z123456","tiltakstype":"MENTOR","opprettetTidspunkt":"2024-10-02T08:08:48.051111","avtaleId":"a266f8be-0ab3-4209-aed5-56d417374fd3","avtaleNr":null,"sistEndret":"2024-10-02T06:08:48.051892Z","annullertTidspunkt":null,"annullertGrunn":null,"slettemerket":false,"opprettetAvArbeidsgiver":false,"enhetGeografisk":null,"enhetsnavnGeografisk":null,"enhetOppfolging":null,"enhetsnavnOppfolging":null,"godkjentForEtterregistrering":false,"kvalifiseringsgruppe":null,"formidlingsgruppe":null,"tilskuddPeriode":[],"feilregistrert":false,"versjon":1,"deltakerFornavn":"Dagny","deltakerEtternavn":"Deltaker","deltakerTlf":"40000000","bedriftNavn":"Pers butikk","arbeidsgiverFornavn":"Per","arbeidsgiverEtternavn":"Kremmer","arbeidsgiverTlf":"99999999","veilederFornavn":"Vera","veilederEtternavn":"Veileder","veilederTlf":"44444444","oppfolging":"Telefon hver uke","tilrettelegging":"Ingen","startDato":"2024-10-02","sluttDato":"2025-04-01","stillingprosent":null,"journalpostId":null,"arbeidsoppgaver":null,"stillingstittel":null,"stillingStyrk08":null,"stillingKonseptId":null,"antallDagerPerUke":null,"refusjonKontaktperson":null,"mentorFornavn":"Mentor","mentorEtternavn":"Mentorsen","mentorOppgaver":"Mentoroppgaver","mentorAntallTimer":10.0,"mentorTimelonn":1000,"mentorTlf":"44444444","arbeidsgiverKontonummer":null,"lonnstilskuddProsent":null,"manedslonn":null,"feriepengesats":null,"arbeidsgiveravgift":null,"harFamilietilknytning":true,"familietilknytningForklaring":"En middels god forklaring","feriepengerBelop":null,"otpSats":null,"otpBelop":null,"arbeidsgiveravgiftBelop":null,"sumLonnsutgifter":null,"sumLonnstilskudd":null,"manedslonn100pst":null,"sumL\00f8nnstilskuddRedusert":null,"datoForRedusertProsent":null,"stillingstype":null,"maal":[],"inkluderingstilskuddsutgift":[],"inkluderingstilskuddBegrunnelse":null,"inkluderingstilskuddTotalBel\00f8p":0,"godkjentAvDeltaker":null,"godkjentTaushetserkl\00e6ringAvMentor":"2024-10-02T08:08:48.051162","godkjentAvArbeidsgiver":null,"godkjentAvVeileder":null,"godkjentAvBeslutter":null,"avtaleInng\00e5tt":null,"ikrafttredelsestidspunkt":null,"godkjentAvNavIdent":null,"godkjentAvBeslutterNavIdent":null,"enhetKostnadssted":null,"enhetsnavnKostnadssted":null,"godkjentPaVegneGrunn":null,"godkjentPaVegneAv":false,"godkjentPaVegneAvArbeidsgiverGrunn":null,"godkjentPaVegneAvArbeidsgiver":false,"innholdType":"INNG\00c5","utf\00f8rtAv":"23090170716","utf\00f8rtAvRolle":"MENTOR"}', FALSE, FALSE),
                                          (UUID 'a15ebab7-0f79-449d-b41b-fc5fcd336ae3', UUID 'a266f8be-0ab3-4209-aed5-56d417374fd3', 'MANGLER_GODKJENNING', CURRENT_TIMESTAMP, 'ENDRET', U&'{"hendelseType":"ENDRET","avtaleStatus":"MANGLER_GODKJENNING","deltakerFnr":"00000000000","mentorFnr":"23090170716","bedriftNr":"999999999","veilederNavIdent":"Z123456","tiltakstype":"MENTOR","opprettetTidspunkt":"2024-10-02T08:08:48.051111","avtaleId":"a266f8be-0ab3-4209-aed5-56d417374fd3","avtaleNr":null,"sistEndret":"2024-10-02T06:08:48.051892Z","annullertTidspunkt":null,"annullertGrunn":null,"slettemerket":false,"opprettetAvArbeidsgiver":false,"enhetGeografisk":null,"enhetsnavnGeografisk":null,"enhetOppfolging":null,"enhetsnavnOppfolging":null,"godkjentForEtterregistrering":false,"kvalifiseringsgruppe":null,"formidlingsgruppe":null,"tilskuddPeriode":[],"feilregistrert":false,"versjon":1,"deltakerFornavn":"Dagny","deltakerEtternavn":"Deltaker","deltakerTlf":"40000000","bedriftNavn":"Pers butikk","arbeidsgiverFornavn":"Per","arbeidsgiverEtternavn":"Kremmer","arbeidsgiverTlf":"99999999","veilederFornavn":"Vera","veilederEtternavn":"Veileder","veilederTlf":"44444444","oppfolging":"Telefon hver uke","tilrettelegging":"Ingen","startDato":"2024-10-02","sluttDato":"2025-04-01","stillingprosent":null,"journalpostId":null,"arbeidsoppgaver":null,"stillingstittel":null,"stillingStyrk08":null,"stillingKonseptId":null,"antallDagerPerUke":null,"refusjonKontaktperson":null,"mentorFornavn":"Mentor","mentorEtternavn":"Mentorsen","mentorOppgaver":"Mentoroppgaver","mentorAntallTimer":10.0,"mentorTimelonn":1000,"mentorTlf":"44444444","arbeidsgiverKontonummer":null,"lonnstilskuddProsent":null,"manedslonn":null,"feriepengesats":null,"arbeidsgiveravgift":null,"harFamilietilknytning":true,"familietilknytningForklaring":"En middels god forklaring","feriepengerBelop":null,"otpSats":null,"otpBelop":null,"arbeidsgiveravgiftBelop":null,"sumLonnsutgifter":null,"sumLonnstilskudd":null,"manedslonn100pst":null,"sumL\00f8nnstilskuddRedusert":null,"datoForRedusertProsent":null,"stillingstype":null,"maal":[],"inkluderingstilskuddsutgift":[],"inkluderingstilskuddBegrunnelse":null,"inkluderingstilskuddTotalBel\00f8p":0,"godkjentAvDeltaker":null,"godkjentTaushetserkl\00e6ringAvMentor":"2024-10-02T08:08:48.051162","godkjentAvArbeidsgiver":null,"godkjentAvVeileder":null,"godkjentAvBeslutter":null,"avtaleInng\00e5tt":null,"ikrafttredelsestidspunkt":null,"godkjentAvNavIdent":null,"godkjentAvBeslutterNavIdent":null,"enhetKostnadssted":null,"enhetsnavnKostnadssted":null,"godkjentPaVegneGrunn":null,"godkjentPaVegneAv":false,"godkjentPaVegneAvArbeidsgiverGrunn":null,"godkjentPaVegneAvArbeidsgiver":false,"innholdType":"INNG\00c5","utf\00f8rtAv":null,"utf\00f8rtAvRolle":"VEILEDER"}', FALSE, FALSE);
INSERT INTO "AVTALE_MELDING" VALUES
                                          (UUID 'df375117-117c-4625-9204-c26cd090f0d9', UUID 'ffb7723b-8f7f-4479-bd05-d5384a95d816', 'MANGLER_GODKJENNING', CURRENT_TIMESTAMP, 'OPPRETTET', U&'{"hendelseType":"OPPRETTET","avtaleStatus":"MANGLER_GODKJENNING","deltakerFnr":"00000000000","mentorFnr":"23090170716","bedriftNr":"999999999","veilederNavIdent":"Z123456","tiltakstype":"MENTOR","opprettetTidspunkt":"2024-10-02T08:08:48.070423","avtaleId":"ffb7723b-8f7f-4479-bd05-d5384a95d816","avtaleNr":null,"sistEndret":"2024-10-02T06:08:48.070455Z","annullertTidspunkt":null,"annullertGrunn":null,"slettemerket":false,"opprettetAvArbeidsgiver":false,"enhetGeografisk":null,"enhetsnavnGeografisk":null,"enhetOppfolging":null,"enhetsnavnOppfolging":null,"godkjentForEtterregistrering":false,"kvalifiseringsgruppe":null,"formidlingsgruppe":null,"tilskuddPeriode":[],"feilregistrert":false,"versjon":1,"deltakerFornavn":"Dagny","deltakerEtternavn":"Deltaker","deltakerTlf":"40000000","bedriftNavn":"Pers butikk","arbeidsgiverFornavn":"Per","arbeidsgiverEtternavn":"Kremmer","arbeidsgiverTlf":"99999999","veilederFornavn":"Vera","veilederEtternavn":"Veileder","veilederTlf":"44444444","oppfolging":"Telefon hver uke","tilrettelegging":"Ingen","startDato":"2024-10-02","sluttDato":"2025-04-01","stillingprosent":null,"journalpostId":null,"arbeidsoppgaver":null,"stillingstittel":null,"stillingStyrk08":null,"stillingKonseptId":null,"antallDagerPerUke":null,"refusjonKontaktperson":null,"mentorFornavn":"Mentor","mentorEtternavn":"Mentorsen","mentorOppgaver":"Mentoroppgaver","mentorAntallTimer":10.0,"mentorTimelonn":1000,"mentorTlf":"44444444","arbeidsgiverKontonummer":null,"lonnstilskuddProsent":null,"manedslonn":null,"feriepengesats":null,"arbeidsgiveravgift":null,"harFamilietilknytning":true,"familietilknytningForklaring":"En middels god forklaring","feriepengerBelop":null,"otpSats":null,"otpBelop":null,"arbeidsgiveravgiftBelop":null,"sumLonnsutgifter":null,"sumLonnstilskudd":null,"manedslonn100pst":null,"sumL\00f8nnstilskuddRedusert":null,"datoForRedusertProsent":null,"stillingstype":null,"maal":[],"inkluderingstilskuddsutgift":[],"inkluderingstilskuddBegrunnelse":null,"inkluderingstilskuddTotalBel\00f8p":0,"godkjentAvDeltaker":null,"godkjentTaushetserkl\00e6ringAvMentor":null,"godkjentAvArbeidsgiver":null,"godkjentAvVeileder":null,"godkjentAvBeslutter":null,"avtaleInng\00e5tt":null,"ikrafttredelsestidspunkt":null,"godkjentAvNavIdent":null,"godkjentAvBeslutterNavIdent":null,"enhetKostnadssted":null,"enhetsnavnKostnadssted":null,"godkjentPaVegneGrunn":null,"godkjentPaVegneAv":false,"godkjentPaVegneAvArbeidsgiverGrunn":null,"godkjentPaVegneAvArbeidsgiver":false,"innholdType":"INNG\00c5","utf\00f8rtAv":"Z123456","utf\00f8rtAvRolle":"VEILEDER"}', FALSE, FALSE),
                                          (UUID 'ad81d23c-bc13-4da9-930d-48d31f35ef52', UUID 'ffb7723b-8f7f-4479-bd05-d5384a95d816', 'MANGLER_GODKJENNING', CURRENT_TIMESTAMP, 'ENDRET', U&'{"hendelseType":"ENDRET","avtaleStatus":"MANGLER_GODKJENNING","deltakerFnr":"00000000000","mentorFnr":"23090170716","bedriftNr":"999999999","veilederNavIdent":"Z123456","tiltakstype":"MENTOR","opprettetTidspunkt":"2024-10-02T08:08:48.070423","avtaleId":"ffb7723b-8f7f-4479-bd05-d5384a95d816","avtaleNr":null,"sistEndret":"2024-10-02T06:08:48.070455Z","annullertTidspunkt":null,"annullertGrunn":null,"slettemerket":false,"opprettetAvArbeidsgiver":false,"enhetGeografisk":null,"enhetsnavnGeografisk":null,"enhetOppfolging":null,"enhetsnavnOppfolging":null,"godkjentForEtterregistrering":false,"kvalifiseringsgruppe":null,"formidlingsgruppe":null,"tilskuddPeriode":[],"feilregistrert":false,"versjon":1,"deltakerFornavn":"Dagny","deltakerEtternavn":"Deltaker","deltakerTlf":"40000000","bedriftNavn":"Pers butikk","arbeidsgiverFornavn":"Per","arbeidsgiverEtternavn":"Kremmer","arbeidsgiverTlf":"99999999","veilederFornavn":"Vera","veilederEtternavn":"Veileder","veilederTlf":"44444444","oppfolging":"Telefon hver uke","tilrettelegging":"Ingen","startDato":"2024-10-02","sluttDato":"2025-04-01","stillingprosent":null,"journalpostId":null,"arbeidsoppgaver":null,"stillingstittel":null,"stillingStyrk08":null,"stillingKonseptId":null,"antallDagerPerUke":null,"refusjonKontaktperson":null,"mentorFornavn":"Mentor","mentorEtternavn":"Mentorsen","mentorOppgaver":"Mentoroppgaver","mentorAntallTimer":10.0,"mentorTimelonn":1000,"mentorTlf":"44444444","arbeidsgiverKontonummer":null,"lonnstilskuddProsent":null,"manedslonn":null,"feriepengesats":null,"arbeidsgiveravgift":null,"harFamilietilknytning":true,"familietilknytningForklaring":"En middels god forklaring","feriepengerBelop":null,"otpSats":null,"otpBelop":null,"arbeidsgiveravgiftBelop":null,"sumLonnsutgifter":null,"sumLonnstilskudd":null,"manedslonn100pst":null,"sumL\00f8nnstilskuddRedusert":null,"datoForRedusertProsent":null,"stillingstype":null,"maal":[],"inkluderingstilskuddsutgift":[],"inkluderingstilskuddBegrunnelse":null,"inkluderingstilskuddTotalBel\00f8p":0,"godkjentAvDeltaker":null,"godkjentTaushetserkl\00e6ringAvMentor":null,"godkjentAvArbeidsgiver":null,"godkjentAvVeileder":null,"godkjentAvBeslutter":null,"avtaleInng\00e5tt":null,"ikrafttredelsestidspunkt":null,"godkjentAvNavIdent":null,"godkjentAvBeslutterNavIdent":null,"enhetKostnadssted":null,"enhetsnavnKostnadssted":null,"godkjentPaVegneGrunn":null,"godkjentPaVegneAv":false,"godkjentPaVegneAvArbeidsgiverGrunn":null,"godkjentPaVegneAvArbeidsgiver":false,"innholdType":"INNG\00c5","utf\00f8rtAv":null,"utf\00f8rtAvRolle":"VEILEDER"}', FALSE, FALSE);
INSERT INTO "AVTALE_MELDING" VALUES
                                          (UUID 'fbbe2a9f-116d-424c-94b6-41a2436f6f8c', UUID '0df24350-3c64-4023-b3d9-4526314df544', 'MANGLER_GODKJENNING', CURRENT_TIMESTAMP, 'OPPRETTET', U&'{"hendelseType":"OPPRETTET","avtaleStatus":"MANGLER_GODKJENNING","deltakerFnr":"00000000000","mentorFnr":null,"bedriftNr":"999999999","veilederNavIdent":"Z123456","tiltakstype":"INKLUDERINGSTILSKUDD","opprettetTidspunkt":"2024-10-02T08:08:48.08254","avtaleId":"0df24350-3c64-4023-b3d9-4526314df544","avtaleNr":null,"sistEndret":"2024-10-02T06:08:48.083699Z","annullertTidspunkt":null,"annullertGrunn":null,"slettemerket":false,"opprettetAvArbeidsgiver":false,"enhetGeografisk":null,"enhetsnavnGeografisk":null,"enhetOppfolging":null,"enhetsnavnOppfolging":null,"godkjentForEtterregistrering":false,"kvalifiseringsgruppe":null,"formidlingsgruppe":null,"tilskuddPeriode":[],"feilregistrert":false,"versjon":1,"deltakerFornavn":"Dagny","deltakerEtternavn":"Deltaker","deltakerTlf":"40000000","bedriftNavn":"Pers butikk","arbeidsgiverFornavn":"Per","arbeidsgiverEtternavn":"Kremmer","arbeidsgiverTlf":"99999999","veilederFornavn":"Vera","veilederEtternavn":"Veileder","veilederTlf":"44444444","oppfolging":"Telefon hver uke","tilrettelegging":"Ingen","startDato":"2024-10-02","sluttDato":"2024-10-16","stillingprosent":null,"journalpostId":null,"arbeidsoppgaver":null,"stillingstittel":null,"stillingStyrk08":null,"stillingKonseptId":null,"antallDagerPerUke":null,"refusjonKontaktperson":null,"mentorFornavn":null,"mentorEtternavn":null,"mentorOppgaver":null,"mentorAntallTimer":null,"mentorTimelonn":null,"mentorTlf":null,"arbeidsgiverKontonummer":null,"lonnstilskuddProsent":null,"manedslonn":null,"feriepengesats":null,"arbeidsgiveravgift":null,"harFamilietilknytning":true,"familietilknytningForklaring":"En middels god forklaring","feriepengerBelop":null,"otpSats":null,"otpBelop":null,"arbeidsgiveravgiftBelop":null,"sumLonnsutgifter":null,"sumLonnstilskudd":null,"manedslonn100pst":null,"sumL\00f8nnstilskuddRedusert":null,"datoForRedusertProsent":null,"stillingstype":null,"maal":[],"inkluderingstilskuddsutgift":[{"id":"efc7548d-27ef-4174-92e3-c2d5f1e2d18b","bel\00f8p":13337,"type":"PROGRAMVARE"},{"id":"89f1cef7-0dbe-40e7-9bd7-ffc1f7a81ca0","bel\00f8p":25697,"type":"OPPL\00c6RING"},{"id":"b9d658cd-caa2-4236-ae3e-de063ddb3b72","bel\00f8p":7195,"type":"UTSTYR"}],"inkluderingstilskuddBegrunnelse":"Behov for tilskudd til dyre programvarelisenser og oppl\00e6ring i disse.","inkluderingstilskuddTotalBel\00f8p":46229,"godkjentAvDeltaker":null,"godkjentTaushetserkl\00e6ringAvMentor":null,"godkjentAvArbeidsgiver":null,"godkjentAvVeileder":null,"godkjentAvBeslutter":null,"avtaleInng\00e5tt":null,"ikrafttredelsestidspunkt":null,"godkjentAvNavIdent":null,"godkjentAvBeslutterNavIdent":null,"enhetKostnadssted":null,"enhetsnavnKostnadssted":null,"godkjentPaVegneGrunn":null,"godkjentPaVegneAv":false,"godkjentPaVegneAvArbeidsgiverGrunn":null,"godkjentPaVegneAvArbeidsgiver":false,"innholdType":"INNG\00c5","utf\00f8rtAv":"Z123456","utf\00f8rtAvRolle":"VEILEDER"}', FALSE, FALSE),
                                          (UUID '81c6687a-110e-4990-8a72-7ca9b06705e3', UUID '0df24350-3c64-4023-b3d9-4526314df544', 'MANGLER_GODKJENNING', CURRENT_TIMESTAMP, 'ENDRET', U&'{"hendelseType":"ENDRET","avtaleStatus":"MANGLER_GODKJENNING","deltakerFnr":"00000000000","mentorFnr":null,"bedriftNr":"999999999","veilederNavIdent":"Z123456","tiltakstype":"INKLUDERINGSTILSKUDD","opprettetTidspunkt":"2024-10-02T08:08:48.08254","avtaleId":"0df24350-3c64-4023-b3d9-4526314df544","avtaleNr":null,"sistEndret":"2024-10-02T06:08:48.083699Z","annullertTidspunkt":null,"annullertGrunn":null,"slettemerket":false,"opprettetAvArbeidsgiver":false,"enhetGeografisk":null,"enhetsnavnGeografisk":null,"enhetOppfolging":null,"enhetsnavnOppfolging":null,"godkjentForEtterregistrering":false,"kvalifiseringsgruppe":null,"formidlingsgruppe":null,"tilskuddPeriode":[],"feilregistrert":false,"versjon":1,"deltakerFornavn":"Dagny","deltakerEtternavn":"Deltaker","deltakerTlf":"40000000","bedriftNavn":"Pers butikk","arbeidsgiverFornavn":"Per","arbeidsgiverEtternavn":"Kremmer","arbeidsgiverTlf":"99999999","veilederFornavn":"Vera","veilederEtternavn":"Veileder","veilederTlf":"44444444","oppfolging":"Telefon hver uke","tilrettelegging":"Ingen","startDato":"2024-10-02","sluttDato":"2024-10-16","stillingprosent":null,"journalpostId":null,"arbeidsoppgaver":null,"stillingstittel":null,"stillingStyrk08":null,"stillingKonseptId":null,"antallDagerPerUke":null,"refusjonKontaktperson":null,"mentorFornavn":null,"mentorEtternavn":null,"mentorOppgaver":null,"mentorAntallTimer":null,"mentorTimelonn":null,"mentorTlf":null,"arbeidsgiverKontonummer":null,"lonnstilskuddProsent":null,"manedslonn":null,"feriepengesats":null,"arbeidsgiveravgift":null,"harFamilietilknytning":true,"familietilknytningForklaring":"En middels god forklaring","feriepengerBelop":null,"otpSats":null,"otpBelop":null,"arbeidsgiveravgiftBelop":null,"sumLonnsutgifter":null,"sumLonnstilskudd":null,"manedslonn100pst":null,"sumL\00f8nnstilskuddRedusert":null,"datoForRedusertProsent":null,"stillingstype":null,"maal":[],"inkluderingstilskuddsutgift":[{"id":"efc7548d-27ef-4174-92e3-c2d5f1e2d18b","bel\00f8p":13337,"type":"PROGRAMVARE"},{"id":"89f1cef7-0dbe-40e7-9bd7-ffc1f7a81ca0","bel\00f8p":25697,"type":"OPPL\00c6RING"},{"id":"b9d658cd-caa2-4236-ae3e-de063ddb3b72","bel\00f8p":7195,"type":"UTSTYR"}],"inkluderingstilskuddBegrunnelse":"Behov for tilskudd til dyre programvarelisenser og oppl\00e6ring i disse.","inkluderingstilskuddTotalBel\00f8p":46229,"godkjentAvDeltaker":null,"godkjentTaushetserkl\00e6ringAvMentor":null,"godkjentAvArbeidsgiver":null,"godkjentAvVeileder":null,"godkjentAvBeslutter":null,"avtaleInng\00e5tt":null,"ikrafttredelsestidspunkt":null,"godkjentAvNavIdent":null,"godkjentAvBeslutterNavIdent":null,"enhetKostnadssted":null,"enhetsnavnKostnadssted":null,"godkjentPaVegneGrunn":null,"godkjentPaVegneAv":false,"godkjentPaVegneAvArbeidsgiverGrunn":null,"godkjentPaVegneAvArbeidsgiver":false,"innholdType":"INNG\00c5","utf\00f8rtAv":null,"utf\00f8rtAvRolle":"VEILEDER"}', FALSE, FALSE);
INSERT INTO "AVTALE_MELDING" VALUES
                                          (UUID '09619268-be5f-47a8-b0ef-b231f09508bc', UUID '3a0e7ed6-b406-44fd-a53c-4beac2b4666d', 'MANGLER_GODKJENNING', CURRENT_TIMESTAMP, 'OPPRETTET', U&'{"hendelseType":"OPPRETTET","avtaleStatus":"MANGLER_GODKJENNING","deltakerFnr":"00000000000","mentorFnr":null,"bedriftNr":"999999999","veilederNavIdent":"Z123456","tiltakstype":"INKLUDERINGSTILSKUDD","opprettetTidspunkt":"2024-10-02T08:08:48.100907","avtaleId":"3a0e7ed6-b406-44fd-a53c-4beac2b4666d","avtaleNr":null,"sistEndret":"2024-10-02T06:08:48.100946Z","annullertTidspunkt":null,"annullertGrunn":null,"slettemerket":false,"opprettetAvArbeidsgiver":false,"enhetGeografisk":null,"enhetsnavnGeografisk":null,"enhetOppfolging":null,"enhetsnavnOppfolging":null,"godkjentForEtterregistrering":false,"kvalifiseringsgruppe":null,"formidlingsgruppe":null,"tilskuddPeriode":[],"feilregistrert":false,"versjon":1,"deltakerFornavn":"Dagny","deltakerEtternavn":"Deltaker","deltakerTlf":"40000000","bedriftNavn":"Pers butikk","arbeidsgiverFornavn":"Per","arbeidsgiverEtternavn":"Kremmer","arbeidsgiverTlf":"99999999","veilederFornavn":"Vera","veilederEtternavn":"Veileder","veilederTlf":"44444444","oppfolging":"Telefon hver uke","tilrettelegging":"Ingen","startDato":"2024-10-02","sluttDato":"2024-10-16","stillingprosent":null,"journalpostId":null,"arbeidsoppgaver":null,"stillingstittel":null,"stillingStyrk08":null,"stillingKonseptId":null,"antallDagerPerUke":null,"refusjonKontaktperson":null,"mentorFornavn":null,"mentorEtternavn":null,"mentorOppgaver":null,"mentorAntallTimer":null,"mentorTimelonn":null,"mentorTlf":null,"arbeidsgiverKontonummer":null,"lonnstilskuddProsent":null,"manedslonn":null,"feriepengesats":null,"arbeidsgiveravgift":null,"harFamilietilknytning":true,"familietilknytningForklaring":"En middels god forklaring","feriepengerBelop":null,"otpSats":null,"otpBelop":null,"arbeidsgiveravgiftBelop":null,"sumLonnsutgifter":null,"sumLonnstilskudd":null,"manedslonn100pst":null,"sumL\00f8nnstilskuddRedusert":null,"datoForRedusertProsent":null,"stillingstype":null,"maal":[],"inkluderingstilskuddsutgift":[{"id":"1a029e09-b210-411c-8ec5-3f6f0412aef7","bel\00f8p":13337,"type":"PROGRAMVARE"},{"id":"a4503b88-5530-41fc-bd8e-071775ee0c2e","bel\00f8p":25697,"type":"OPPL\00c6RING"},{"id":"55da5ea9-0409-4a2c-8bfd-6240e8066cf7","bel\00f8p":7195,"type":"UTSTYR"}],"inkluderingstilskuddBegrunnelse":"Behov for tilskudd til dyre programvarelisenser og oppl\00e6ring i disse.","inkluderingstilskuddTotalBel\00f8p":46229,"godkjentAvDeltaker":null,"godkjentTaushetserkl\00e6ringAvMentor":null,"godkjentAvArbeidsgiver":"2024-10-02T08:08:48.100948","godkjentAvVeileder":null,"godkjentAvBeslutter":null,"avtaleInng\00e5tt":null,"ikrafttredelsestidspunkt":null,"godkjentAvNavIdent":null,"godkjentAvBeslutterNavIdent":null,"enhetKostnadssted":null,"enhetsnavnKostnadssted":null,"godkjentPaVegneGrunn":null,"godkjentPaVegneAv":false,"godkjentPaVegneAvArbeidsgiverGrunn":null,"godkjentPaVegneAvArbeidsgiver":false,"innholdType":"INNG\00c5","utf\00f8rtAv":"Z123456","utf\00f8rtAvRolle":"VEILEDER"}', FALSE, FALSE),
                                          (UUID '67f9fe6d-bc13-40eb-8a4b-00bd84a19373', UUID '3a0e7ed6-b406-44fd-a53c-4beac2b4666d', 'MANGLER_GODKJENNING', CURRENT_TIMESTAMP, 'ENDRET', U&'{"hendelseType":"ENDRET","avtaleStatus":"MANGLER_GODKJENNING","deltakerFnr":"00000000000","mentorFnr":null,"bedriftNr":"999999999","veilederNavIdent":"Z123456","tiltakstype":"INKLUDERINGSTILSKUDD","opprettetTidspunkt":"2024-10-02T08:08:48.100907","avtaleId":"3a0e7ed6-b406-44fd-a53c-4beac2b4666d","avtaleNr":null,"sistEndret":"2024-10-02T06:08:48.100946Z","annullertTidspunkt":null,"annullertGrunn":null,"slettemerket":false,"opprettetAvArbeidsgiver":false,"enhetGeografisk":null,"enhetsnavnGeografisk":null,"enhetOppfolging":null,"enhetsnavnOppfolging":null,"godkjentForEtterregistrering":false,"kvalifiseringsgruppe":null,"formidlingsgruppe":null,"tilskuddPeriode":[],"feilregistrert":false,"versjon":1,"deltakerFornavn":"Dagny","deltakerEtternavn":"Deltaker","deltakerTlf":"40000000","bedriftNavn":"Pers butikk","arbeidsgiverFornavn":"Per","arbeidsgiverEtternavn":"Kremmer","arbeidsgiverTlf":"99999999","veilederFornavn":"Vera","veilederEtternavn":"Veileder","veilederTlf":"44444444","oppfolging":"Telefon hver uke","tilrettelegging":"Ingen","startDato":"2024-10-02","sluttDato":"2024-10-16","stillingprosent":null,"journalpostId":null,"arbeidsoppgaver":null,"stillingstittel":null,"stillingStyrk08":null,"stillingKonseptId":null,"antallDagerPerUke":null,"refusjonKontaktperson":null,"mentorFornavn":null,"mentorEtternavn":null,"mentorOppgaver":null,"mentorAntallTimer":null,"mentorTimelonn":null,"mentorTlf":null,"arbeidsgiverKontonummer":null,"lonnstilskuddProsent":null,"manedslonn":null,"feriepengesats":null,"arbeidsgiveravgift":null,"harFamilietilknytning":true,"familietilknytningForklaring":"En middels god forklaring","feriepengerBelop":null,"otpSats":null,"otpBelop":null,"arbeidsgiveravgiftBelop":null,"sumLonnsutgifter":null,"sumLonnstilskudd":null,"manedslonn100pst":null,"sumL\00f8nnstilskuddRedusert":null,"datoForRedusertProsent":null,"stillingstype":null,"maal":[],"inkluderingstilskuddsutgift":[{"id":"1a029e09-b210-411c-8ec5-3f6f0412aef7","bel\00f8p":13337,"type":"PROGRAMVARE"},{"id":"a4503b88-5530-41fc-bd8e-071775ee0c2e","bel\00f8p":25697,"type":"OPPL\00c6RING"},{"id":"55da5ea9-0409-4a2c-8bfd-6240e8066cf7","bel\00f8p":7195,"type":"UTSTYR"}],"inkluderingstilskuddBegrunnelse":"Behov for tilskudd til dyre programvarelisenser og oppl\00e6ring i disse.","inkluderingstilskuddTotalBel\00f8p":46229,"godkjentAvDeltaker":null,"godkjentTaushetserkl\00e6ringAvMentor":null,"godkjentAvArbeidsgiver":"2024-10-02T08:08:48.100948","godkjentAvVeileder":null,"godkjentAvBeslutter":null,"avtaleInng\00e5tt":null,"ikrafttredelsestidspunkt":null,"godkjentAvNavIdent":null,"godkjentAvBeslutterNavIdent":null,"enhetKostnadssted":null,"enhetsnavnKostnadssted":null,"godkjentPaVegneGrunn":null,"godkjentPaVegneAv":false,"godkjentPaVegneAvArbeidsgiverGrunn":null,"godkjentPaVegneAvArbeidsgiver":false,"innholdType":"INNG\00c5","utf\00f8rtAv":null,"utf\00f8rtAvRolle":"VEILEDER"}', FALSE, FALSE);
INSERT INTO "AVTALE_MELDING" VALUES
                                          (UUID '65e4713c-fdb2-4264-95c8-b6a73b343542', UUID '948e4acc-2fd1-4e70-ac2c-1ffa2fe27095', 'MANGLER_GODKJENNING', CURRENT_TIMESTAMP, 'OPPRETTET', U&'{"hendelseType":"OPPRETTET","avtaleStatus":"MANGLER_GODKJENNING","deltakerFnr":"00000000000","mentorFnr":null,"bedriftNr":"999999999","veilederNavIdent":"Z123456","tiltakstype":"ARBEIDSTRENING","opprettetTidspunkt":"2024-10-02T08:08:48.112797","avtaleId":"948e4acc-2fd1-4e70-ac2c-1ffa2fe27095","avtaleNr":null,"sistEndret":"2024-10-02T06:08:48.114070Z","annullertTidspunkt":null,"annullertGrunn":null,"slettemerket":false,"opprettetAvArbeidsgiver":false,"enhetGeografisk":null,"enhetsnavnGeografisk":null,"enhetOppfolging":null,"enhetsnavnOppfolging":null,"godkjentForEtterregistrering":false,"kvalifiseringsgruppe":null,"formidlingsgruppe":null,"tilskuddPeriode":[],"feilregistrert":false,"versjon":1,"deltakerFornavn":"Dagny","deltakerEtternavn":"Deltaker","deltakerTlf":"40000000","bedriftNavn":"Pers butikk","arbeidsgiverFornavn":"Per","arbeidsgiverEtternavn":"Kremmer","arbeidsgiverTlf":"99999999","veilederFornavn":"Vera","veilederEtternavn":"Veileder","veilederTlf":"44444444","oppfolging":"Telefon hver uke","tilrettelegging":"Ingen","startDato":"2024-10-02","sluttDato":"2025-10-01","stillingprosent":50,"journalpostId":null,"arbeidsoppgaver":"Butikkarbeid","stillingstittel":"Butikkbetjent","stillingStyrk08":5223,"stillingKonseptId":112968,"antallDagerPerUke":5,"refusjonKontaktperson":null,"mentorFornavn":null,"mentorEtternavn":null,"mentorOppgaver":null,"mentorAntallTimer":null,"mentorTimelonn":null,"mentorTlf":null,"arbeidsgiverKontonummer":null,"lonnstilskuddProsent":null,"manedslonn":null,"feriepengesats":null,"arbeidsgiveravgift":null,"harFamilietilknytning":null,"familietilknytningForklaring":null,"feriepengerBelop":null,"otpSats":null,"otpBelop":null,"arbeidsgiveravgiftBelop":null,"sumLonnsutgifter":null,"sumLonnstilskudd":null,"manedslonn100pst":null,"sumL\00f8nnstilskuddRedusert":null,"datoForRedusertProsent":null,"stillingstype":null,"maal":[{"id":null,"kategori":"F\00c5_JOBB_I_BEDRIFTEN","beskrivelse":"L\00e6re butikkarbeid"}],"inkluderingstilskuddsutgift":[],"inkluderingstilskuddBegrunnelse":null,"inkluderingstilskuddTotalBel\00f8p":0,"godkjentAvDeltaker":null,"godkjentTaushetserkl\00e6ringAvMentor":null,"godkjentAvArbeidsgiver":null,"godkjentAvVeileder":null,"godkjentAvBeslutter":null,"avtaleInng\00e5tt":null,"ikrafttredelsestidspunkt":null,"godkjentAvNavIdent":null,"godkjentAvBeslutterNavIdent":null,"enhetKostnadssted":null,"enhetsnavnKostnadssted":null,"godkjentPaVegneGrunn":null,"godkjentPaVegneAv":false,"godkjentPaVegneAvArbeidsgiverGrunn":null,"godkjentPaVegneAvArbeidsgiver":false,"innholdType":"INNG\00c5","utf\00f8rtAv":"Z123456","utf\00f8rtAvRolle":"VEILEDER"}', FALSE, FALSE),
                                          (UUID '5f9cebb2-9f9f-4609-b04d-59043fe7a2ce', UUID '948e4acc-2fd1-4e70-ac2c-1ffa2fe27095', 'MANGLER_GODKJENNING', CURRENT_TIMESTAMP, 'ENDRET', U&'{"hendelseType":"ENDRET","avtaleStatus":"MANGLER_GODKJENNING","deltakerFnr":"00000000000","mentorFnr":null,"bedriftNr":"999999999","veilederNavIdent":"Z123456","tiltakstype":"ARBEIDSTRENING","opprettetTidspunkt":"2024-10-02T08:08:48.112797","avtaleId":"948e4acc-2fd1-4e70-ac2c-1ffa2fe27095","avtaleNr":null,"sistEndret":"2024-10-02T06:08:48.114070Z","annullertTidspunkt":null,"annullertGrunn":null,"slettemerket":false,"opprettetAvArbeidsgiver":false,"enhetGeografisk":null,"enhetsnavnGeografisk":null,"enhetOppfolging":null,"enhetsnavnOppfolging":null,"godkjentForEtterregistrering":false,"kvalifiseringsgruppe":null,"formidlingsgruppe":null,"tilskuddPeriode":[],"feilregistrert":false,"versjon":1,"deltakerFornavn":"Dagny","deltakerEtternavn":"Deltaker","deltakerTlf":"40000000","bedriftNavn":"Pers butikk","arbeidsgiverFornavn":"Per","arbeidsgiverEtternavn":"Kremmer","arbeidsgiverTlf":"99999999","veilederFornavn":"Vera","veilederEtternavn":"Veileder","veilederTlf":"44444444","oppfolging":"Telefon hver uke","tilrettelegging":"Ingen","startDato":"2024-10-02","sluttDato":"2025-10-01","stillingprosent":50,"journalpostId":null,"arbeidsoppgaver":"Butikkarbeid","stillingstittel":"Butikkbetjent","stillingStyrk08":5223,"stillingKonseptId":112968,"antallDagerPerUke":5,"refusjonKontaktperson":null,"mentorFornavn":null,"mentorEtternavn":null,"mentorOppgaver":null,"mentorAntallTimer":null,"mentorTimelonn":null,"mentorTlf":null,"arbeidsgiverKontonummer":null,"lonnstilskuddProsent":null,"manedslonn":null,"feriepengesats":null,"arbeidsgiveravgift":null,"harFamilietilknytning":null,"familietilknytningForklaring":null,"feriepengerBelop":null,"otpSats":null,"otpBelop":null,"arbeidsgiveravgiftBelop":null,"sumLonnsutgifter":null,"sumLonnstilskudd":null,"manedslonn100pst":null,"sumL\00f8nnstilskuddRedusert":null,"datoForRedusertProsent":null,"stillingstype":null,"maal":[{"id":null,"kategori":"F\00c5_JOBB_I_BEDRIFTEN","beskrivelse":"L\00e6re butikkarbeid"}],"inkluderingstilskuddsutgift":[],"inkluderingstilskuddBegrunnelse":null,"inkluderingstilskuddTotalBel\00f8p":0,"godkjentAvDeltaker":null,"godkjentTaushetserkl\00e6ringAvMentor":null,"godkjentAvArbeidsgiver":null,"godkjentAvVeileder":null,"godkjentAvBeslutter":null,"avtaleInng\00e5tt":null,"ikrafttredelsestidspunkt":null,"godkjentAvNavIdent":null,"godkjentAvBeslutterNavIdent":null,"enhetKostnadssted":null,"enhetsnavnKostnadssted":null,"godkjentPaVegneGrunn":null,"godkjentPaVegneAv":false,"godkjentPaVegneAvArbeidsgiverGrunn":null,"godkjentPaVegneAvArbeidsgiver":false,"innholdType":"INNG\00c5","utf\00f8rtAv":null,"utf\00f8rtAvRolle":"VEILEDER"}', FALSE, FALSE);
INSERT INTO "AVTALE_MELDING" VALUES
                                          (UUID '245f8362-6d40-4322-aad7-951026f9a8ab', UUID '735f0b34-8b18-474a-89c5-83867c40123a', U&'GJENNOMF\00d8RES', CURRENT_TIMESTAMP, 'OPPRETTET', U&'{"hendelseType":"OPPRETTET","avtaleStatus":"GJENNOMF\00d8RES","deltakerFnr":"00000000000","mentorFnr":null,"bedriftNr":"999999999","veilederNavIdent":"Z123456","tiltakstype":"ARBEIDSTRENING","opprettetTidspunkt":"2024-10-02T08:08:48.129887","avtaleId":"735f0b34-8b18-474a-89c5-83867c40123a","avtaleNr":null,"sistEndret":"2024-10-02T06:08:48.129921Z","annullertTidspunkt":null,"annullertGrunn":null,"slettemerket":false,"opprettetAvArbeidsgiver":false,"enhetGeografisk":null,"enhetsnavnGeografisk":null,"enhetOppfolging":null,"enhetsnavnOppfolging":null,"godkjentForEtterregistrering":false,"kvalifiseringsgruppe":null,"formidlingsgruppe":null,"tilskuddPeriode":[],"feilregistrert":false,"versjon":1,"deltakerFornavn":"Dagny","deltakerEtternavn":"Deltaker","deltakerTlf":"40000000","bedriftNavn":"Pers butikk","arbeidsgiverFornavn":"Per","arbeidsgiverEtternavn":"Kremmer","arbeidsgiverTlf":"99999999","veilederFornavn":"Vera","veilederEtternavn":"Veileder","veilederTlf":"44444444","oppfolging":"Telefon hver uke","tilrettelegging":"Ingen","startDato":"2024-10-02","sluttDato":"2025-10-01","stillingprosent":50,"journalpostId":"1","arbeidsoppgaver":"Butikkarbeid","stillingstittel":"Butikkbetjent","stillingStyrk08":5223,"stillingKonseptId":112968,"antallDagerPerUke":5,"refusjonKontaktperson":{"refusjonKontaktpersonFornavn":"Donald","refusjonKontaktpersonEtternavn":"Duck","refusjonKontaktpersonTlf":"55555123","\00f8nskerVarslingOmRefusjon":true},"mentorFornavn":null,"mentorEtternavn":null,"mentorOppgaver":null,"mentorAntallTimer":null,"mentorTimelonn":null,"mentorTlf":null,"arbeidsgiverKontonummer":null,"lonnstilskuddProsent":null,"manedslonn":null,"feriepengesats":null,"arbeidsgiveravgift":null,"harFamilietilknytning":null,"familietilknytningForklaring":null,"feriepengerBelop":null,"otpSats":null,"otpBelop":null,"arbeidsgiveravgiftBelop":null,"sumLonnsutgifter":null,"sumLonnstilskudd":null,"manedslonn100pst":null,"sumL\00f8nnstilskuddRedusert":null,"datoForRedusertProsent":null,"stillingstype":null,"maal":[{"id":null,"kategori":"F\00c5_JOBB_I_BEDRIFTEN","beskrivelse":"L\00e6re butikkarbeid"}],"inkluderingstilskuddsutgift":[],"inkluderingstilskuddBegrunnelse":null,"inkluderingstilskuddTotalBel\00f8p":0,"godkjentAvDeltaker":"2024-10-02T08:08:48.129924","godkjentTaushetserkl\00e6ringAvMentor":"2024-10-02T08:08:48.129925","godkjentAvArbeidsgiver":"2024-10-02T08:08:48.129923","godkjentAvVeileder":"2024-10-02T08:08:48.129927","godkjentAvBeslutter":null,"avtaleInng\00e5tt":"2024-10-02T08:08:48.129928","ikrafttredelsestidspunkt":"2024-10-02T08:08:48.129932","godkjentAvNavIdent":"Q987654","godkjentAvBeslutterNavIdent":null,"enhetKostnadssted":null,"enhetsnavnKostnadssted":null,"godkjentPaVegneGrunn":null,"godkjentPaVegneAv":false,"godkjentPaVegneAvArbeidsgiverGrunn":null,"godkjentPaVegneAvArbeidsgiver":false,"innholdType":"INNG\00c5","utf\00f8rtAv":"Z123456","utf\00f8rtAvRolle":"VEILEDER"}', FALSE, FALSE),
                                          (UUID 'c3ddb034-82d0-44c5-a05c-64bcbebccdfc', UUID '735f0b34-8b18-474a-89c5-83867c40123a', U&'GJENNOMF\00d8RES', CURRENT_TIMESTAMP, 'ENDRET', U&'{"hendelseType":"ENDRET","avtaleStatus":"GJENNOMF\00d8RES","deltakerFnr":"00000000000","mentorFnr":null,"bedriftNr":"999999999","veilederNavIdent":"Z123456","tiltakstype":"ARBEIDSTRENING","opprettetTidspunkt":"2024-10-02T08:08:48.129887","avtaleId":"735f0b34-8b18-474a-89c5-83867c40123a","avtaleNr":null,"sistEndret":"2024-10-02T06:08:48.129921Z","annullertTidspunkt":null,"annullertGrunn":null,"slettemerket":false,"opprettetAvArbeidsgiver":false,"enhetGeografisk":null,"enhetsnavnGeografisk":null,"enhetOppfolging":null,"enhetsnavnOppfolging":null,"godkjentForEtterregistrering":false,"kvalifiseringsgruppe":null,"formidlingsgruppe":null,"tilskuddPeriode":[],"feilregistrert":false,"versjon":1,"deltakerFornavn":"Dagny","deltakerEtternavn":"Deltaker","deltakerTlf":"40000000","bedriftNavn":"Pers butikk","arbeidsgiverFornavn":"Per","arbeidsgiverEtternavn":"Kremmer","arbeidsgiverTlf":"99999999","veilederFornavn":"Vera","veilederEtternavn":"Veileder","veilederTlf":"44444444","oppfolging":"Telefon hver uke","tilrettelegging":"Ingen","startDato":"2024-10-02","sluttDato":"2025-10-01","stillingprosent":50,"journalpostId":"1","arbeidsoppgaver":"Butikkarbeid","stillingstittel":"Butikkbetjent","stillingStyrk08":5223,"stillingKonseptId":112968,"antallDagerPerUke":5,"refusjonKontaktperson":{"refusjonKontaktpersonFornavn":"Donald","refusjonKontaktpersonEtternavn":"Duck","refusjonKontaktpersonTlf":"55555123","\00f8nskerVarslingOmRefusjon":true},"mentorFornavn":null,"mentorEtternavn":null,"mentorOppgaver":null,"mentorAntallTimer":null,"mentorTimelonn":null,"mentorTlf":null,"arbeidsgiverKontonummer":null,"lonnstilskuddProsent":null,"manedslonn":null,"feriepengesats":null,"arbeidsgiveravgift":null,"harFamilietilknytning":null,"familietilknytningForklaring":null,"feriepengerBelop":null,"otpSats":null,"otpBelop":null,"arbeidsgiveravgiftBelop":null,"sumLonnsutgifter":null,"sumLonnstilskudd":null,"manedslonn100pst":null,"sumL\00f8nnstilskuddRedusert":null,"datoForRedusertProsent":null,"stillingstype":null,"maal":[{"id":null,"kategori":"F\00c5_JOBB_I_BEDRIFTEN","beskrivelse":"L\00e6re butikkarbeid"}],"inkluderingstilskuddsutgift":[],"inkluderingstilskuddBegrunnelse":null,"inkluderingstilskuddTotalBel\00f8p":0,"godkjentAvDeltaker":"2024-10-02T08:08:48.129924","godkjentTaushetserkl\00e6ringAvMentor":"2024-10-02T08:08:48.129925","godkjentAvArbeidsgiver":"2024-10-02T08:08:48.129923","godkjentAvVeileder":"2024-10-02T08:08:48.129927","godkjentAvBeslutter":null,"avtaleInng\00e5tt":"2024-10-02T08:08:48.129928","ikrafttredelsestidspunkt":"2024-10-02T08:08:48.129932","godkjentAvNavIdent":"Q987654","godkjentAvBeslutterNavIdent":null,"enhetKostnadssted":null,"enhetsnavnKostnadssted":null,"godkjentPaVegneGrunn":null,"godkjentPaVegneAv":false,"godkjentPaVegneAvArbeidsgiverGrunn":null,"godkjentPaVegneAvArbeidsgiver":false,"innholdType":"INNG\00c5","utf\00f8rtAv":null,"utf\00f8rtAvRolle":"VEILEDER"}', FALSE, FALSE);
INSERT INTO "AVTALE_MELDING" VALUES
                                          (UUID 'f3cfc47e-905e-4acd-8f0f-bb40eb841ce9', UUID '44e38ddb-e4ab-4b47-b396-cf0b1d181627', U&'GJENNOMF\00d8RES', CURRENT_TIMESTAMP, 'OPPRETTET', U&'{"hendelseType":"OPPRETTET","avtaleStatus":"GJENNOMF\00d8RES","deltakerFnr":"00000000000","mentorFnr":null,"bedriftNr":"999999999","veilederNavIdent":"Z123456","tiltakstype":"ARBEIDSTRENING","opprettetTidspunkt":"2024-10-02T08:08:48.142458","avtaleId":"44e38ddb-e4ab-4b47-b396-cf0b1d181627","avtaleNr":null,"sistEndret":"2024-10-02T06:08:48.143247Z","annullertTidspunkt":null,"annullertGrunn":null,"slettemerket":false,"opprettetAvArbeidsgiver":false,"enhetGeografisk":null,"enhetsnavnGeografisk":null,"enhetOppfolging":null,"enhetsnavnOppfolging":null,"godkjentForEtterregistrering":false,"kvalifiseringsgruppe":null,"formidlingsgruppe":null,"tilskuddPeriode":[],"feilregistrert":false,"versjon":2,"deltakerFornavn":"Atle","deltakerEtternavn":"J\00f8rgensen","deltakerTlf":"40000000","bedriftNavn":"Pers butikk","arbeidsgiverFornavn":"Per","arbeidsgiverEtternavn":"Kremmer","arbeidsgiverTlf":"99999999","veilederFornavn":"Vera","veilederEtternavn":"Veileder","veilederTlf":"44444444","oppfolging":"Telefon hver uke","tilrettelegging":"Ingen","startDato":"2024-10-02","sluttDato":"2025-10-01","stillingprosent":50,"journalpostId":null,"arbeidsoppgaver":"Butikkarbeid","stillingstittel":"Butikkbetjent","stillingStyrk08":5223,"stillingKonseptId":112968,"antallDagerPerUke":5,"refusjonKontaktperson":{"refusjonKontaktpersonFornavn":"Atle","refusjonKontaktpersonEtternavn":"J\00f8rgensen","refusjonKontaktpersonTlf":"12345678","\00f8nskerVarslingOmRefusjon":true},"mentorFornavn":null,"mentorEtternavn":null,"mentorOppgaver":null,"mentorAntallTimer":null,"mentorTimelonn":null,"mentorTlf":null,"arbeidsgiverKontonummer":null,"lonnstilskuddProsent":null,"manedslonn":null,"feriepengesats":null,"arbeidsgiveravgift":null,"harFamilietilknytning":null,"familietilknytningForklaring":null,"feriepengerBelop":null,"otpSats":null,"otpBelop":null,"arbeidsgiveravgiftBelop":null,"sumLonnsutgifter":null,"sumLonnstilskudd":null,"manedslonn100pst":null,"sumL\00f8nnstilskuddRedusert":null,"datoForRedusertProsent":null,"stillingstype":null,"maal":[{"id":"b9af99bb-d26b-4d8e-b32b-9a3d589a780b","kategori":"F\00c5_JOBB_I_BEDRIFTEN","beskrivelse":"L\00e6re butikkarbeid"}],"inkluderingstilskuddsutgift":[],"inkluderingstilskuddBegrunnelse":null,"inkluderingstilskuddTotalBel\00f8p":0,"godkjentAvDeltaker":"2024-10-02T08:08:48.142508","godkjentTaushetserkl\00e6ringAvMentor":"2024-10-02T08:08:48.142508","godkjentAvArbeidsgiver":"2024-10-02T08:08:48.142507","godkjentAvVeileder":"2024-10-02T08:08:48.142509","godkjentAvBeslutter":null,"avtaleInng\00e5tt":"2024-10-02T08:08:48.14251","ikrafttredelsestidspunkt":"2024-10-02T08:08:48.143245","godkjentAvNavIdent":"Q987654","godkjentAvBeslutterNavIdent":null,"enhetKostnadssted":null,"enhetsnavnKostnadssted":null,"godkjentPaVegneGrunn":null,"godkjentPaVegneAv":false,"godkjentPaVegneAvArbeidsgiverGrunn":null,"godkjentPaVegneAvArbeidsgiver":false,"innholdType":"ENDRE_KONTAKTINFO","utf\00f8rtAv":"Z123456","utf\00f8rtAvRolle":"VEILEDER"}', FALSE, FALSE),
                                          (UUID 'c3fcfd4e-9f82-4ac1-bc30-7f2adb78d2c4', UUID '44e38ddb-e4ab-4b47-b396-cf0b1d181627', U&'GJENNOMF\00d8RES', CURRENT_TIMESTAMP, 'ENDRET', U&'{"hendelseType":"ENDRET","avtaleStatus":"GJENNOMF\00d8RES","deltakerFnr":"00000000000","mentorFnr":null,"bedriftNr":"999999999","veilederNavIdent":"Z123456","tiltakstype":"ARBEIDSTRENING","opprettetTidspunkt":"2024-10-02T08:08:48.142458","avtaleId":"44e38ddb-e4ab-4b47-b396-cf0b1d181627","avtaleNr":null,"sistEndret":"2024-10-02T06:08:48.143247Z","annullertTidspunkt":null,"annullertGrunn":null,"slettemerket":false,"opprettetAvArbeidsgiver":false,"enhetGeografisk":null,"enhetsnavnGeografisk":null,"enhetOppfolging":null,"enhetsnavnOppfolging":null,"godkjentForEtterregistrering":false,"kvalifiseringsgruppe":null,"formidlingsgruppe":null,"tilskuddPeriode":[],"feilregistrert":false,"versjon":2,"deltakerFornavn":"Atle","deltakerEtternavn":"J\00f8rgensen","deltakerTlf":"40000000","bedriftNavn":"Pers butikk","arbeidsgiverFornavn":"Per","arbeidsgiverEtternavn":"Kremmer","arbeidsgiverTlf":"99999999","veilederFornavn":"Vera","veilederEtternavn":"Veileder","veilederTlf":"44444444","oppfolging":"Telefon hver uke","tilrettelegging":"Ingen","startDato":"2024-10-02","sluttDato":"2025-10-01","stillingprosent":50,"journalpostId":null,"arbeidsoppgaver":"Butikkarbeid","stillingstittel":"Butikkbetjent","stillingStyrk08":5223,"stillingKonseptId":112968,"antallDagerPerUke":5,"refusjonKontaktperson":{"refusjonKontaktpersonFornavn":"Atle","refusjonKontaktpersonEtternavn":"J\00f8rgensen","refusjonKontaktpersonTlf":"12345678","\00f8nskerVarslingOmRefusjon":true},"mentorFornavn":null,"mentorEtternavn":null,"mentorOppgaver":null,"mentorAntallTimer":null,"mentorTimelonn":null,"mentorTlf":null,"arbeidsgiverKontonummer":null,"lonnstilskuddProsent":null,"manedslonn":null,"feriepengesats":null,"arbeidsgiveravgift":null,"harFamilietilknytning":null,"familietilknytningForklaring":null,"feriepengerBelop":null,"otpSats":null,"otpBelop":null,"arbeidsgiveravgiftBelop":null,"sumLonnsutgifter":null,"sumLonnstilskudd":null,"manedslonn100pst":null,"sumL\00f8nnstilskuddRedusert":null,"datoForRedusertProsent":null,"stillingstype":null,"maal":[{"id":"b9af99bb-d26b-4d8e-b32b-9a3d589a780b","kategori":"F\00c5_JOBB_I_BEDRIFTEN","beskrivelse":"L\00e6re butikkarbeid"}],"inkluderingstilskuddsutgift":[],"inkluderingstilskuddBegrunnelse":null,"inkluderingstilskuddTotalBel\00f8p":0,"godkjentAvDeltaker":"2024-10-02T08:08:48.142508","godkjentTaushetserkl\00e6ringAvMentor":"2024-10-02T08:08:48.142508","godkjentAvArbeidsgiver":"2024-10-02T08:08:48.142507","godkjentAvVeileder":"2024-10-02T08:08:48.142509","godkjentAvBeslutter":null,"avtaleInng\00e5tt":"2024-10-02T08:08:48.14251","ikrafttredelsestidspunkt":"2024-10-02T08:08:48.143245","godkjentAvNavIdent":"Q987654","godkjentAvBeslutterNavIdent":null,"enhetKostnadssted":null,"enhetsnavnKostnadssted":null,"godkjentPaVegneGrunn":null,"godkjentPaVegneAv":false,"godkjentPaVegneAvArbeidsgiverGrunn":null,"godkjentPaVegneAvArbeidsgiver":false,"innholdType":"ENDRE_KONTAKTINFO","utf\00f8rtAv":null,"utf\00f8rtAvRolle":"VEILEDER"}', FALSE, FALSE);
INSERT INTO "AVTALE_MELDING" VALUES
                                          (UUID '4caa2ff7-afca-4787-acd7-4e1fc9387790', UUID '44e38ddb-e4ab-4b47-b396-cf0b1d181627', U&'GJENNOMF\00d8RES', CURRENT_TIMESTAMP, 'KONTAKTINFORMASJON_ENDRET', U&'{"hendelseType":"KONTAKTINFORMASJON_ENDRET","avtaleStatus":"GJENNOMF\00d8RES","deltakerFnr":"00000000000","mentorFnr":null,"bedriftNr":"999999999","veilederNavIdent":"Z123456","tiltakstype":"ARBEIDSTRENING","opprettetTidspunkt":"2024-10-02T08:08:48.142458","avtaleId":"44e38ddb-e4ab-4b47-b396-cf0b1d181627","avtaleNr":null,"sistEndret":"2024-10-02T06:08:48.143247Z","annullertTidspunkt":null,"annullertGrunn":null,"slettemerket":false,"opprettetAvArbeidsgiver":false,"enhetGeografisk":null,"enhetsnavnGeografisk":null,"enhetOppfolging":null,"enhetsnavnOppfolging":null,"godkjentForEtterregistrering":false,"kvalifiseringsgruppe":null,"formidlingsgruppe":null,"tilskuddPeriode":[],"feilregistrert":false,"versjon":2,"deltakerFornavn":"Atle","deltakerEtternavn":"J\00f8rgensen","deltakerTlf":"40000000","bedriftNavn":"Pers butikk","arbeidsgiverFornavn":"Per","arbeidsgiverEtternavn":"Kremmer","arbeidsgiverTlf":"99999999","veilederFornavn":"Vera","veilederEtternavn":"Veileder","veilederTlf":"44444444","oppfolging":"Telefon hver uke","tilrettelegging":"Ingen","startDato":"2024-10-02","sluttDato":"2025-10-01","stillingprosent":50,"journalpostId":null,"arbeidsoppgaver":"Butikkarbeid","stillingstittel":"Butikkbetjent","stillingStyrk08":5223,"stillingKonseptId":112968,"antallDagerPerUke":5,"refusjonKontaktperson":{"refusjonKontaktpersonFornavn":"Atle","refusjonKontaktpersonEtternavn":"J\00f8rgensen","refusjonKontaktpersonTlf":"12345678","\00f8nskerVarslingOmRefusjon":true},"mentorFornavn":null,"mentorEtternavn":null,"mentorOppgaver":null,"mentorAntallTimer":null,"mentorTimelonn":null,"mentorTlf":null,"arbeidsgiverKontonummer":null,"lonnstilskuddProsent":null,"manedslonn":null,"feriepengesats":null,"arbeidsgiveravgift":null,"harFamilietilknytning":null,"familietilknytningForklaring":null,"feriepengerBelop":null,"otpSats":null,"otpBelop":null,"arbeidsgiveravgiftBelop":null,"sumLonnsutgifter":null,"sumLonnstilskudd":null,"manedslonn100pst":null,"sumL\00f8nnstilskuddRedusert":null,"datoForRedusertProsent":null,"stillingstype":null,"maal":[{"id":"b9af99bb-d26b-4d8e-b32b-9a3d589a780b","kategori":"F\00c5_JOBB_I_BEDRIFTEN","beskrivelse":"L\00e6re butikkarbeid"}],"inkluderingstilskuddsutgift":[],"inkluderingstilskuddBegrunnelse":null,"inkluderingstilskuddTotalBel\00f8p":0,"godkjentAvDeltaker":"2024-10-02T08:08:48.142508","godkjentTaushetserkl\00e6ringAvMentor":"2024-10-02T08:08:48.142508","godkjentAvArbeidsgiver":"2024-10-02T08:08:48.142507","godkjentAvVeileder":"2024-10-02T08:08:48.142509","godkjentAvBeslutter":null,"avtaleInng\00e5tt":"2024-10-02T08:08:48.14251","ikrafttredelsestidspunkt":"2024-10-02T08:08:48.143245","godkjentAvNavIdent":"Q987654","godkjentAvBeslutterNavIdent":null,"enhetKostnadssted":null,"enhetsnavnKostnadssted":null,"godkjentPaVegneGrunn":null,"godkjentPaVegneAv":false,"godkjentPaVegneAvArbeidsgiverGrunn":null,"godkjentPaVegneAvArbeidsgiver":false,"innholdType":"ENDRE_KONTAKTINFO","utf\00f8rtAv":"Q987654","utf\00f8rtAvRolle":"VEILEDER"}', FALSE, FALSE),
                                          (UUID '30da7873-35d2-4e9f-b3e4-f534396bc4c5', UUID '8b3f3022-716c-4728-8b7a-dc9fd7e01f02', 'KLAR_FOR_OPPSTART', CURRENT_TIMESTAMP, 'OPPRETTET', U&'{"hendelseType":"OPPRETTET","avtaleStatus":"KLAR_FOR_OPPSTART","deltakerFnr":"00000000000","mentorFnr":null,"bedriftNr":"999999999","veilederNavIdent":"Z123456","tiltakstype":"ARBEIDSTRENING","opprettetTidspunkt":"2024-10-02T08:08:48.184087","avtaleId":"8b3f3022-716c-4728-8b7a-dc9fd7e01f02","avtaleNr":null,"sistEndret":"2024-10-02T06:08:48.184117Z","annullertTidspunkt":null,"annullertGrunn":null,"slettemerket":false,"opprettetAvArbeidsgiver":false,"enhetGeografisk":null,"enhetsnavnGeografisk":null,"enhetOppfolging":null,"enhetsnavnOppfolging":null,"godkjentForEtterregistrering":false,"kvalifiseringsgruppe":null,"formidlingsgruppe":null,"tilskuddPeriode":[],"feilregistrert":false,"versjon":1,"deltakerFornavn":"Dagny","deltakerEtternavn":"Deltaker","deltakerTlf":"40000000","bedriftNavn":"Pers butikk","arbeidsgiverFornavn":"Per","arbeidsgiverEtternavn":"Kremmer","arbeidsgiverTlf":"99999999","veilederFornavn":"Vera","veilederEtternavn":"Veileder","veilederTlf":"44444444","oppfolging":"Telefon hver uke","tilrettelegging":"Ingen","startDato":"2024-10-09","sluttDato":"2024-11-09","stillingprosent":50,"journalpostId":"1","arbeidsoppgaver":"Butikkarbeid","stillingstittel":"Butikkbetjent","stillingStyrk08":5223,"stillingKonseptId":112968,"antallDagerPerUke":5,"refusjonKontaktperson":null,"mentorFornavn":null,"mentorEtternavn":null,"mentorOppgaver":null,"mentorAntallTimer":null,"mentorTimelonn":null,"mentorTlf":null,"arbeidsgiverKontonummer":null,"lonnstilskuddProsent":null,"manedslonn":null,"feriepengesats":null,"arbeidsgiveravgift":null,"harFamilietilknytning":null,"familietilknytningForklaring":null,"feriepengerBelop":null,"otpSats":null,"otpBelop":null,"arbeidsgiveravgiftBelop":null,"sumLonnsutgifter":null,"sumLonnstilskudd":null,"manedslonn100pst":null,"sumL\00f8nnstilskuddRedusert":null,"datoForRedusertProsent":null,"stillingstype":null,"maal":[{"id":null,"kategori":"F\00c5_JOBB_I_BEDRIFTEN","beskrivelse":"L\00e6re butikkarbeid"}],"inkluderingstilskuddsutgift":[],"inkluderingstilskuddBegrunnelse":null,"inkluderingstilskuddTotalBel\00f8p":0,"godkjentAvDeltaker":"2024-10-02T08:08:48.184124","godkjentTaushetserkl\00e6ringAvMentor":null,"godkjentAvArbeidsgiver":"2024-10-02T08:08:48.184123","godkjentAvVeileder":"2024-10-02T08:08:48.184125","godkjentAvBeslutter":null,"avtaleInng\00e5tt":"2024-10-02T08:08:48.184125","ikrafttredelsestidspunkt":"2024-10-02T08:08:48.184129","godkjentAvNavIdent":"Q987654","godkjentAvBeslutterNavIdent":null,"enhetKostnadssted":null,"enhetsnavnKostnadssted":null,"godkjentPaVegneGrunn":null,"godkjentPaVegneAv":false,"godkjentPaVegneAvArbeidsgiverGrunn":null,"godkjentPaVegneAvArbeidsgiver":false,"innholdType":"INNG\00c5","utf\00f8rtAv":"Z123456","utf\00f8rtAvRolle":"VEILEDER"}', FALSE, FALSE);
INSERT INTO "AVTALE_MELDING" VALUES
                                          (UUID 'a87f0d5b-9431-464d-b8ee-5b954dd5a831', UUID '8b3f3022-716c-4728-8b7a-dc9fd7e01f02', 'KLAR_FOR_OPPSTART', CURRENT_TIMESTAMP, 'ENDRET', U&'{"hendelseType":"ENDRET","avtaleStatus":"KLAR_FOR_OPPSTART","deltakerFnr":"00000000000","mentorFnr":null,"bedriftNr":"999999999","veilederNavIdent":"Z123456","tiltakstype":"ARBEIDSTRENING","opprettetTidspunkt":"2024-10-02T08:08:48.184087","avtaleId":"8b3f3022-716c-4728-8b7a-dc9fd7e01f02","avtaleNr":null,"sistEndret":"2024-10-02T06:08:48.184117Z","annullertTidspunkt":null,"annullertGrunn":null,"slettemerket":false,"opprettetAvArbeidsgiver":false,"enhetGeografisk":null,"enhetsnavnGeografisk":null,"enhetOppfolging":null,"enhetsnavnOppfolging":null,"godkjentForEtterregistrering":false,"kvalifiseringsgruppe":null,"formidlingsgruppe":null,"tilskuddPeriode":[],"feilregistrert":false,"versjon":1,"deltakerFornavn":"Dagny","deltakerEtternavn":"Deltaker","deltakerTlf":"40000000","bedriftNavn":"Pers butikk","arbeidsgiverFornavn":"Per","arbeidsgiverEtternavn":"Kremmer","arbeidsgiverTlf":"99999999","veilederFornavn":"Vera","veilederEtternavn":"Veileder","veilederTlf":"44444444","oppfolging":"Telefon hver uke","tilrettelegging":"Ingen","startDato":"2024-10-09","sluttDato":"2024-11-09","stillingprosent":50,"journalpostId":"1","arbeidsoppgaver":"Butikkarbeid","stillingstittel":"Butikkbetjent","stillingStyrk08":5223,"stillingKonseptId":112968,"antallDagerPerUke":5,"refusjonKontaktperson":null,"mentorFornavn":null,"mentorEtternavn":null,"mentorOppgaver":null,"mentorAntallTimer":null,"mentorTimelonn":null,"mentorTlf":null,"arbeidsgiverKontonummer":null,"lonnstilskuddProsent":null,"manedslonn":null,"feriepengesats":null,"arbeidsgiveravgift":null,"harFamilietilknytning":null,"familietilknytningForklaring":null,"feriepengerBelop":null,"otpSats":null,"otpBelop":null,"arbeidsgiveravgiftBelop":null,"sumLonnsutgifter":null,"sumLonnstilskudd":null,"manedslonn100pst":null,"sumL\00f8nnstilskuddRedusert":null,"datoForRedusertProsent":null,"stillingstype":null,"maal":[{"id":null,"kategori":"F\00c5_JOBB_I_BEDRIFTEN","beskrivelse":"L\00e6re butikkarbeid"}],"inkluderingstilskuddsutgift":[],"inkluderingstilskuddBegrunnelse":null,"inkluderingstilskuddTotalBel\00f8p":0,"godkjentAvDeltaker":"2024-10-02T08:08:48.184124","godkjentTaushetserkl\00e6ringAvMentor":null,"godkjentAvArbeidsgiver":"2024-10-02T08:08:48.184123","godkjentAvVeileder":"2024-10-02T08:08:48.184125","godkjentAvBeslutter":null,"avtaleInng\00e5tt":"2024-10-02T08:08:48.184125","ikrafttredelsestidspunkt":"2024-10-02T08:08:48.184129","godkjentAvNavIdent":"Q987654","godkjentAvBeslutterNavIdent":null,"enhetKostnadssted":null,"enhetsnavnKostnadssted":null,"godkjentPaVegneGrunn":null,"godkjentPaVegneAv":false,"godkjentPaVegneAvArbeidsgiverGrunn":null,"godkjentPaVegneAvArbeidsgiver":false,"innholdType":"INNG\00c5","utf\00f8rtAv":null,"utf\00f8rtAvRolle":"VEILEDER"}', FALSE, FALSE),
                                          (UUID '1fb24d18-ae8d-4e15-a356-4a2694b95c06', UUID 'd15835a4-7fbb-4bb2-9380-9469d90f5982', 'MANGLER_GODKJENNING', CURRENT_TIMESTAMP, 'OPPRETTET', U&'{"hendelseType":"OPPRETTET","avtaleStatus":"MANGLER_GODKJENNING","deltakerFnr":"00000000000","mentorFnr":null,"bedriftNr":"999999999","veilederNavIdent":"Z123456","tiltakstype":"MIDLERTIDIG_LONNSTILSKUDD","opprettetTidspunkt":"2024-10-02T08:08:48.191113","avtaleId":"d15835a4-7fbb-4bb2-9380-9469d90f5982","avtaleNr":null,"sistEndret":"2024-10-02T06:08:48.191372Z","annullertTidspunkt":null,"annullertGrunn":null,"slettemerket":false,"opprettetAvArbeidsgiver":false,"enhetGeografisk":null,"enhetsnavnGeografisk":null,"enhetOppfolging":"0906","enhetsnavnOppfolging":"Oslo gamlebyen","godkjentForEtterregistrering":false,"kvalifiseringsgruppe":"BFORM","formidlingsgruppe":null,"tilskuddPeriode":[],"feilregistrert":false,"versjon":1,"deltakerFornavn":"Lilly","deltakerEtternavn":"L\00f8nning","deltakerTlf":"40000000","bedriftNavn":"Pers butikk","arbeidsgiverFornavn":"Per","arbeidsgiverEtternavn":"Kremmer","arbeidsgiverTlf":"99999999","veilederFornavn":"Vera","veilederEtternavn":"Veileder","veilederTlf":"44444444","oppfolging":"Telefon hver uke","tilrettelegging":"Ingen","startDato":"2024-10-02","sluttDato":"2025-10-01","stillingprosent":50,"journalpostId":null,"arbeidsoppgaver":"Butikkarbeid","stillingstittel":"Butikkbetjent","stillingStyrk08":5223,"stillingKonseptId":112968,"antallDagerPerUke":5,"refusjonKontaktperson":{"refusjonKontaktpersonFornavn":"Ola","refusjonKontaktpersonEtternavn":"Olsen","refusjonKontaktpersonTlf":"12345678","\00f8nskerVarslingOmRefusjon":true},"mentorFornavn":null,"mentorEtternavn":null,"mentorOppgaver":null,"mentorAntallTimer":null,"mentorTimelonn":null,"mentorTlf":null,"arbeidsgiverKontonummer":"22222222222","lonnstilskuddProsent":40,"manedslonn":20000,"feriepengesats":0.12,"arbeidsgiveravgift":0.141,"harFamilietilknytning":true,"familietilknytningForklaring":"En middels god forklaring","feriepengerBelop":10000,"otpSats":0.02,"otpBelop":400,"arbeidsgiveravgiftBelop":20400,"sumLonnsutgifter":40800,"sumLonnstilskudd":16320,"manedslonn100pst":81600,"sumL\00f8nnstilskuddRedusert":12240,"datoForRedusertProsent":"2025-04-02","stillingstype":"FAST","maal":[],"inkluderingstilskuddsutgift":[],"inkluderingstilskuddBegrunnelse":null,"inkluderingstilskuddTotalBel\00f8p":0,"godkjentAvDeltaker":null,"godkjentTaushetserkl\00e6ringAvMentor":null,"godkjentAvArbeidsgiver":"2024-10-02T08:08:48.191389","godkjentAvVeileder":null,"godkjentAvBeslutter":null,"avtaleInng\00e5tt":null,"ikrafttredelsestidspunkt":null,"godkjentAvNavIdent":null,"godkjentAvBeslutterNavIdent":null,"enhetKostnadssted":null,"enhetsnavnKostnadssted":null,"godkjentPaVegneGrunn":null,"godkjentPaVegneAv":false,"godkjentPaVegneAvArbeidsgiverGrunn":null,"godkjentPaVegneAvArbeidsgiver":false,"innholdType":"INNG\00c5","utf\00f8rtAv":"Z123456","utf\00f8rtAvRolle":"VEILEDER"}', FALSE, FALSE);
INSERT INTO "AVTALE_MELDING" VALUES
                                          (UUID '9289f4f5-f50f-4676-bc9e-8a91a0d5050a', UUID 'd15835a4-7fbb-4bb2-9380-9469d90f5982', 'MANGLER_GODKJENNING', CURRENT_TIMESTAMP, 'ENDRET', U&'{"hendelseType":"ENDRET","avtaleStatus":"MANGLER_GODKJENNING","deltakerFnr":"00000000000","mentorFnr":null,"bedriftNr":"999999999","veilederNavIdent":"Z123456","tiltakstype":"MIDLERTIDIG_LONNSTILSKUDD","opprettetTidspunkt":"2024-10-02T08:08:48.191113","avtaleId":"d15835a4-7fbb-4bb2-9380-9469d90f5982","avtaleNr":null,"sistEndret":"2024-10-02T06:08:48.191372Z","annullertTidspunkt":null,"annullertGrunn":null,"slettemerket":false,"opprettetAvArbeidsgiver":false,"enhetGeografisk":null,"enhetsnavnGeografisk":null,"enhetOppfolging":"0906","enhetsnavnOppfolging":"Oslo gamlebyen","godkjentForEtterregistrering":false,"kvalifiseringsgruppe":"BFORM","formidlingsgruppe":null,"tilskuddPeriode":[],"feilregistrert":false,"versjon":1,"deltakerFornavn":"Lilly","deltakerEtternavn":"L\00f8nning","deltakerTlf":"40000000","bedriftNavn":"Pers butikk","arbeidsgiverFornavn":"Per","arbeidsgiverEtternavn":"Kremmer","arbeidsgiverTlf":"99999999","veilederFornavn":"Vera","veilederEtternavn":"Veileder","veilederTlf":"44444444","oppfolging":"Telefon hver uke","tilrettelegging":"Ingen","startDato":"2024-10-02","sluttDato":"2025-10-01","stillingprosent":50,"journalpostId":null,"arbeidsoppgaver":"Butikkarbeid","stillingstittel":"Butikkbetjent","stillingStyrk08":5223,"stillingKonseptId":112968,"antallDagerPerUke":5,"refusjonKontaktperson":{"refusjonKontaktpersonFornavn":"Ola","refusjonKontaktpersonEtternavn":"Olsen","refusjonKontaktpersonTlf":"12345678","\00f8nskerVarslingOmRefusjon":true},"mentorFornavn":null,"mentorEtternavn":null,"mentorOppgaver":null,"mentorAntallTimer":null,"mentorTimelonn":null,"mentorTlf":null,"arbeidsgiverKontonummer":"22222222222","lonnstilskuddProsent":40,"manedslonn":20000,"feriepengesats":0.12,"arbeidsgiveravgift":0.141,"harFamilietilknytning":true,"familietilknytningForklaring":"En middels god forklaring","feriepengerBelop":10000,"otpSats":0.02,"otpBelop":400,"arbeidsgiveravgiftBelop":20400,"sumLonnsutgifter":40800,"sumLonnstilskudd":16320,"manedslonn100pst":81600,"sumL\00f8nnstilskuddRedusert":12240,"datoForRedusertProsent":"2025-04-02","stillingstype":"FAST","maal":[],"inkluderingstilskuddsutgift":[],"inkluderingstilskuddBegrunnelse":null,"inkluderingstilskuddTotalBel\00f8p":0,"godkjentAvDeltaker":null,"godkjentTaushetserkl\00e6ringAvMentor":null,"godkjentAvArbeidsgiver":"2024-10-02T08:08:48.191389","godkjentAvVeileder":null,"godkjentAvBeslutter":null,"avtaleInng\00e5tt":null,"ikrafttredelsestidspunkt":null,"godkjentAvNavIdent":null,"godkjentAvBeslutterNavIdent":null,"enhetKostnadssted":null,"enhetsnavnKostnadssted":null,"godkjentPaVegneGrunn":null,"godkjentPaVegneAv":false,"godkjentPaVegneAvArbeidsgiverGrunn":null,"godkjentPaVegneAvArbeidsgiver":false,"innholdType":"INNG\00c5","utf\00f8rtAv":null,"utf\00f8rtAvRolle":"VEILEDER"}', FALSE, FALSE),
                                          (UUID 'd1b08932-7bba-4913-811f-a62bc20b94e3', UUID '9b811734-1103-44b9-a3ac-0bc3fbcf4166', U&'GJENNOMF\00d8RES', CURRENT_TIMESTAMP, 'OPPRETTET', U&'{"hendelseType":"OPPRETTET","avtaleStatus":"GJENNOMF\00d8RES","deltakerFnr":"00000000000","mentorFnr":null,"bedriftNr":"999999999","veilederNavIdent":"Z123456","tiltakstype":"MIDLERTIDIG_LONNSTILSKUDD","opprettetTidspunkt":"2024-10-02T08:08:48.202367","avtaleId":"9b811734-1103-44b9-a3ac-0bc3fbcf4166","avtaleNr":null,"sistEndret":"2024-10-02T06:08:48.202658Z","annullertTidspunkt":null,"annullertGrunn":null,"slettemerket":false,"opprettetAvArbeidsgiver":false,"enhetGeografisk":null,"enhetsnavnGeografisk":null,"enhetOppfolging":"0906","enhetsnavnOppfolging":"Oslo gamlebyen","godkjentForEtterregistrering":false,"kvalifiseringsgruppe":"BFORM","formidlingsgruppe":null,"tilskuddPeriode":[],"feilregistrert":false,"versjon":1,"deltakerFornavn":"Lilly","deltakerEtternavn":"L\00f8nning","deltakerTlf":"40000000","bedriftNavn":"Pers butikk","arbeidsgiverFornavn":"Per","arbeidsgiverEtternavn":"Kremmer","arbeidsgiverTlf":"99999999","veilederFornavn":"Vera","veilederEtternavn":"Veileder","veilederTlf":"44444444","oppfolging":"Telefon hver uke","tilrettelegging":"Ingen","startDato":"2024-10-02","sluttDato":"2025-10-01","stillingprosent":50,"journalpostId":"1","arbeidsoppgaver":"Butikkarbeid","stillingstittel":"Butikkbetjent","stillingStyrk08":5223,"stillingKonseptId":112968,"antallDagerPerUke":5,"refusjonKontaktperson":{"refusjonKontaktpersonFornavn":"Ola","refusjonKontaktpersonEtternavn":"Olsen","refusjonKontaktpersonTlf":"12345678","\00f8nskerVarslingOmRefusjon":true},"mentorFornavn":null,"mentorEtternavn":null,"mentorOppgaver":null,"mentorAntallTimer":null,"mentorTimelonn":null,"mentorTlf":null,"arbeidsgiverKontonummer":"22222222222","lonnstilskuddProsent":40,"manedslonn":20000,"feriepengesats":0.12,"arbeidsgiveravgift":0.141,"harFamilietilknytning":true,"familietilknytningForklaring":"En middels god forklaring","feriepengerBelop":10000,"otpSats":0.02,"otpBelop":400,"arbeidsgiveravgiftBelop":20400,"sumLonnsutgifter":40800,"sumLonnstilskudd":16320,"manedslonn100pst":81600,"sumL\00f8nnstilskuddRedusert":12240,"datoForRedusertProsent":"2025-04-02","stillingstype":"FAST","maal":[],"inkluderingstilskuddsutgift":[],"inkluderingstilskuddBegrunnelse":null,"inkluderingstilskuddTotalBel\00f8p":0,"godkjentAvDeltaker":"2024-10-02T08:08:48.202673","godkjentTaushetserkl\00e6ringAvMentor":null,"godkjentAvArbeidsgiver":"2024-10-02T08:08:48.202672","godkjentAvVeileder":"2024-10-02T08:08:48.202674","godkjentAvBeslutter":null,"avtaleInng\00e5tt":"2024-10-02T08:08:48.202675","ikrafttredelsestidspunkt":"2024-10-02T08:08:48.202684","godkjentAvNavIdent":"Q987654","godkjentAvBeslutterNavIdent":null,"enhetKostnadssted":null,"enhetsnavnKostnadssted":null,"godkjentPaVegneGrunn":null,"godkjentPaVegneAv":false,"godkjentPaVegneAvArbeidsgiverGrunn":null,"godkjentPaVegneAvArbeidsgiver":false,"innholdType":"INNG\00c5","utf\00f8rtAv":"Z123456","utf\00f8rtAvRolle":"VEILEDER"}', FALSE, FALSE);
INSERT INTO "AVTALE_MELDING" VALUES
                                          (UUID 'c6ddecda-2f62-4dec-ab47-25e2e7a8a406', UUID '9b811734-1103-44b9-a3ac-0bc3fbcf4166', U&'GJENNOMF\00d8RES', CURRENT_TIMESTAMP, 'ENDRET', U&'{"hendelseType":"ENDRET","avtaleStatus":"GJENNOMF\00d8RES","deltakerFnr":"00000000000","mentorFnr":null,"bedriftNr":"999999999","veilederNavIdent":"Z123456","tiltakstype":"MIDLERTIDIG_LONNSTILSKUDD","opprettetTidspunkt":"2024-10-02T08:08:48.202367","avtaleId":"9b811734-1103-44b9-a3ac-0bc3fbcf4166","avtaleNr":null,"sistEndret":"2024-10-02T06:08:48.202658Z","annullertTidspunkt":null,"annullertGrunn":null,"slettemerket":false,"opprettetAvArbeidsgiver":false,"enhetGeografisk":null,"enhetsnavnGeografisk":null,"enhetOppfolging":"0906","enhetsnavnOppfolging":"Oslo gamlebyen","godkjentForEtterregistrering":false,"kvalifiseringsgruppe":"BFORM","formidlingsgruppe":null,"tilskuddPeriode":[],"feilregistrert":false,"versjon":1,"deltakerFornavn":"Lilly","deltakerEtternavn":"L\00f8nning","deltakerTlf":"40000000","bedriftNavn":"Pers butikk","arbeidsgiverFornavn":"Per","arbeidsgiverEtternavn":"Kremmer","arbeidsgiverTlf":"99999999","veilederFornavn":"Vera","veilederEtternavn":"Veileder","veilederTlf":"44444444","oppfolging":"Telefon hver uke","tilrettelegging":"Ingen","startDato":"2024-10-02","sluttDato":"2025-10-01","stillingprosent":50,"journalpostId":"1","arbeidsoppgaver":"Butikkarbeid","stillingstittel":"Butikkbetjent","stillingStyrk08":5223,"stillingKonseptId":112968,"antallDagerPerUke":5,"refusjonKontaktperson":{"refusjonKontaktpersonFornavn":"Ola","refusjonKontaktpersonEtternavn":"Olsen","refusjonKontaktpersonTlf":"12345678","\00f8nskerVarslingOmRefusjon":true},"mentorFornavn":null,"mentorEtternavn":null,"mentorOppgaver":null,"mentorAntallTimer":null,"mentorTimelonn":null,"mentorTlf":null,"arbeidsgiverKontonummer":"22222222222","lonnstilskuddProsent":40,"manedslonn":20000,"feriepengesats":0.12,"arbeidsgiveravgift":0.141,"harFamilietilknytning":true,"familietilknytningForklaring":"En middels god forklaring","feriepengerBelop":10000,"otpSats":0.02,"otpBelop":400,"arbeidsgiveravgiftBelop":20400,"sumLonnsutgifter":40800,"sumLonnstilskudd":16320,"manedslonn100pst":81600,"sumL\00f8nnstilskuddRedusert":12240,"datoForRedusertProsent":"2025-04-02","stillingstype":"FAST","maal":[],"inkluderingstilskuddsutgift":[],"inkluderingstilskuddBegrunnelse":null,"inkluderingstilskuddTotalBel\00f8p":0,"godkjentAvDeltaker":"2024-10-02T08:08:48.202673","godkjentTaushetserkl\00e6ringAvMentor":null,"godkjentAvArbeidsgiver":"2024-10-02T08:08:48.202672","godkjentAvVeileder":"2024-10-02T08:08:48.202674","godkjentAvBeslutter":null,"avtaleInng\00e5tt":"2024-10-02T08:08:48.202675","ikrafttredelsestidspunkt":"2024-10-02T08:08:48.202684","godkjentAvNavIdent":"Q987654","godkjentAvBeslutterNavIdent":null,"enhetKostnadssted":null,"enhetsnavnKostnadssted":null,"godkjentPaVegneGrunn":null,"godkjentPaVegneAv":false,"godkjentPaVegneAvArbeidsgiverGrunn":null,"godkjentPaVegneAvArbeidsgiver":false,"innholdType":"INNG\00c5","utf\00f8rtAv":null,"utf\00f8rtAvRolle":"VEILEDER"}', FALSE, FALSE),
                                          (UUID '5b5c1336-c164-4846-93bd-a42ade7dbb11', UUID 'f742d746-92fe-4b51-b546-1526bba49853', U&'GJENNOMF\00d8RES', CURRENT_TIMESTAMP, 'OPPRETTET', U&'{"hendelseType":"OPPRETTET","avtaleStatus":"GJENNOMF\00d8RES","deltakerFnr":"00000000000","mentorFnr":null,"bedriftNr":"999999999","veilederNavIdent":"Z123456","tiltakstype":"MIDLERTIDIG_LONNSTILSKUDD","opprettetTidspunkt":"2024-10-02T08:08:48.213574","avtaleId":"f742d746-92fe-4b51-b546-1526bba49853","avtaleNr":null,"sistEndret":"2024-10-02T06:08:48.213830Z","annullertTidspunkt":null,"annullertGrunn":null,"slettemerket":false,"opprettetAvArbeidsgiver":false,"enhetGeografisk":null,"enhetsnavnGeografisk":null,"enhetOppfolging":"0906","enhetsnavnOppfolging":"Oslo gamlebyen","godkjentForEtterregistrering":false,"kvalifiseringsgruppe":"BFORM","formidlingsgruppe":null,"tilskuddPeriode":[],"feilregistrert":false,"versjon":1,"deltakerFornavn":"Geir","deltakerEtternavn":"Geirsen","deltakerTlf":"40000000","bedriftNavn":"Pers butikk","arbeidsgiverFornavn":"Per","arbeidsgiverEtternavn":"Kremmer","arbeidsgiverTlf":"99999999","veilederFornavn":"Vera","veilederEtternavn":"Veileder","veilederTlf":"44444444","oppfolging":"Telefon hver uke","tilrettelegging":"Ingen","startDato":"2024-07-02","sluttDato":"2024-11-02","stillingprosent":50,"journalpostId":"1","arbeidsoppgaver":"Butikkarbeid","stillingstittel":"Butikkbetjent","stillingStyrk08":5223,"stillingKonseptId":112968,"antallDagerPerUke":5,"refusjonKontaktperson":{"refusjonKontaktpersonFornavn":"Ola","refusjonKontaktpersonEtternavn":"Olsen","refusjonKontaktpersonTlf":"12345678","\00f8nskerVarslingOmRefusjon":true},"mentorFornavn":null,"mentorEtternavn":null,"mentorOppgaver":null,"mentorAntallTimer":null,"mentorTimelonn":null,"mentorTlf":null,"arbeidsgiverKontonummer":"22222222222","lonnstilskuddProsent":40,"manedslonn":20000,"feriepengesats":0.12,"arbeidsgiveravgift":0.141,"harFamilietilknytning":true,"familietilknytningForklaring":"En middels god forklaring","feriepengerBelop":10000,"otpSats":0.02,"otpBelop":400,"arbeidsgiveravgiftBelop":20400,"sumLonnsutgifter":40800,"sumLonnstilskudd":16320,"manedslonn100pst":81600,"sumL\00f8nnstilskuddRedusert":12240,"datoForRedusertProsent":"2025-04-02","stillingstype":"FAST","maal":[],"inkluderingstilskuddsutgift":[],"inkluderingstilskuddBegrunnelse":null,"inkluderingstilskuddTotalBel\00f8p":0,"godkjentAvDeltaker":"2024-10-02T08:08:48.213855","godkjentTaushetserkl\00e6ringAvMentor":null,"godkjentAvArbeidsgiver":"2024-10-02T08:08:48.213852","godkjentAvVeileder":"2024-10-02T08:08:48.213856","godkjentAvBeslutter":null,"avtaleInng\00e5tt":"2024-10-02T08:08:48.213857","ikrafttredelsestidspunkt":"2024-10-02T08:08:48.213866","godkjentAvNavIdent":"Q987654","godkjentAvBeslutterNavIdent":null,"enhetKostnadssted":null,"enhetsnavnKostnadssted":null,"godkjentPaVegneGrunn":null,"godkjentPaVegneAv":false,"godkjentPaVegneAvArbeidsgiverGrunn":null,"godkjentPaVegneAvArbeidsgiver":false,"innholdType":"INNG\00c5","utf\00f8rtAv":"Z123456","utf\00f8rtAvRolle":"VEILEDER"}', FALSE, FALSE);
INSERT INTO "AVTALE_MELDING" VALUES
                                          (UUID 'd89783f2-4bfb-4716-872a-f6f3250be565', UUID 'f742d746-92fe-4b51-b546-1526bba49853', U&'GJENNOMF\00d8RES', CURRENT_TIMESTAMP, 'ENDRET', U&'{"hendelseType":"ENDRET","avtaleStatus":"GJENNOMF\00d8RES","deltakerFnr":"00000000000","mentorFnr":null,"bedriftNr":"999999999","veilederNavIdent":"Z123456","tiltakstype":"MIDLERTIDIG_LONNSTILSKUDD","opprettetTidspunkt":"2024-10-02T08:08:48.213574","avtaleId":"f742d746-92fe-4b51-b546-1526bba49853","avtaleNr":null,"sistEndret":"2024-10-02T06:08:48.213830Z","annullertTidspunkt":null,"annullertGrunn":null,"slettemerket":false,"opprettetAvArbeidsgiver":false,"enhetGeografisk":null,"enhetsnavnGeografisk":null,"enhetOppfolging":"0906","enhetsnavnOppfolging":"Oslo gamlebyen","godkjentForEtterregistrering":false,"kvalifiseringsgruppe":"BFORM","formidlingsgruppe":null,"tilskuddPeriode":[],"feilregistrert":false,"versjon":1,"deltakerFornavn":"Geir","deltakerEtternavn":"Geirsen","deltakerTlf":"40000000","bedriftNavn":"Pers butikk","arbeidsgiverFornavn":"Per","arbeidsgiverEtternavn":"Kremmer","arbeidsgiverTlf":"99999999","veilederFornavn":"Vera","veilederEtternavn":"Veileder","veilederTlf":"44444444","oppfolging":"Telefon hver uke","tilrettelegging":"Ingen","startDato":"2024-07-02","sluttDato":"2024-11-02","stillingprosent":50,"journalpostId":"1","arbeidsoppgaver":"Butikkarbeid","stillingstittel":"Butikkbetjent","stillingStyrk08":5223,"stillingKonseptId":112968,"antallDagerPerUke":5,"refusjonKontaktperson":{"refusjonKontaktpersonFornavn":"Ola","refusjonKontaktpersonEtternavn":"Olsen","refusjonKontaktpersonTlf":"12345678","\00f8nskerVarslingOmRefusjon":true},"mentorFornavn":null,"mentorEtternavn":null,"mentorOppgaver":null,"mentorAntallTimer":null,"mentorTimelonn":null,"mentorTlf":null,"arbeidsgiverKontonummer":"22222222222","lonnstilskuddProsent":40,"manedslonn":20000,"feriepengesats":0.12,"arbeidsgiveravgift":0.141,"harFamilietilknytning":true,"familietilknytningForklaring":"En middels god forklaring","feriepengerBelop":10000,"otpSats":0.02,"otpBelop":400,"arbeidsgiveravgiftBelop":20400,"sumLonnsutgifter":40800,"sumLonnstilskudd":16320,"manedslonn100pst":81600,"sumL\00f8nnstilskuddRedusert":12240,"datoForRedusertProsent":"2025-04-02","stillingstype":"FAST","maal":[],"inkluderingstilskuddsutgift":[],"inkluderingstilskuddBegrunnelse":null,"inkluderingstilskuddTotalBel\00f8p":0,"godkjentAvDeltaker":"2024-10-02T08:08:48.213855","godkjentTaushetserkl\00e6ringAvMentor":null,"godkjentAvArbeidsgiver":"2024-10-02T08:08:48.213852","godkjentAvVeileder":"2024-10-02T08:08:48.213856","godkjentAvBeslutter":null,"avtaleInng\00e5tt":"2024-10-02T08:08:48.213857","ikrafttredelsestidspunkt":"2024-10-02T08:08:48.213866","godkjentAvNavIdent":"Q987654","godkjentAvBeslutterNavIdent":null,"enhetKostnadssted":null,"enhetsnavnKostnadssted":null,"godkjentPaVegneGrunn":null,"godkjentPaVegneAv":false,"godkjentPaVegneAvArbeidsgiverGrunn":null,"godkjentPaVegneAvArbeidsgiver":false,"innholdType":"INNG\00c5","utf\00f8rtAv":null,"utf\00f8rtAvRolle":"VEILEDER"}', FALSE, FALSE),
                                          (UUID 'd0c04fbd-557a-427a-ad16-d87a5463cc4b', UUID 'b74876c1-35c7-46e6-9a97-dad0a593a992', 'MANGLER_GODKJENNING', DATEADD('YEAR', -1, CURRENT_TIMESTAMP), 'OPPRETTET', U&'{"hendelseType":"OPPRETTET","avtaleStatus":"MANGLER_GODKJENNING","deltakerFnr":"00000000000","mentorFnr":null,"bedriftNr":"999999999","veilederNavIdent":"Q987654","tiltakstype":"SOMMERJOBB","opprettetTidspunkt":"2021-06-01T00:00:00","avtaleId":"b74876c1-35c7-46e6-9a97-dad0a593a992","avtaleNr":null,"sistEndret":"2021-05-31T22:00:00Z","annullertTidspunkt":null,"annullertGrunn":null,"slettemerket":false,"opprettetAvArbeidsgiver":false,"enhetGeografisk":null,"enhetsnavnGeografisk":null,"enhetOppfolging":"0906","enhetsnavnOppfolging":"Oslo gamlebyen","godkjentForEtterregistrering":false,"kvalifiseringsgruppe":null,"formidlingsgruppe":null,"tilskuddPeriode":[],"feilregistrert":false,"versjon":1,"deltakerFornavn":"Dagny","deltakerEtternavn":"Deltaker","deltakerTlf":"40000000","bedriftNavn":"Pers butikk","arbeidsgiverFornavn":"Per","arbeidsgiverEtternavn":"Kremmer","arbeidsgiverTlf":"99999999","veilederFornavn":"Vera","veilederEtternavn":"Veileder","veilederTlf":"44444444","oppfolging":"Telefon hver uke","tilrettelegging":"Ingen","startDato":"2021-06-01","sluttDato":"2021-06-28","stillingprosent":50,"journalpostId":null,"arbeidsoppgaver":"Butikkarbeid","stillingstittel":"Butikkbetjent","stillingStyrk08":5223,"stillingKonseptId":112968,"antallDagerPerUke":5,"refusjonKontaktperson":{"refusjonKontaktpersonFornavn":"Ola","refusjonKontaktpersonEtternavn":"Olsen","refusjonKontaktpersonTlf":"12345678","\00f8nskerVarslingOmRefusjon":true},"mentorFornavn":null,"mentorEtternavn":null,"mentorOppgaver":null,"mentorAntallTimer":null,"mentorTimelonn":null,"mentorTlf":null,"arbeidsgiverKontonummer":"000111222","lonnstilskuddProsent":50,"manedslonn":10000,"feriepengesats":0.12,"arbeidsgiveravgift":0.141,"harFamilietilknytning":true,"familietilknytningForklaring":"En middels god forklaring","feriepengerBelop":1200,"otpSats":0.02,"otpBelop":224,"arbeidsgiveravgiftBelop":1611,"sumLonnsutgifter":13035,"sumLonnstilskudd":6518,"manedslonn100pst":26070,"sumL\00f8nnstilskuddRedusert":null,"datoForRedusertProsent":null,"stillingstype":"MIDLERTIDIG","maal":[],"inkluderingstilskuddsutgift":[],"inkluderingstilskuddBegrunnelse":null,"inkluderingstilskuddTotalBel\00f8p":0,"godkjentAvDeltaker":"2021-06-01T00:00:00","godkjentTaushetserkl\00e6ringAvMentor":null,"godkjentAvArbeidsgiver":"2021-06-01T00:00:00","godkjentAvVeileder":"2021-06-01T00:00:00","godkjentAvBeslutter":null,"avtaleInng\00e5tt":null,"ikrafttredelsestidspunkt":null,"godkjentAvNavIdent":"Q987654","godkjentAvBeslutterNavIdent":null,"enhetKostnadssted":null,"enhetsnavnKostnadssted":null,"godkjentPaVegneGrunn":null,"godkjentPaVegneAv":false,"godkjentPaVegneAvArbeidsgiverGrunn":null,"godkjentPaVegneAvArbeidsgiver":false,"innholdType":"INNG\00c5","utf\00f8rtAv":"Z123456","utf\00f8rtAvRolle":"VEILEDER"}', FALSE, FALSE);
INSERT INTO "AVTALE_MELDING" VALUES
                                          (UUID '09bb2f8f-2b77-4a2f-9498-f36dedd2ff9e', UUID 'b74876c1-35c7-46e6-9a97-dad0a593a992', 'MANGLER_GODKJENNING', DATEADD('YEAR', -1, CURRENT_TIMESTAMP), 'ENDRET', U&'{"hendelseType":"ENDRET","avtaleStatus":"MANGLER_GODKJENNING","deltakerFnr":"00000000000","mentorFnr":null,"bedriftNr":"999999999","veilederNavIdent":"Q987654","tiltakstype":"SOMMERJOBB","opprettetTidspunkt":"2021-06-01T00:00:00","avtaleId":"b74876c1-35c7-46e6-9a97-dad0a593a992","avtaleNr":null,"sistEndret":"2021-05-31T22:00:00Z","annullertTidspunkt":null,"annullertGrunn":null,"slettemerket":false,"opprettetAvArbeidsgiver":false,"enhetGeografisk":null,"enhetsnavnGeografisk":null,"enhetOppfolging":"0906","enhetsnavnOppfolging":"Oslo gamlebyen","godkjentForEtterregistrering":false,"kvalifiseringsgruppe":null,"formidlingsgruppe":null,"tilskuddPeriode":[],"feilregistrert":false,"versjon":1,"deltakerFornavn":"Dagny","deltakerEtternavn":"Deltaker","deltakerTlf":"40000000","bedriftNavn":"Pers butikk","arbeidsgiverFornavn":"Per","arbeidsgiverEtternavn":"Kremmer","arbeidsgiverTlf":"99999999","veilederFornavn":"Vera","veilederEtternavn":"Veileder","veilederTlf":"44444444","oppfolging":"Telefon hver uke","tilrettelegging":"Ingen","startDato":"2021-06-01","sluttDato":"2021-06-28","stillingprosent":50,"journalpostId":null,"arbeidsoppgaver":"Butikkarbeid","stillingstittel":"Butikkbetjent","stillingStyrk08":5223,"stillingKonseptId":112968,"antallDagerPerUke":5,"refusjonKontaktperson":{"refusjonKontaktpersonFornavn":"Ola","refusjonKontaktpersonEtternavn":"Olsen","refusjonKontaktpersonTlf":"12345678","\00f8nskerVarslingOmRefusjon":true},"mentorFornavn":null,"mentorEtternavn":null,"mentorOppgaver":null,"mentorAntallTimer":null,"mentorTimelonn":null,"mentorTlf":null,"arbeidsgiverKontonummer":"000111222","lonnstilskuddProsent":50,"manedslonn":10000,"feriepengesats":0.12,"arbeidsgiveravgift":0.141,"harFamilietilknytning":true,"familietilknytningForklaring":"En middels god forklaring","feriepengerBelop":1200,"otpSats":0.02,"otpBelop":224,"arbeidsgiveravgiftBelop":1611,"sumLonnsutgifter":13035,"sumLonnstilskudd":6518,"manedslonn100pst":26070,"sumL\00f8nnstilskuddRedusert":null,"datoForRedusertProsent":null,"stillingstype":"MIDLERTIDIG","maal":[],"inkluderingstilskuddsutgift":[],"inkluderingstilskuddBegrunnelse":null,"inkluderingstilskuddTotalBel\00f8p":0,"godkjentAvDeltaker":"2021-06-01T00:00:00","godkjentTaushetserkl\00e6ringAvMentor":null,"godkjentAvArbeidsgiver":"2021-06-01T00:00:00","godkjentAvVeileder":"2021-06-01T00:00:00","godkjentAvBeslutter":null,"avtaleInng\00e5tt":null,"ikrafttredelsestidspunkt":null,"godkjentAvNavIdent":"Q987654","godkjentAvBeslutterNavIdent":null,"enhetKostnadssted":null,"enhetsnavnKostnadssted":null,"godkjentPaVegneGrunn":null,"godkjentPaVegneAv":false,"godkjentPaVegneAvArbeidsgiverGrunn":null,"godkjentPaVegneAvArbeidsgiver":false,"innholdType":"INNG\00c5","utf\00f8rtAv":null,"utf\00f8rtAvRolle":"VEILEDER"}', FALSE, FALSE),
                                          (UUID 'cba73041-e23d-488e-a830-2f3cd6bb4d9e', UUID 'e3758e31-5304-4fe4-9a50-02d0215fdae9', U&'GJENNOMF\00d8RES', DATEADD('YEAR', -1, CURRENT_TIMESTAMP), 'OPPRETTET', U&'{"hendelseType":"OPPRETTET","avtaleStatus":"GJENNOMF\00d8RES","deltakerFnr":"00000000000","mentorFnr":null,"bedriftNr":"999999999","veilederNavIdent":"Z123456","tiltakstype":"SOMMERJOBB","opprettetTidspunkt":"2021-06-01T00:00:00","avtaleId":"e3758e31-5304-4fe4-9a50-02d0215fdae9","avtaleNr":1,"sistEndret":"2021-05-31T22:00:00Z","annullertTidspunkt":null,"annullertGrunn":null,"slettemerket":false,"opprettetAvArbeidsgiver":false,"enhetGeografisk":null,"enhetsnavnGeografisk":null,"enhetOppfolging":"0906","enhetsnavnOppfolging":"Oslo gamlebyen","godkjentForEtterregistrering":false,"kvalifiseringsgruppe":null,"formidlingsgruppe":null,"tilskuddPeriode":[],"feilregistrert":false,"versjon":1,"deltakerFornavn":"Dagny","deltakerEtternavn":"Deltaker","deltakerTlf":"40000000","bedriftNavn":"Pers butikk","arbeidsgiverFornavn":"Per","arbeidsgiverEtternavn":"Kremmer","arbeidsgiverTlf":"99999999","veilederFornavn":"Vera","veilederEtternavn":"Veileder","veilederTlf":"44444444","oppfolging":"Telefon hver uke","tilrettelegging":"Ingen","startDato":"2021-06-01","sluttDato":"2021-06-28","stillingprosent":50,"journalpostId":null,"arbeidsoppgaver":"Butikkarbeid","stillingstittel":"Butikkbetjent","stillingStyrk08":5223,"stillingKonseptId":112968,"antallDagerPerUke":5,"refusjonKontaktperson":null,"mentorFornavn":null,"mentorEtternavn":null,"mentorOppgaver":null,"mentorAntallTimer":null,"mentorTimelonn":null,"mentorTlf":null,"arbeidsgiverKontonummer":"000111222","lonnstilskuddProsent":50,"manedslonn":10000,"feriepengesats":0.12,"arbeidsgiveravgift":0.141,"harFamilietilknytning":true,"familietilknytningForklaring":"En middels god forklaring","feriepengerBelop":1200,"otpSats":0.02,"otpBelop":224,"arbeidsgiveravgiftBelop":1611,"sumLonnsutgifter":13035,"sumLonnstilskudd":6518,"manedslonn100pst":26070,"sumL\00f8nnstilskuddRedusert":null,"datoForRedusertProsent":null,"stillingstype":"MIDLERTIDIG","maal":[],"inkluderingstilskuddsutgift":[],"inkluderingstilskuddBegrunnelse":null,"inkluderingstilskuddTotalBel\00f8p":0,"godkjentAvDeltaker":"2021-06-01T00:00:00","godkjentTaushetserkl\00e6ringAvMentor":null,"godkjentAvArbeidsgiver":"2021-06-01T00:00:00","godkjentAvVeileder":"2021-06-01T00:00:00","godkjentAvBeslutter":"2021-06-01T00:00:00","avtaleInng\00e5tt":"2021-06-01T00:00:00","ikrafttredelsestidspunkt":"2021-06-01T00:00:00","godkjentAvNavIdent":"Q987654","godkjentAvBeslutterNavIdent":null,"enhetKostnadssted":null,"enhetsnavnKostnadssted":null,"godkjentPaVegneGrunn":null,"godkjentPaVegneAv":false,"godkjentPaVegneAvArbeidsgiverGrunn":null,"godkjentPaVegneAvArbeidsgiver":false,"innholdType":"INNG\00c5","utf\00f8rtAv":"Z123456","utf\00f8rtAvRolle":"VEILEDER"}', FALSE, FALSE);
INSERT INTO "AVTALE_MELDING" VALUES
                                          (UUID '1ecf6cbe-42f8-4df7-81ef-3e17c93efe31', UUID 'e3758e31-5304-4fe4-9a50-02d0215fdae9', U&'GJENNOMF\00d8RES', DATEADD('YEAR', -1, CURRENT_TIMESTAMP), 'ENDRET', U&'{"hendelseType":"ENDRET","avtaleStatus":"GJENNOMF\00d8RES","deltakerFnr":"00000000000","mentorFnr":null,"bedriftNr":"999999999","veilederNavIdent":"Z123456","tiltakstype":"SOMMERJOBB","opprettetTidspunkt":"2021-06-01T00:00:00","avtaleId":"e3758e31-5304-4fe4-9a50-02d0215fdae9","avtaleNr":1,"sistEndret":"2021-05-31T22:00:00Z","annullertTidspunkt":null,"annullertGrunn":null,"slettemerket":false,"opprettetAvArbeidsgiver":false,"enhetGeografisk":null,"enhetsnavnGeografisk":null,"enhetOppfolging":"0906","enhetsnavnOppfolging":"Oslo gamlebyen","godkjentForEtterregistrering":false,"kvalifiseringsgruppe":null,"formidlingsgruppe":null,"tilskuddPeriode":[],"feilregistrert":false,"versjon":1,"deltakerFornavn":"Dagny","deltakerEtternavn":"Deltaker","deltakerTlf":"40000000","bedriftNavn":"Pers butikk","arbeidsgiverFornavn":"Per","arbeidsgiverEtternavn":"Kremmer","arbeidsgiverTlf":"99999999","veilederFornavn":"Vera","veilederEtternavn":"Veileder","veilederTlf":"44444444","oppfolging":"Telefon hver uke","tilrettelegging":"Ingen","startDato":"2021-06-01","sluttDato":"2021-06-28","stillingprosent":50,"journalpostId":null,"arbeidsoppgaver":"Butikkarbeid","stillingstittel":"Butikkbetjent","stillingStyrk08":5223,"stillingKonseptId":112968,"antallDagerPerUke":5,"refusjonKontaktperson":null,"mentorFornavn":null,"mentorEtternavn":null,"mentorOppgaver":null,"mentorAntallTimer":null,"mentorTimelonn":null,"mentorTlf":null,"arbeidsgiverKontonummer":"000111222","lonnstilskuddProsent":50,"manedslonn":10000,"feriepengesats":0.12,"arbeidsgiveravgift":0.141,"harFamilietilknytning":true,"familietilknytningForklaring":"En middels god forklaring","feriepengerBelop":1200,"otpSats":0.02,"otpBelop":224,"arbeidsgiveravgiftBelop":1611,"sumLonnsutgifter":13035,"sumLonnstilskudd":6518,"manedslonn100pst":26070,"sumL\00f8nnstilskuddRedusert":null,"datoForRedusertProsent":null,"stillingstype":"MIDLERTIDIG","maal":[],"inkluderingstilskuddsutgift":[],"inkluderingstilskuddBegrunnelse":null,"inkluderingstilskuddTotalBel\00f8p":0,"godkjentAvDeltaker":"2021-06-01T00:00:00","godkjentTaushetserkl\00e6ringAvMentor":null,"godkjentAvArbeidsgiver":"2021-06-01T00:00:00","godkjentAvVeileder":"2021-06-01T00:00:00","godkjentAvBeslutter":"2021-06-01T00:00:00","avtaleInng\00e5tt":"2021-06-01T00:00:00","ikrafttredelsestidspunkt":"2021-06-01T00:00:00","godkjentAvNavIdent":"Q987654","godkjentAvBeslutterNavIdent":null,"enhetKostnadssted":null,"enhetsnavnKostnadssted":null,"godkjentPaVegneGrunn":null,"godkjentPaVegneAv":false,"godkjentPaVegneAvArbeidsgiverGrunn":null,"godkjentPaVegneAvArbeidsgiver":false,"innholdType":"INNG\00c5","utf\00f8rtAv":null,"utf\00f8rtAvRolle":"VEILEDER"}', FALSE, FALSE),
                                          (UUID '212e4281-28b2-4063-89bd-2c1f593044d8', UUID 'cfeca708-b400-484b-a081-f293ef8b2cf9', 'MANGLER_GODKJENNING', DATEADD('YEAR', -1, CURRENT_TIMESTAMP), 'OPPRETTET', U&'{"hendelseType":"OPPRETTET","avtaleStatus":"MANGLER_GODKJENNING","deltakerFnr":"00000000000","mentorFnr":null,"bedriftNr":"999999999","veilederNavIdent":"Z123456","tiltakstype":"SOMMERJOBB","opprettetTidspunkt":"2021-06-01T00:00:00","avtaleId":"cfeca708-b400-484b-a081-f293ef8b2cf9","avtaleNr":null,"sistEndret":"2021-05-31T22:00:00Z","annullertTidspunkt":null,"annullertGrunn":null,"slettemerket":false,"opprettetAvArbeidsgiver":false,"enhetGeografisk":null,"enhetsnavnGeografisk":null,"enhetOppfolging":"0906","enhetsnavnOppfolging":"Oslo gamlebyen","godkjentForEtterregistrering":false,"kvalifiseringsgruppe":null,"formidlingsgruppe":null,"tilskuddPeriode":[],"feilregistrert":false,"versjon":1,"deltakerFornavn":"Dagny","deltakerEtternavn":"Deltaker","deltakerTlf":"40000000","bedriftNavn":"Pers butikk","arbeidsgiverFornavn":"Per","arbeidsgiverEtternavn":"Kremmer","arbeidsgiverTlf":"99999999","veilederFornavn":"Vera","veilederEtternavn":"Veileder","veilederTlf":"44444444","oppfolging":"Telefon hver uke","tilrettelegging":"Ingen","startDato":"2021-06-01","sluttDato":"2021-06-28","stillingprosent":50,"journalpostId":null,"arbeidsoppgaver":"Butikkarbeid","stillingstittel":"Butikkbetjent","stillingStyrk08":5223,"stillingKonseptId":112968,"antallDagerPerUke":5,"refusjonKontaktperson":{"refusjonKontaktpersonFornavn":"Ola","refusjonKontaktpersonEtternavn":"Olsen","refusjonKontaktpersonTlf":"12345678","\00f8nskerVarslingOmRefusjon":true},"mentorFornavn":null,"mentorEtternavn":null,"mentorOppgaver":null,"mentorAntallTimer":null,"mentorTimelonn":null,"mentorTlf":null,"arbeidsgiverKontonummer":"000111222","lonnstilskuddProsent":50,"manedslonn":10000,"feriepengesats":0.12,"arbeidsgiveravgift":0.141,"harFamilietilknytning":true,"familietilknytningForklaring":"En middels god forklaring","feriepengerBelop":1200,"otpSats":0.02,"otpBelop":224,"arbeidsgiveravgiftBelop":1611,"sumLonnsutgifter":13035,"sumLonnstilskudd":6518,"manedslonn100pst":26070,"sumL\00f8nnstilskuddRedusert":null,"datoForRedusertProsent":null,"stillingstype":"MIDLERTIDIG","maal":[],"inkluderingstilskuddsutgift":[],"inkluderingstilskuddBegrunnelse":null,"inkluderingstilskuddTotalBel\00f8p":0,"godkjentAvDeltaker":"2021-06-01T00:00:00","godkjentTaushetserkl\00e6ringAvMentor":null,"godkjentAvArbeidsgiver":"2021-06-01T00:00:00","godkjentAvVeileder":null,"godkjentAvBeslutter":null,"avtaleInng\00e5tt":null,"ikrafttredelsestidspunkt":null,"godkjentAvNavIdent":null,"godkjentAvBeslutterNavIdent":null,"enhetKostnadssted":null,"enhetsnavnKostnadssted":null,"godkjentPaVegneGrunn":null,"godkjentPaVegneAv":false,"godkjentPaVegneAvArbeidsgiverGrunn":null,"godkjentPaVegneAvArbeidsgiver":false,"innholdType":"INNG\00c5","utf\00f8rtAv":"Z123456","utf\00f8rtAvRolle":"VEILEDER"}', FALSE, FALSE);
INSERT INTO "AVTALE_MELDING" VALUES
                                          (UUID '175bb103-eed1-43be-a65f-b2b45c9e4c56', UUID 'cfeca708-b400-484b-a081-f293ef8b2cf9', 'MANGLER_GODKJENNING', DATEADD('YEAR', -1, CURRENT_TIMESTAMP), 'ENDRET', U&'{"hendelseType":"ENDRET","avtaleStatus":"MANGLER_GODKJENNING","deltakerFnr":"00000000000","mentorFnr":null,"bedriftNr":"999999999","veilederNavIdent":"Z123456","tiltakstype":"SOMMERJOBB","opprettetTidspunkt":"2021-06-01T00:00:00","avtaleId":"cfeca708-b400-484b-a081-f293ef8b2cf9","avtaleNr":null,"sistEndret":"2021-05-31T22:00:00Z","annullertTidspunkt":null,"annullertGrunn":null,"slettemerket":false,"opprettetAvArbeidsgiver":false,"enhetGeografisk":null,"enhetsnavnGeografisk":null,"enhetOppfolging":"0906","enhetsnavnOppfolging":"Oslo gamlebyen","godkjentForEtterregistrering":false,"kvalifiseringsgruppe":null,"formidlingsgruppe":null,"tilskuddPeriode":[],"feilregistrert":false,"versjon":1,"deltakerFornavn":"Dagny","deltakerEtternavn":"Deltaker","deltakerTlf":"40000000","bedriftNavn":"Pers butikk","arbeidsgiverFornavn":"Per","arbeidsgiverEtternavn":"Kremmer","arbeidsgiverTlf":"99999999","veilederFornavn":"Vera","veilederEtternavn":"Veileder","veilederTlf":"44444444","oppfolging":"Telefon hver uke","tilrettelegging":"Ingen","startDato":"2021-06-01","sluttDato":"2021-06-28","stillingprosent":50,"journalpostId":null,"arbeidsoppgaver":"Butikkarbeid","stillingstittel":"Butikkbetjent","stillingStyrk08":5223,"stillingKonseptId":112968,"antallDagerPerUke":5,"refusjonKontaktperson":{"refusjonKontaktpersonFornavn":"Ola","refusjonKontaktpersonEtternavn":"Olsen","refusjonKontaktpersonTlf":"12345678","\00f8nskerVarslingOmRefusjon":true},"mentorFornavn":null,"mentorEtternavn":null,"mentorOppgaver":null,"mentorAntallTimer":null,"mentorTimelonn":null,"mentorTlf":null,"arbeidsgiverKontonummer":"000111222","lonnstilskuddProsent":50,"manedslonn":10000,"feriepengesats":0.12,"arbeidsgiveravgift":0.141,"harFamilietilknytning":true,"familietilknytningForklaring":"En middels god forklaring","feriepengerBelop":1200,"otpSats":0.02,"otpBelop":224,"arbeidsgiveravgiftBelop":1611,"sumLonnsutgifter":13035,"sumLonnstilskudd":6518,"manedslonn100pst":26070,"sumL\00f8nnstilskuddRedusert":null,"datoForRedusertProsent":null,"stillingstype":"MIDLERTIDIG","maal":[],"inkluderingstilskuddsutgift":[],"inkluderingstilskuddBegrunnelse":null,"inkluderingstilskuddTotalBel\00f8p":0,"godkjentAvDeltaker":"2021-06-01T00:00:00","godkjentTaushetserkl\00e6ringAvMentor":null,"godkjentAvArbeidsgiver":"2021-06-01T00:00:00","godkjentAvVeileder":null,"godkjentAvBeslutter":null,"avtaleInng\00e5tt":null,"ikrafttredelsestidspunkt":null,"godkjentAvNavIdent":null,"godkjentAvBeslutterNavIdent":null,"enhetKostnadssted":null,"enhetsnavnKostnadssted":null,"godkjentPaVegneGrunn":null,"godkjentPaVegneAv":false,"godkjentPaVegneAvArbeidsgiverGrunn":null,"godkjentPaVegneAvArbeidsgiver":false,"innholdType":"INNG\00c5","utf\00f8rtAv":null,"utf\00f8rtAvRolle":"VEILEDER"}', FALSE, FALSE),
                                          (UUID '5c265661-e7be-441b-aab7-cd014941b764', UUID 'b5edc800-77d9-435d-8016-e12e5dbaeeca', U&'GJENNOMF\00d8RES', CURRENT_TIMESTAMP, 'OPPRETTET', U&'{"hendelseType":"OPPRETTET","avtaleStatus":"GJENNOMF\00d8RES","deltakerFnr":"00000000000","mentorFnr":null,"bedriftNr":"999999999","veilederNavIdent":"Z123456","tiltakstype":"MIDLERTIDIG_LONNSTILSKUDD","opprettetTidspunkt":"2024-10-02T08:08:48.266179","avtaleId":"b5edc800-77d9-435d-8016-e12e5dbaeeca","avtaleNr":null,"sistEndret":"2024-10-02T06:08:48.266381Z","annullertTidspunkt":null,"annullertGrunn":null,"slettemerket":false,"opprettetAvArbeidsgiver":false,"enhetGeografisk":null,"enhetsnavnGeografisk":null,"enhetOppfolging":"0906","enhetsnavnOppfolging":"Oslo gamlebyen","godkjentForEtterregistrering":false,"kvalifiseringsgruppe":"BATT","formidlingsgruppe":null,"tilskuddPeriode":[],"feilregistrert":false,"versjon":1,"deltakerFornavn":"Lilly","deltakerEtternavn":"L\00f8nning","deltakerTlf":"40000000","bedriftNavn":"Pers butikk","arbeidsgiverFornavn":"Per","arbeidsgiverEtternavn":"Kremmer","arbeidsgiverTlf":"99999999","veilederFornavn":"Vera","veilederEtternavn":"Veileder","veilederTlf":"44444444","oppfolging":"Telefon hver uke","tilrettelegging":"Ingen","startDato":"2024-10-02","sluttDato":"2025-10-01","stillingprosent":50,"journalpostId":"1","arbeidsoppgaver":"Butikkarbeid","stillingstittel":"Butikkbetjent","stillingStyrk08":5223,"stillingKonseptId":112968,"antallDagerPerUke":5,"refusjonKontaktperson":{"refusjonKontaktpersonFornavn":"Ola","refusjonKontaktpersonEtternavn":"Olsen","refusjonKontaktpersonTlf":"12345678","\00f8nskerVarslingOmRefusjon":true},"mentorFornavn":null,"mentorEtternavn":null,"mentorOppgaver":null,"mentorAntallTimer":null,"mentorTimelonn":null,"mentorTlf":null,"arbeidsgiverKontonummer":"22222222222","lonnstilskuddProsent":60,"manedslonn":20000,"feriepengesats":0.12,"arbeidsgiveravgift":0.141,"harFamilietilknytning":true,"familietilknytningForklaring":"En middels god forklaring","feriepengerBelop":10000,"otpSats":0.02,"otpBelop":400,"arbeidsgiveravgiftBelop":20400,"sumLonnsutgifter":40800,"sumLonnstilskudd":24480,"manedslonn100pst":81600,"sumL\00f8nnstilskuddRedusert":null,"datoForRedusertProsent":null,"stillingstype":"FAST","maal":[],"inkluderingstilskuddsutgift":[],"inkluderingstilskuddBegrunnelse":null,"inkluderingstilskuddTotalBel\00f8p":0,"godkjentAvDeltaker":"2024-10-02T08:08:48.266394","godkjentTaushetserkl\00e6ringAvMentor":null,"godkjentAvArbeidsgiver":"2024-10-02T08:08:48.266393","godkjentAvVeileder":"2024-10-02T08:08:48.266395","godkjentAvBeslutter":null,"avtaleInng\00e5tt":"2024-10-02T08:08:48.266396","ikrafttredelsestidspunkt":"2024-10-02T08:08:48.266402","godkjentAvNavIdent":"Q987654","godkjentAvBeslutterNavIdent":null,"enhetKostnadssted":null,"enhetsnavnKostnadssted":null,"godkjentPaVegneGrunn":null,"godkjentPaVegneAv":false,"godkjentPaVegneAvArbeidsgiverGrunn":null,"godkjentPaVegneAvArbeidsgiver":false,"innholdType":"INNG\00c5","utf\00f8rtAv":"Z123456","utf\00f8rtAvRolle":"VEILEDER"}', FALSE, FALSE);
INSERT INTO "AVTALE_MELDING" VALUES
                                          (UUID 'd340c043-bcc7-4a1b-afc5-e93675a5cb43', UUID 'b5edc800-77d9-435d-8016-e12e5dbaeeca', U&'GJENNOMF\00d8RES', CURRENT_TIMESTAMP, 'ENDRET', U&'{"hendelseType":"ENDRET","avtaleStatus":"GJENNOMF\00d8RES","deltakerFnr":"00000000000","mentorFnr":null,"bedriftNr":"999999999","veilederNavIdent":"Z123456","tiltakstype":"MIDLERTIDIG_LONNSTILSKUDD","opprettetTidspunkt":"2024-10-02T08:08:48.266179","avtaleId":"b5edc800-77d9-435d-8016-e12e5dbaeeca","avtaleNr":null,"sistEndret":"2024-10-02T06:08:48.266381Z","annullertTidspunkt":null,"annullertGrunn":null,"slettemerket":false,"opprettetAvArbeidsgiver":false,"enhetGeografisk":null,"enhetsnavnGeografisk":null,"enhetOppfolging":"0906","enhetsnavnOppfolging":"Oslo gamlebyen","godkjentForEtterregistrering":false,"kvalifiseringsgruppe":"BATT","formidlingsgruppe":null,"tilskuddPeriode":[],"feilregistrert":false,"versjon":1,"deltakerFornavn":"Lilly","deltakerEtternavn":"L\00f8nning","deltakerTlf":"40000000","bedriftNavn":"Pers butikk","arbeidsgiverFornavn":"Per","arbeidsgiverEtternavn":"Kremmer","arbeidsgiverTlf":"99999999","veilederFornavn":"Vera","veilederEtternavn":"Veileder","veilederTlf":"44444444","oppfolging":"Telefon hver uke","tilrettelegging":"Ingen","startDato":"2024-10-02","sluttDato":"2025-10-01","stillingprosent":50,"journalpostId":"1","arbeidsoppgaver":"Butikkarbeid","stillingstittel":"Butikkbetjent","stillingStyrk08":5223,"stillingKonseptId":112968,"antallDagerPerUke":5,"refusjonKontaktperson":{"refusjonKontaktpersonFornavn":"Ola","refusjonKontaktpersonEtternavn":"Olsen","refusjonKontaktpersonTlf":"12345678","\00f8nskerVarslingOmRefusjon":true},"mentorFornavn":null,"mentorEtternavn":null,"mentorOppgaver":null,"mentorAntallTimer":null,"mentorTimelonn":null,"mentorTlf":null,"arbeidsgiverKontonummer":"22222222222","lonnstilskuddProsent":60,"manedslonn":20000,"feriepengesats":0.12,"arbeidsgiveravgift":0.141,"harFamilietilknytning":true,"familietilknytningForklaring":"En middels god forklaring","feriepengerBelop":10000,"otpSats":0.02,"otpBelop":400,"arbeidsgiveravgiftBelop":20400,"sumLonnsutgifter":40800,"sumLonnstilskudd":24480,"manedslonn100pst":81600,"sumL\00f8nnstilskuddRedusert":null,"datoForRedusertProsent":null,"stillingstype":"FAST","maal":[],"inkluderingstilskuddsutgift":[],"inkluderingstilskuddBegrunnelse":null,"inkluderingstilskuddTotalBel\00f8p":0,"godkjentAvDeltaker":"2024-10-02T08:08:48.266394","godkjentTaushetserkl\00e6ringAvMentor":null,"godkjentAvArbeidsgiver":"2024-10-02T08:08:48.266393","godkjentAvVeileder":"2024-10-02T08:08:48.266395","godkjentAvBeslutter":null,"avtaleInng\00e5tt":"2024-10-02T08:08:48.266396","ikrafttredelsestidspunkt":"2024-10-02T08:08:48.266402","godkjentAvNavIdent":"Q987654","godkjentAvBeslutterNavIdent":null,"enhetKostnadssted":null,"enhetsnavnKostnadssted":null,"godkjentPaVegneGrunn":null,"godkjentPaVegneAv":false,"godkjentPaVegneAvArbeidsgiverGrunn":null,"godkjentPaVegneAvArbeidsgiver":false,"innholdType":"INNG\00c5","utf\00f8rtAv":null,"utf\00f8rtAvRolle":"VEILEDER"}', FALSE, FALSE),
                                          (UUID '7ef9c0a4-6981-4860-b790-412b071eb50d', UUID '4373d5fa-e372-4059-bea7-07290bc2bd7e', U&'P\00c5BEGYNT', CURRENT_TIMESTAMP, 'OPPRETTET', U&'{"hendelseType":"OPPRETTET","avtaleStatus":"P\00c5BEGYNT","deltakerFnr":"00000000000","mentorFnr":"00000000000","bedriftNr":"999999999","veilederNavIdent":"Z123456","tiltakstype":"MENTOR","opprettetTidspunkt":"2024-10-02T08:08:48.291859","avtaleId":"4373d5fa-e372-4059-bea7-07290bc2bd7e","avtaleNr":null,"sistEndret":"2024-10-02T06:08:48.291932Z","annullertTidspunkt":null,"annullertGrunn":null,"slettemerket":false,"opprettetAvArbeidsgiver":false,"enhetGeografisk":null,"enhetsnavnGeografisk":null,"enhetOppfolging":null,"enhetsnavnOppfolging":null,"godkjentForEtterregistrering":false,"kvalifiseringsgruppe":null,"formidlingsgruppe":null,"tilskuddPeriode":[],"feilregistrert":false,"versjon":1,"deltakerFornavn":null,"deltakerEtternavn":null,"deltakerTlf":null,"bedriftNavn":null,"arbeidsgiverFornavn":null,"arbeidsgiverEtternavn":null,"arbeidsgiverTlf":null,"veilederFornavn":null,"veilederEtternavn":null,"veilederTlf":null,"oppfolging":null,"tilrettelegging":null,"startDato":null,"sluttDato":null,"stillingprosent":null,"journalpostId":null,"arbeidsoppgaver":null,"stillingstittel":"Butikkbetjent","stillingStyrk08":5223,"stillingKonseptId":112968,"antallDagerPerUke":null,"refusjonKontaktperson":null,"mentorFornavn":"Mentor","mentorEtternavn":"Mentorsen","mentorOppgaver":"Mentoroppgaver","mentorAntallTimer":10.0,"mentorTimelonn":1000,"mentorTlf":"44444444","arbeidsgiverKontonummer":null,"lonnstilskuddProsent":null,"manedslonn":null,"feriepengesats":null,"arbeidsgiveravgift":null,"harFamilietilknytning":null,"familietilknytningForklaring":null,"feriepengerBelop":null,"otpSats":null,"otpBelop":null,"arbeidsgiveravgiftBelop":null,"sumLonnsutgifter":null,"sumLonnstilskudd":null,"manedslonn100pst":null,"sumL\00f8nnstilskuddRedusert":null,"datoForRedusertProsent":null,"stillingstype":null,"maal":[{"id":null,"kategori":"F\00c5_JOBB_I_BEDRIFTEN","beskrivelse":"L\00e6re butikkarbeid"}],"inkluderingstilskuddsutgift":[],"inkluderingstilskuddBegrunnelse":null,"inkluderingstilskuddTotalBel\00f8p":0,"godkjentAvDeltaker":null,"godkjentTaushetserkl\00e6ringAvMentor":null,"godkjentAvArbeidsgiver":null,"godkjentAvVeileder":null,"godkjentAvBeslutter":null,"avtaleInng\00e5tt":null,"ikrafttredelsestidspunkt":null,"godkjentAvNavIdent":null,"godkjentAvBeslutterNavIdent":null,"enhetKostnadssted":null,"enhetsnavnKostnadssted":null,"godkjentPaVegneGrunn":null,"godkjentPaVegneAv":false,"godkjentPaVegneAvArbeidsgiverGrunn":null,"godkjentPaVegneAvArbeidsgiver":false,"innholdType":"INNG\00c5","utf\00f8rtAv":"Z123456","utf\00f8rtAvRolle":"VEILEDER"}', FALSE, FALSE);
INSERT INTO "AVTALE_MELDING" VALUES
                                          (UUID '61924adc-5ef0-4c36-8855-c8d5bb225e8a', UUID '4373d5fa-e372-4059-bea7-07290bc2bd7e', U&'P\00c5BEGYNT', CURRENT_TIMESTAMP, 'ENDRET', U&'{"hendelseType":"ENDRET","avtaleStatus":"P\00c5BEGYNT","deltakerFnr":"00000000000","mentorFnr":"00000000000","bedriftNr":"999999999","veilederNavIdent":"Z123456","tiltakstype":"MENTOR","opprettetTidspunkt":"2024-10-02T08:08:48.291859","avtaleId":"4373d5fa-e372-4059-bea7-07290bc2bd7e","avtaleNr":null,"sistEndret":"2024-10-02T06:08:48.291932Z","annullertTidspunkt":null,"annullertGrunn":null,"slettemerket":false,"opprettetAvArbeidsgiver":false,"enhetGeografisk":null,"enhetsnavnGeografisk":null,"enhetOppfolging":null,"enhetsnavnOppfolging":null,"godkjentForEtterregistrering":false,"kvalifiseringsgruppe":null,"formidlingsgruppe":null,"tilskuddPeriode":[],"feilregistrert":false,"versjon":1,"deltakerFornavn":null,"deltakerEtternavn":null,"deltakerTlf":null,"bedriftNavn":null,"arbeidsgiverFornavn":null,"arbeidsgiverEtternavn":null,"arbeidsgiverTlf":null,"veilederFornavn":null,"veilederEtternavn":null,"veilederTlf":null,"oppfolging":null,"tilrettelegging":null,"startDato":null,"sluttDato":null,"stillingprosent":null,"journalpostId":null,"arbeidsoppgaver":null,"stillingstittel":"Butikkbetjent","stillingStyrk08":5223,"stillingKonseptId":112968,"antallDagerPerUke":null,"refusjonKontaktperson":null,"mentorFornavn":"Mentor","mentorEtternavn":"Mentorsen","mentorOppgaver":"Mentoroppgaver","mentorAntallTimer":10.0,"mentorTimelonn":1000,"mentorTlf":"44444444","arbeidsgiverKontonummer":null,"lonnstilskuddProsent":null,"manedslonn":null,"feriepengesats":null,"arbeidsgiveravgift":null,"harFamilietilknytning":null,"familietilknytningForklaring":null,"feriepengerBelop":null,"otpSats":null,"otpBelop":null,"arbeidsgiveravgiftBelop":null,"sumLonnsutgifter":null,"sumLonnstilskudd":null,"manedslonn100pst":null,"sumL\00f8nnstilskuddRedusert":null,"datoForRedusertProsent":null,"stillingstype":null,"maal":[{"id":null,"kategori":"F\00c5_JOBB_I_BEDRIFTEN","beskrivelse":"L\00e6re butikkarbeid"}],"inkluderingstilskuddsutgift":[],"inkluderingstilskuddBegrunnelse":null,"inkluderingstilskuddTotalBel\00f8p":0,"godkjentAvDeltaker":null,"godkjentTaushetserkl\00e6ringAvMentor":null,"godkjentAvArbeidsgiver":null,"godkjentAvVeileder":null,"godkjentAvBeslutter":null,"avtaleInng\00e5tt":null,"ikrafttredelsestidspunkt":null,"godkjentAvNavIdent":null,"godkjentAvBeslutterNavIdent":null,"enhetKostnadssted":null,"enhetsnavnKostnadssted":null,"godkjentPaVegneGrunn":null,"godkjentPaVegneAv":false,"godkjentPaVegneAvArbeidsgiverGrunn":null,"godkjentPaVegneAvArbeidsgiver":false,"innholdType":"INNG\00c5","utf\00f8rtAv":null,"utf\00f8rtAvRolle":"VEILEDER"}', FALSE, FALSE),
                                          (UUID '300b2181-53b4-41c9-99cd-70b6ec5ad6c3', UUID '4373d5fa-e372-4059-bea7-07290bc2bd7e', U&'P\00c5BEGYNT', CURRENT_TIMESTAMP, 'ENDRET', U&'{"hendelseType":"ENDRET","avtaleStatus":"P\00c5BEGYNT","deltakerFnr":"00000000000","mentorFnr":"00000000000","bedriftNr":"999999999","veilederNavIdent":"Z123456","tiltakstype":"MENTOR","opprettetTidspunkt":"2024-10-02T08:08:48.291859","avtaleId":"4373d5fa-e372-4059-bea7-07290bc2bd7e","avtaleNr":null,"sistEndret":"2024-10-02T06:08:48.291932Z","annullertTidspunkt":null,"annullertGrunn":null,"slettemerket":false,"opprettetAvArbeidsgiver":false,"enhetGeografisk":null,"enhetsnavnGeografisk":null,"enhetOppfolging":null,"enhetsnavnOppfolging":null,"godkjentForEtterregistrering":false,"kvalifiseringsgruppe":null,"formidlingsgruppe":null,"tilskuddPeriode":[],"feilregistrert":false,"versjon":1,"deltakerFornavn":null,"deltakerEtternavn":null,"deltakerTlf":null,"bedriftNavn":null,"arbeidsgiverFornavn":null,"arbeidsgiverEtternavn":null,"arbeidsgiverTlf":null,"veilederFornavn":null,"veilederEtternavn":null,"veilederTlf":null,"oppfolging":null,"tilrettelegging":null,"startDato":null,"sluttDato":null,"stillingprosent":null,"journalpostId":null,"arbeidsoppgaver":null,"stillingstittel":"Butikkbetjent","stillingStyrk08":5223,"stillingKonseptId":112968,"antallDagerPerUke":null,"refusjonKontaktperson":null,"mentorFornavn":"Mentor","mentorEtternavn":"Mentorsen","mentorOppgaver":"Mentoroppgaver","mentorAntallTimer":10.0,"mentorTimelonn":1000,"mentorTlf":"44444444","arbeidsgiverKontonummer":null,"lonnstilskuddProsent":null,"manedslonn":null,"feriepengesats":null,"arbeidsgiveravgift":null,"harFamilietilknytning":null,"familietilknytningForklaring":null,"feriepengerBelop":null,"otpSats":null,"otpBelop":null,"arbeidsgiveravgiftBelop":null,"sumLonnsutgifter":null,"sumLonnstilskudd":null,"manedslonn100pst":null,"sumL\00f8nnstilskuddRedusert":null,"datoForRedusertProsent":null,"stillingstype":null,"maal":[{"id":null,"kategori":"F\00c5_JOBB_I_BEDRIFTEN","beskrivelse":"L\00e6re butikkarbeid"}],"inkluderingstilskuddsutgift":[],"inkluderingstilskuddBegrunnelse":null,"inkluderingstilskuddTotalBel\00f8p":0,"godkjentAvDeltaker":null,"godkjentTaushetserkl\00e6ringAvMentor":null,"godkjentAvArbeidsgiver":null,"godkjentAvVeileder":null,"godkjentAvBeslutter":null,"avtaleInng\00e5tt":null,"ikrafttredelsestidspunkt":null,"godkjentAvNavIdent":null,"godkjentAvBeslutterNavIdent":null,"enhetKostnadssted":null,"enhetsnavnKostnadssted":null,"godkjentPaVegneGrunn":null,"godkjentPaVegneAv":false,"godkjentPaVegneAvArbeidsgiverGrunn":null,"godkjentPaVegneAvArbeidsgiver":false,"innholdType":"INNG\00c5","utf\00f8rtAv":null,"utf\00f8rtAvRolle":"VEILEDER"}', FALSE, FALSE);
INSERT INTO "AVTALE_MELDING" VALUES
                                          (UUID '7ce5e87a-f391-439d-a6b8-478e015afa24', UUID 'be77213d-5992-4b6f-a18f-b78028d6abf3', U&'P\00c5BEGYNT', CURRENT_TIMESTAMP, 'OPPRETTET_AV_ARBEIDSGIVER', U&'{"hendelseType":"OPPRETTET_AV_ARBEIDSGIVER","avtaleStatus":"P\00c5BEGYNT","deltakerFnr":"00000000000","mentorFnr":null,"bedriftNr":"999999999","veilederNavIdent":null,"tiltakstype":"ARBEIDSTRENING","opprettetTidspunkt":"2024-10-02T08:08:48.300783","avtaleId":"be77213d-5992-4b6f-a18f-b78028d6abf3","avtaleNr":null,"sistEndret":"2024-10-02T06:08:48.300786Z","annullertTidspunkt":null,"annullertGrunn":null,"slettemerket":false,"opprettetAvArbeidsgiver":true,"enhetGeografisk":null,"enhetsnavnGeografisk":null,"enhetOppfolging":null,"enhetsnavnOppfolging":null,"godkjentForEtterregistrering":false,"kvalifiseringsgruppe":null,"formidlingsgruppe":null,"tilskuddPeriode":[],"feilregistrert":false,"versjon":1,"deltakerFornavn":null,"deltakerEtternavn":null,"deltakerTlf":null,"bedriftNavn":null,"arbeidsgiverFornavn":null,"arbeidsgiverEtternavn":null,"arbeidsgiverTlf":null,"veilederFornavn":null,"veilederEtternavn":null,"veilederTlf":null,"oppfolging":null,"tilrettelegging":null,"startDato":null,"sluttDato":null,"stillingprosent":null,"journalpostId":null,"arbeidsoppgaver":null,"stillingstittel":null,"stillingStyrk08":null,"stillingKonseptId":null,"antallDagerPerUke":null,"refusjonKontaktperson":null,"mentorFornavn":null,"mentorEtternavn":null,"mentorOppgaver":null,"mentorAntallTimer":null,"mentorTimelonn":null,"mentorTlf":null,"arbeidsgiverKontonummer":null,"lonnstilskuddProsent":null,"manedslonn":null,"feriepengesats":null,"arbeidsgiveravgift":null,"harFamilietilknytning":null,"familietilknytningForklaring":null,"feriepengerBelop":null,"otpSats":null,"otpBelop":null,"arbeidsgiveravgiftBelop":null,"sumLonnsutgifter":null,"sumLonnstilskudd":null,"manedslonn100pst":null,"sumL\00f8nnstilskuddRedusert":null,"datoForRedusertProsent":null,"stillingstype":null,"maal":[],"inkluderingstilskuddsutgift":[],"inkluderingstilskuddBegrunnelse":null,"inkluderingstilskuddTotalBel\00f8p":0,"godkjentAvDeltaker":null,"godkjentTaushetserkl\00e6ringAvMentor":null,"godkjentAvArbeidsgiver":null,"godkjentAvVeileder":null,"godkjentAvBeslutter":null,"avtaleInng\00e5tt":null,"ikrafttredelsestidspunkt":null,"godkjentAvNavIdent":null,"godkjentAvBeslutterNavIdent":null,"enhetKostnadssted":null,"enhetsnavnKostnadssted":null,"godkjentPaVegneGrunn":null,"godkjentPaVegneAv":false,"godkjentPaVegneAvArbeidsgiverGrunn":null,"godkjentPaVegneAvArbeidsgiver":false,"innholdType":"INNG\00c5","utf\00f8rtAv":"999999999","utf\00f8rtAvRolle":"ARBEIDSGIVER"}', FALSE, FALSE),
                                          (UUID 'ae0c6050-1963-4571-a7f2-2d4de90b7832', UUID 'be1f60eb-9211-4bcb-8b17-1724ceb3c2ff', U&'P\00c5BEGYNT', CURRENT_TIMESTAMP, 'OPPRETTET_AV_ARBEIDSGIVER', U&'{"hendelseType":"OPPRETTET_AV_ARBEIDSGIVER","avtaleStatus":"P\00c5BEGYNT","deltakerFnr":"00000000000","mentorFnr":null,"bedriftNr":"999999999","veilederNavIdent":null,"tiltakstype":"ARBEIDSTRENING","opprettetTidspunkt":"2024-10-02T08:08:48.433446","avtaleId":"be1f60eb-9211-4bcb-8b17-1724ceb3c2ff","avtaleNr":null,"sistEndret":"2024-10-02T06:08:48.433449Z","annullertTidspunkt":null,"annullertGrunn":null,"slettemerket":false,"opprettetAvArbeidsgiver":true,"enhetGeografisk":"0904","enhetsnavnGeografisk":"Vinstra","enhetOppfolging":null,"enhetsnavnOppfolging":null,"godkjentForEtterregistrering":false,"kvalifiseringsgruppe":null,"formidlingsgruppe":null,"tilskuddPeriode":[],"feilregistrert":false,"versjon":1,"deltakerFornavn":null,"deltakerEtternavn":null,"deltakerTlf":null,"bedriftNavn":null,"arbeidsgiverFornavn":null,"arbeidsgiverEtternavn":null,"arbeidsgiverTlf":null,"veilederFornavn":null,"veilederEtternavn":null,"veilederTlf":null,"oppfolging":null,"tilrettelegging":null,"startDato":null,"sluttDato":null,"stillingprosent":null,"journalpostId":null,"arbeidsoppgaver":null,"stillingstittel":null,"stillingStyrk08":null,"stillingKonseptId":null,"antallDagerPerUke":null,"refusjonKontaktperson":null,"mentorFornavn":null,"mentorEtternavn":null,"mentorOppgaver":null,"mentorAntallTimer":null,"mentorTimelonn":null,"mentorTlf":null,"arbeidsgiverKontonummer":null,"lonnstilskuddProsent":null,"manedslonn":null,"feriepengesats":null,"arbeidsgiveravgift":null,"harFamilietilknytning":null,"familietilknytningForklaring":null,"feriepengerBelop":null,"otpSats":null,"otpBelop":null,"arbeidsgiveravgiftBelop":null,"sumLonnsutgifter":null,"sumLonnstilskudd":null,"manedslonn100pst":null,"sumL\00f8nnstilskuddRedusert":null,"datoForRedusertProsent":null,"stillingstype":null,"maal":[],"inkluderingstilskuddsutgift":[],"inkluderingstilskuddBegrunnelse":null,"inkluderingstilskuddTotalBel\00f8p":0,"godkjentAvDeltaker":null,"godkjentTaushetserkl\00e6ringAvMentor":null,"godkjentAvArbeidsgiver":null,"godkjentAvVeileder":null,"godkjentAvBeslutter":null,"avtaleInng\00e5tt":null,"ikrafttredelsestidspunkt":null,"godkjentAvNavIdent":null,"godkjentAvBeslutterNavIdent":null,"enhetKostnadssted":null,"enhetsnavnKostnadssted":null,"godkjentPaVegneGrunn":null,"godkjentPaVegneAv":false,"godkjentPaVegneAvArbeidsgiverGrunn":null,"godkjentPaVegneAvArbeidsgiver":false,"innholdType":"INNG\00c5","utf\00f8rtAv":"999999999","utf\00f8rtAvRolle":"ARBEIDSGIVER"}', FALSE, FALSE);
INSERT INTO "AVTALE_MELDING" VALUES
                                          (UUID 'd3ac85e0-a806-48c4-8025-9682f9926cba', UUID 'd892053f-233d-4f47-97d8-b7e2bcb955a9', U&'P\00c5BEGYNT', CURRENT_TIMESTAMP, 'OPPRETTET_AV_ARBEIDSGIVER', U&'{"hendelseType":"OPPRETTET_AV_ARBEIDSGIVER","avtaleStatus":"P\00c5BEGYNT","deltakerFnr":"00000000000","mentorFnr":null,"bedriftNr":"999999999","veilederNavIdent":null,"tiltakstype":"ARBEIDSTRENING","opprettetTidspunkt":"2024-10-02T08:08:48.443228","avtaleId":"d892053f-233d-4f47-97d8-b7e2bcb955a9","avtaleNr":null,"sistEndret":"2024-10-02T06:08:48.443229Z","annullertTidspunkt":null,"annullertGrunn":null,"slettemerket":false,"opprettetAvArbeidsgiver":true,"enhetGeografisk":"0904","enhetsnavnGeografisk":"Vinstra","enhetOppfolging":null,"enhetsnavnOppfolging":null,"godkjentForEtterregistrering":false,"kvalifiseringsgruppe":null,"formidlingsgruppe":null,"tilskuddPeriode":[],"feilregistrert":false,"versjon":1,"deltakerFornavn":null,"deltakerEtternavn":null,"deltakerTlf":null,"bedriftNavn":null,"arbeidsgiverFornavn":null,"arbeidsgiverEtternavn":null,"arbeidsgiverTlf":null,"veilederFornavn":null,"veilederEtternavn":null,"veilederTlf":null,"oppfolging":null,"tilrettelegging":null,"startDato":null,"sluttDato":null,"stillingprosent":null,"journalpostId":null,"arbeidsoppgaver":null,"stillingstittel":null,"stillingStyrk08":null,"stillingKonseptId":null,"antallDagerPerUke":null,"refusjonKontaktperson":null,"mentorFornavn":null,"mentorEtternavn":null,"mentorOppgaver":null,"mentorAntallTimer":null,"mentorTimelonn":null,"mentorTlf":null,"arbeidsgiverKontonummer":null,"lonnstilskuddProsent":null,"manedslonn":null,"feriepengesats":null,"arbeidsgiveravgift":null,"harFamilietilknytning":null,"familietilknytningForklaring":null,"feriepengerBelop":null,"otpSats":null,"otpBelop":null,"arbeidsgiveravgiftBelop":null,"sumLonnsutgifter":null,"sumLonnstilskudd":null,"manedslonn100pst":null,"sumL\00f8nnstilskuddRedusert":null,"datoForRedusertProsent":null,"stillingstype":null,"maal":[],"inkluderingstilskuddsutgift":[],"inkluderingstilskuddBegrunnelse":null,"inkluderingstilskuddTotalBel\00f8p":0,"godkjentAvDeltaker":null,"godkjentTaushetserkl\00e6ringAvMentor":null,"godkjentAvArbeidsgiver":null,"godkjentAvVeileder":null,"godkjentAvBeslutter":null,"avtaleInng\00e5tt":null,"ikrafttredelsestidspunkt":null,"godkjentAvNavIdent":null,"godkjentAvBeslutterNavIdent":null,"enhetKostnadssted":null,"enhetsnavnKostnadssted":null,"godkjentPaVegneGrunn":null,"godkjentPaVegneAv":false,"godkjentPaVegneAvArbeidsgiverGrunn":null,"godkjentPaVegneAvArbeidsgiver":false,"innholdType":"INNG\00c5","utf\00f8rtAv":"999999999","utf\00f8rtAvRolle":"ARBEIDSGIVER"}', FALSE, FALSE),
                                          (UUID 'e42b2c7c-2606-45a3-ac9e-c16ff2c184ae', UUID '290257e5-deec-445c-850b-50336905f848', U&'P\00c5BEGYNT', CURRENT_TIMESTAMP, 'OPPRETTET_AV_ARBEIDSGIVER', U&'{"hendelseType":"OPPRETTET_AV_ARBEIDSGIVER","avtaleStatus":"P\00c5BEGYNT","deltakerFnr":"00000000000","mentorFnr":null,"bedriftNr":"999999999","veilederNavIdent":null,"tiltakstype":"ARBEIDSTRENING","opprettetTidspunkt":"2024-10-02T08:08:48.453734","avtaleId":"290257e5-deec-445c-850b-50336905f848","avtaleNr":null,"sistEndret":"2024-10-02T06:08:48.453737Z","annullertTidspunkt":null,"annullertGrunn":null,"slettemerket":false,"opprettetAvArbeidsgiver":true,"enhetGeografisk":null,"enhetsnavnGeografisk":null,"enhetOppfolging":"0906","enhetsnavnOppfolging":"Oslo gamlebyen","godkjentForEtterregistrering":false,"kvalifiseringsgruppe":null,"formidlingsgruppe":null,"tilskuddPeriode":[],"feilregistrert":false,"versjon":1,"deltakerFornavn":null,"deltakerEtternavn":null,"deltakerTlf":null,"bedriftNavn":null,"arbeidsgiverFornavn":null,"arbeidsgiverEtternavn":null,"arbeidsgiverTlf":null,"veilederFornavn":null,"veilederEtternavn":null,"veilederTlf":null,"oppfolging":null,"tilrettelegging":null,"startDato":null,"sluttDato":null,"stillingprosent":null,"journalpostId":null,"arbeidsoppgaver":null,"stillingstittel":null,"stillingStyrk08":null,"stillingKonseptId":null,"antallDagerPerUke":null,"refusjonKontaktperson":null,"mentorFornavn":null,"mentorEtternavn":null,"mentorOppgaver":null,"mentorAntallTimer":null,"mentorTimelonn":null,"mentorTlf":null,"arbeidsgiverKontonummer":null,"lonnstilskuddProsent":null,"manedslonn":null,"feriepengesats":null,"arbeidsgiveravgift":null,"harFamilietilknytning":null,"familietilknytningForklaring":null,"feriepengerBelop":null,"otpSats":null,"otpBelop":null,"arbeidsgiveravgiftBelop":null,"sumLonnsutgifter":null,"sumLonnstilskudd":null,"manedslonn100pst":null,"sumL\00f8nnstilskuddRedusert":null,"datoForRedusertProsent":null,"stillingstype":null,"maal":[],"inkluderingstilskuddsutgift":[],"inkluderingstilskuddBegrunnelse":null,"inkluderingstilskuddTotalBel\00f8p":0,"godkjentAvDeltaker":null,"godkjentTaushetserkl\00e6ringAvMentor":null,"godkjentAvArbeidsgiver":null,"godkjentAvVeileder":null,"godkjentAvBeslutter":null,"avtaleInng\00e5tt":null,"ikrafttredelsestidspunkt":null,"godkjentAvNavIdent":null,"godkjentAvBeslutterNavIdent":null,"enhetKostnadssted":null,"enhetsnavnKostnadssted":null,"godkjentPaVegneGrunn":null,"godkjentPaVegneAv":false,"godkjentPaVegneAvArbeidsgiverGrunn":null,"godkjentPaVegneAvArbeidsgiver":false,"innholdType":"INNG\00c5","utf\00f8rtAv":"999999999","utf\00f8rtAvRolle":"ARBEIDSGIVER"}', FALSE, FALSE);
INSERT INTO "AVTALE_MELDING" VALUES
                                          (UUID 'ed8751cd-cd43-444c-bbab-8517c52334e6', UUID '20ff46e5-b490-448b-83c2-a98764fcef26', U&'P\00c5BEGYNT', CURRENT_TIMESTAMP, 'OPPRETTET_AV_ARBEIDSGIVER', U&'{"hendelseType":"OPPRETTET_AV_ARBEIDSGIVER","avtaleStatus":"P\00c5BEGYNT","deltakerFnr":"00000000000","mentorFnr":null,"bedriftNr":"999999999","veilederNavIdent":null,"tiltakstype":"MIDLERTIDIG_LONNSTILSKUDD","opprettetTidspunkt":"2024-10-02T08:08:48.464486","avtaleId":"20ff46e5-b490-448b-83c2-a98764fcef26","avtaleNr":null,"sistEndret":"2024-10-02T06:08:48.464488Z","annullertTidspunkt":null,"annullertGrunn":null,"slettemerket":false,"opprettetAvArbeidsgiver":true,"enhetGeografisk":null,"enhetsnavnGeografisk":null,"enhetOppfolging":null,"enhetsnavnOppfolging":null,"godkjentForEtterregistrering":false,"kvalifiseringsgruppe":null,"formidlingsgruppe":null,"tilskuddPeriode":[],"feilregistrert":false,"versjon":1,"deltakerFornavn":null,"deltakerEtternavn":null,"deltakerTlf":null,"bedriftNavn":null,"arbeidsgiverFornavn":null,"arbeidsgiverEtternavn":null,"arbeidsgiverTlf":null,"veilederFornavn":null,"veilederEtternavn":null,"veilederTlf":null,"oppfolging":null,"tilrettelegging":null,"startDato":null,"sluttDato":null,"stillingprosent":null,"journalpostId":null,"arbeidsoppgaver":null,"stillingstittel":null,"stillingStyrk08":null,"stillingKonseptId":null,"antallDagerPerUke":null,"refusjonKontaktperson":null,"mentorFornavn":null,"mentorEtternavn":null,"mentorOppgaver":null,"mentorAntallTimer":null,"mentorTimelonn":null,"mentorTlf":null,"arbeidsgiverKontonummer":null,"lonnstilskuddProsent":null,"manedslonn":null,"feriepengesats":null,"arbeidsgiveravgift":null,"harFamilietilknytning":null,"familietilknytningForklaring":null,"feriepengerBelop":null,"otpSats":null,"otpBelop":null,"arbeidsgiveravgiftBelop":null,"sumLonnsutgifter":null,"sumLonnstilskudd":null,"manedslonn100pst":null,"sumL\00f8nnstilskuddRedusert":null,"datoForRedusertProsent":null,"stillingstype":null,"maal":[],"inkluderingstilskuddsutgift":[],"inkluderingstilskuddBegrunnelse":null,"inkluderingstilskuddTotalBel\00f8p":0,"godkjentAvDeltaker":null,"godkjentTaushetserkl\00e6ringAvMentor":null,"godkjentAvArbeidsgiver":null,"godkjentAvVeileder":null,"godkjentAvBeslutter":null,"avtaleInng\00e5tt":null,"ikrafttredelsestidspunkt":null,"godkjentAvNavIdent":null,"godkjentAvBeslutterNavIdent":null,"enhetKostnadssted":null,"enhetsnavnKostnadssted":null,"godkjentPaVegneGrunn":null,"godkjentPaVegneAv":false,"godkjentPaVegneAvArbeidsgiverGrunn":null,"godkjentPaVegneAvArbeidsgiver":false,"innholdType":"INNG\00c5","utf\00f8rtAv":"999999999","utf\00f8rtAvRolle":"ARBEIDSGIVER"}', FALSE, FALSE),
                                          (UUID '15aed295-7391-4a9b-82f3-ae84351b2e2e', UUID 'f4687669-0192-4911-8415-fc2719163e9d', U&'P\00c5BEGYNT', CURRENT_TIMESTAMP, 'OPPRETTET_AV_ARBEIDSGIVER', U&'{"hendelseType":"OPPRETTET_AV_ARBEIDSGIVER","avtaleStatus":"P\00c5BEGYNT","deltakerFnr":"00000000000","mentorFnr":null,"bedriftNr":"999999999","veilederNavIdent":null,"tiltakstype":"VARIG_LONNSTILSKUDD","opprettetTidspunkt":"2024-10-02T08:08:48.475791","avtaleId":"f4687669-0192-4911-8415-fc2719163e9d","avtaleNr":null,"sistEndret":"2024-10-02T06:08:48.475793Z","annullertTidspunkt":null,"annullertGrunn":null,"slettemerket":false,"opprettetAvArbeidsgiver":true,"enhetGeografisk":null,"enhetsnavnGeografisk":null,"enhetOppfolging":null,"enhetsnavnOppfolging":null,"godkjentForEtterregistrering":false,"kvalifiseringsgruppe":null,"formidlingsgruppe":null,"tilskuddPeriode":[],"feilregistrert":false,"versjon":1,"deltakerFornavn":null,"deltakerEtternavn":null,"deltakerTlf":null,"bedriftNavn":null,"arbeidsgiverFornavn":null,"arbeidsgiverEtternavn":null,"arbeidsgiverTlf":null,"veilederFornavn":null,"veilederEtternavn":null,"veilederTlf":null,"oppfolging":null,"tilrettelegging":null,"startDato":null,"sluttDato":null,"stillingprosent":null,"journalpostId":null,"arbeidsoppgaver":null,"stillingstittel":null,"stillingStyrk08":null,"stillingKonseptId":null,"antallDagerPerUke":null,"refusjonKontaktperson":null,"mentorFornavn":null,"mentorEtternavn":null,"mentorOppgaver":null,"mentorAntallTimer":null,"mentorTimelonn":null,"mentorTlf":null,"arbeidsgiverKontonummer":null,"lonnstilskuddProsent":null,"manedslonn":null,"feriepengesats":null,"arbeidsgiveravgift":null,"harFamilietilknytning":null,"familietilknytningForklaring":null,"feriepengerBelop":null,"otpSats":null,"otpBelop":null,"arbeidsgiveravgiftBelop":null,"sumLonnsutgifter":null,"sumLonnstilskudd":null,"manedslonn100pst":null,"sumL\00f8nnstilskuddRedusert":null,"datoForRedusertProsent":null,"stillingstype":null,"maal":[],"inkluderingstilskuddsutgift":[],"inkluderingstilskuddBegrunnelse":null,"inkluderingstilskuddTotalBel\00f8p":0,"godkjentAvDeltaker":null,"godkjentTaushetserkl\00e6ringAvMentor":null,"godkjentAvArbeidsgiver":null,"godkjentAvVeileder":null,"godkjentAvBeslutter":null,"avtaleInng\00e5tt":null,"ikrafttredelsestidspunkt":null,"godkjentAvNavIdent":null,"godkjentAvBeslutterNavIdent":null,"enhetKostnadssted":null,"enhetsnavnKostnadssted":null,"godkjentPaVegneGrunn":null,"godkjentPaVegneAv":false,"godkjentPaVegneAvArbeidsgiverGrunn":null,"godkjentPaVegneAvArbeidsgiver":false,"innholdType":"INNG\00c5","utf\00f8rtAv":"999999999","utf\00f8rtAvRolle":"ARBEIDSGIVER"}', FALSE, FALSE);
INSERT INTO "AVTALE_MELDING" VALUES
                                          (UUID 'b63b6a32-643d-4d16-a55b-d82564c7d63c', UUID '751ab1a8-4cab-4412-b494-c2bf742eb132', 'MANGLER_GODKJENNING', CURRENT_TIMESTAMP, 'OPPRETTET', U&'{"hendelseType":"OPPRETTET","avtaleStatus":"MANGLER_GODKJENNING","deltakerFnr":"00000000000","mentorFnr":null,"bedriftNr":"999999999","veilederNavIdent":"Z123456","tiltakstype":"VARIG_LONNSTILSKUDD","opprettetTidspunkt":"2024-10-02T08:08:48.48436","avtaleId":"751ab1a8-4cab-4412-b494-c2bf742eb132","avtaleNr":null,"sistEndret":"2024-10-02T06:08:48.631843Z","annullertTidspunkt":null,"annullertGrunn":null,"slettemerket":false,"opprettetAvArbeidsgiver":false,"enhetGeografisk":null,"enhetsnavnGeografisk":null,"enhetOppfolging":"0906","enhetsnavnOppfolging":"Oslo gamlebyen","godkjentForEtterregistrering":false,"kvalifiseringsgruppe":"VARIG","formidlingsgruppe":null,"tilskuddPeriode":[],"feilregistrert":false,"versjon":1,"deltakerFornavn":"Lilly","deltakerEtternavn":"L\00f8nning","deltakerTlf":"40000000","bedriftNavn":"Pers butikk","arbeidsgiverFornavn":"Per","arbeidsgiverEtternavn":"Kremmer","arbeidsgiverTlf":"99999999","veilederFornavn":"Vera","veilederEtternavn":"Veileder","veilederTlf":"44444444","oppfolging":"Telefon hver uke","tilrettelegging":"Ingen","startDato":"2023-10-02","sluttDato":"2025-10-02","stillingprosent":50,"journalpostId":null,"arbeidsoppgaver":"Butikkarbeid","stillingstittel":"Butikkbetjent","stillingStyrk08":5223,"stillingKonseptId":112968,"antallDagerPerUke":5,"refusjonKontaktperson":{"refusjonKontaktpersonFornavn":"Ola","refusjonKontaktpersonEtternavn":"Olsen","refusjonKontaktpersonTlf":"12345678","\00f8nskerVarslingOmRefusjon":true},"mentorFornavn":null,"mentorEtternavn":null,"mentorOppgaver":null,"mentorAntallTimer":null,"mentorTimelonn":null,"mentorTlf":null,"arbeidsgiverKontonummer":"22222222222","lonnstilskuddProsent":60,"manedslonn":20000,"feriepengesats":0.12,"arbeidsgiveravgift":0.141,"harFamilietilknytning":true,"familietilknytningForklaring":"En middels god forklaring","feriepengerBelop":10000,"otpSats":0.02,"otpBelop":400,"arbeidsgiveravgiftBelop":20400,"sumLonnsutgifter":40800,"sumLonnstilskudd":24480,"manedslonn100pst":81600,"sumL\00f8nnstilskuddRedusert":null,"datoForRedusertProsent":null,"stillingstype":"FAST","maal":[],"inkluderingstilskuddsutgift":[],"inkluderingstilskuddBegrunnelse":null,"inkluderingstilskuddTotalBel\00f8p":0,"godkjentAvDeltaker":"2024-10-02T08:08:48.631807","godkjentTaushetserkl\00e6ringAvMentor":null,"godkjentAvArbeidsgiver":"2024-10-02T08:08:48.486422","godkjentAvVeileder":"2024-10-02T08:08:48.631807","godkjentAvBeslutter":null,"avtaleInng\00e5tt":null,"ikrafttredelsestidspunkt":"2024-10-02T08:08:48.631807","godkjentAvNavIdent":"Z123456","godkjentAvBeslutterNavIdent":null,"enhetKostnadssted":null,"enhetsnavnKostnadssted":null,"godkjentPaVegneGrunn":{"ikkeBankId":true,"reservert":false,"digitalKompetanse":false,"arenaMigreringDeltaker":false},"godkjentPaVegneAv":true,"godkjentPaVegneAvArbeidsgiverGrunn":null,"godkjentPaVegneAvArbeidsgiver":false,"innholdType":"INNG\00c5","utf\00f8rtAv":"Z123456","utf\00f8rtAvRolle":"VEILEDER"}', FALSE, FALSE),
                                          (UUID '3a3e7fd4-7304-4552-b2af-5d2093158373', UUID '751ab1a8-4cab-4412-b494-c2bf742eb132', 'MANGLER_GODKJENNING', CURRENT_TIMESTAMP, 'ENDRET', U&'{"hendelseType":"ENDRET","avtaleStatus":"MANGLER_GODKJENNING","deltakerFnr":"00000000000","mentorFnr":null,"bedriftNr":"999999999","veilederNavIdent":"Z123456","tiltakstype":"VARIG_LONNSTILSKUDD","opprettetTidspunkt":"2024-10-02T08:08:48.48436","avtaleId":"751ab1a8-4cab-4412-b494-c2bf742eb132","avtaleNr":null,"sistEndret":"2024-10-02T06:08:48.631843Z","annullertTidspunkt":null,"annullertGrunn":null,"slettemerket":false,"opprettetAvArbeidsgiver":false,"enhetGeografisk":null,"enhetsnavnGeografisk":null,"enhetOppfolging":"0906","enhetsnavnOppfolging":"Oslo gamlebyen","godkjentForEtterregistrering":false,"kvalifiseringsgruppe":"VARIG","formidlingsgruppe":null,"tilskuddPeriode":[],"feilregistrert":false,"versjon":1,"deltakerFornavn":"Lilly","deltakerEtternavn":"L\00f8nning","deltakerTlf":"40000000","bedriftNavn":"Pers butikk","arbeidsgiverFornavn":"Per","arbeidsgiverEtternavn":"Kremmer","arbeidsgiverTlf":"99999999","veilederFornavn":"Vera","veilederEtternavn":"Veileder","veilederTlf":"44444444","oppfolging":"Telefon hver uke","tilrettelegging":"Ingen","startDato":"2023-10-02","sluttDato":"2025-10-02","stillingprosent":50,"journalpostId":null,"arbeidsoppgaver":"Butikkarbeid","stillingstittel":"Butikkbetjent","stillingStyrk08":5223,"stillingKonseptId":112968,"antallDagerPerUke":5,"refusjonKontaktperson":{"refusjonKontaktpersonFornavn":"Ola","refusjonKontaktpersonEtternavn":"Olsen","refusjonKontaktpersonTlf":"12345678","\00f8nskerVarslingOmRefusjon":true},"mentorFornavn":null,"mentorEtternavn":null,"mentorOppgaver":null,"mentorAntallTimer":null,"mentorTimelonn":null,"mentorTlf":null,"arbeidsgiverKontonummer":"22222222222","lonnstilskuddProsent":60,"manedslonn":20000,"feriepengesats":0.12,"arbeidsgiveravgift":0.141,"harFamilietilknytning":true,"familietilknytningForklaring":"En middels god forklaring","feriepengerBelop":10000,"otpSats":0.02,"otpBelop":400,"arbeidsgiveravgiftBelop":20400,"sumLonnsutgifter":40800,"sumLonnstilskudd":24480,"manedslonn100pst":81600,"sumL\00f8nnstilskuddRedusert":null,"datoForRedusertProsent":null,"stillingstype":"FAST","maal":[],"inkluderingstilskuddsutgift":[],"inkluderingstilskuddBegrunnelse":null,"inkluderingstilskuddTotalBel\00f8p":0,"godkjentAvDeltaker":"2024-10-02T08:08:48.631807","godkjentTaushetserkl\00e6ringAvMentor":null,"godkjentAvArbeidsgiver":"2024-10-02T08:08:48.486422","godkjentAvVeileder":"2024-10-02T08:08:48.631807","godkjentAvBeslutter":null,"avtaleInng\00e5tt":null,"ikrafttredelsestidspunkt":"2024-10-02T08:08:48.631807","godkjentAvNavIdent":"Z123456","godkjentAvBeslutterNavIdent":null,"enhetKostnadssted":null,"enhetsnavnKostnadssted":null,"godkjentPaVegneGrunn":{"ikkeBankId":true,"reservert":false,"digitalKompetanse":false,"arenaMigreringDeltaker":false},"godkjentPaVegneAv":true,"godkjentPaVegneAvArbeidsgiverGrunn":null,"godkjentPaVegneAvArbeidsgiver":false,"innholdType":"INNG\00c5","utf\00f8rtAv":null,"utf\00f8rtAvRolle":"VEILEDER"}', FALSE, FALSE);
INSERT INTO "AVTALE_MELDING" VALUES
                                          (UUID '6dcaced6-f581-49c9-99e8-6c0bd5c8bb9c', UUID '751ab1a8-4cab-4412-b494-c2bf742eb132', 'MANGLER_GODKJENNING', CURRENT_TIMESTAMP, 'GODKJENT_AV_ARBEIDSGIVER', U&'{"hendelseType":"GODKJENT_AV_ARBEIDSGIVER","avtaleStatus":"MANGLER_GODKJENNING","deltakerFnr":"00000000000","mentorFnr":null,"bedriftNr":"999999999","veilederNavIdent":"Z123456","tiltakstype":"VARIG_LONNSTILSKUDD","opprettetTidspunkt":"2024-10-02T08:08:48.48436","avtaleId":"751ab1a8-4cab-4412-b494-c2bf742eb132","avtaleNr":null,"sistEndret":"2024-10-02T06:08:48.631843Z","annullertTidspunkt":null,"annullertGrunn":null,"slettemerket":false,"opprettetAvArbeidsgiver":false,"enhetGeografisk":null,"enhetsnavnGeografisk":null,"enhetOppfolging":"0906","enhetsnavnOppfolging":"Oslo gamlebyen","godkjentForEtterregistrering":false,"kvalifiseringsgruppe":"VARIG","formidlingsgruppe":null,"tilskuddPeriode":[],"feilregistrert":false,"versjon":1,"deltakerFornavn":"Lilly","deltakerEtternavn":"L\00f8nning","deltakerTlf":"40000000","bedriftNavn":"Pers butikk","arbeidsgiverFornavn":"Per","arbeidsgiverEtternavn":"Kremmer","arbeidsgiverTlf":"99999999","veilederFornavn":"Vera","veilederEtternavn":"Veileder","veilederTlf":"44444444","oppfolging":"Telefon hver uke","tilrettelegging":"Ingen","startDato":"2023-10-02","sluttDato":"2025-10-02","stillingprosent":50,"journalpostId":null,"arbeidsoppgaver":"Butikkarbeid","stillingstittel":"Butikkbetjent","stillingStyrk08":5223,"stillingKonseptId":112968,"antallDagerPerUke":5,"refusjonKontaktperson":{"refusjonKontaktpersonFornavn":"Ola","refusjonKontaktpersonEtternavn":"Olsen","refusjonKontaktpersonTlf":"12345678","\00f8nskerVarslingOmRefusjon":true},"mentorFornavn":null,"mentorEtternavn":null,"mentorOppgaver":null,"mentorAntallTimer":null,"mentorTimelonn":null,"mentorTlf":null,"arbeidsgiverKontonummer":"22222222222","lonnstilskuddProsent":60,"manedslonn":20000,"feriepengesats":0.12,"arbeidsgiveravgift":0.141,"harFamilietilknytning":true,"familietilknytningForklaring":"En middels god forklaring","feriepengerBelop":10000,"otpSats":0.02,"otpBelop":400,"arbeidsgiveravgiftBelop":20400,"sumLonnsutgifter":40800,"sumLonnstilskudd":24480,"manedslonn100pst":81600,"sumL\00f8nnstilskuddRedusert":null,"datoForRedusertProsent":null,"stillingstype":"FAST","maal":[],"inkluderingstilskuddsutgift":[],"inkluderingstilskuddBegrunnelse":null,"inkluderingstilskuddTotalBel\00f8p":0,"godkjentAvDeltaker":"2024-10-02T08:08:48.631807","godkjentTaushetserkl\00e6ringAvMentor":null,"godkjentAvArbeidsgiver":"2024-10-02T08:08:48.486422","godkjentAvVeileder":"2024-10-02T08:08:48.631807","godkjentAvBeslutter":null,"avtaleInng\00e5tt":null,"ikrafttredelsestidspunkt":"2024-10-02T08:08:48.631807","godkjentAvNavIdent":"Z123456","godkjentAvBeslutterNavIdent":null,"enhetKostnadssted":null,"enhetsnavnKostnadssted":null,"godkjentPaVegneGrunn":{"ikkeBankId":true,"reservert":false,"digitalKompetanse":false,"arenaMigreringDeltaker":false},"godkjentPaVegneAv":true,"godkjentPaVegneAvArbeidsgiverGrunn":null,"godkjentPaVegneAvArbeidsgiver":false,"innholdType":"INNG\00c5","utf\00f8rtAv":"00000000000","utf\00f8rtAvRolle":"ARBEIDSGIVER"}', FALSE, FALSE),
                                          (UUID '8e48bc7b-40d7-4723-882e-ff4591a7693e', UUID '751ab1a8-4cab-4412-b494-c2bf742eb132', 'MANGLER_GODKJENNING', CURRENT_TIMESTAMP, 'GODKJENT_PAA_VEGNE_AV', U&'{"hendelseType":"GODKJENT_PAA_VEGNE_AV","avtaleStatus":"MANGLER_GODKJENNING","deltakerFnr":"00000000000","mentorFnr":null,"bedriftNr":"999999999","veilederNavIdent":"Z123456","tiltakstype":"VARIG_LONNSTILSKUDD","opprettetTidspunkt":"2024-10-02T08:08:48.48436","avtaleId":"751ab1a8-4cab-4412-b494-c2bf742eb132","avtaleNr":null,"sistEndret":"2024-10-02T06:08:48.631843Z","annullertTidspunkt":null,"annullertGrunn":null,"slettemerket":false,"opprettetAvArbeidsgiver":false,"enhetGeografisk":null,"enhetsnavnGeografisk":null,"enhetOppfolging":"0906","enhetsnavnOppfolging":"Oslo gamlebyen","godkjentForEtterregistrering":false,"kvalifiseringsgruppe":"VARIG","formidlingsgruppe":null,"tilskuddPeriode":[],"feilregistrert":false,"versjon":1,"deltakerFornavn":"Lilly","deltakerEtternavn":"L\00f8nning","deltakerTlf":"40000000","bedriftNavn":"Pers butikk","arbeidsgiverFornavn":"Per","arbeidsgiverEtternavn":"Kremmer","arbeidsgiverTlf":"99999999","veilederFornavn":"Vera","veilederEtternavn":"Veileder","veilederTlf":"44444444","oppfolging":"Telefon hver uke","tilrettelegging":"Ingen","startDato":"2023-10-02","sluttDato":"2025-10-02","stillingprosent":50,"journalpostId":null,"arbeidsoppgaver":"Butikkarbeid","stillingstittel":"Butikkbetjent","stillingStyrk08":5223,"stillingKonseptId":112968,"antallDagerPerUke":5,"refusjonKontaktperson":{"refusjonKontaktpersonFornavn":"Ola","refusjonKontaktpersonEtternavn":"Olsen","refusjonKontaktpersonTlf":"12345678","\00f8nskerVarslingOmRefusjon":true},"mentorFornavn":null,"mentorEtternavn":null,"mentorOppgaver":null,"mentorAntallTimer":null,"mentorTimelonn":null,"mentorTlf":null,"arbeidsgiverKontonummer":"22222222222","lonnstilskuddProsent":60,"manedslonn":20000,"feriepengesats":0.12,"arbeidsgiveravgift":0.141,"harFamilietilknytning":true,"familietilknytningForklaring":"En middels god forklaring","feriepengerBelop":10000,"otpSats":0.02,"otpBelop":400,"arbeidsgiveravgiftBelop":20400,"sumLonnsutgifter":40800,"sumLonnstilskudd":24480,"manedslonn100pst":81600,"sumL\00f8nnstilskuddRedusert":null,"datoForRedusertProsent":null,"stillingstype":"FAST","maal":[],"inkluderingstilskuddsutgift":[],"inkluderingstilskuddBegrunnelse":null,"inkluderingstilskuddTotalBel\00f8p":0,"godkjentAvDeltaker":"2024-10-02T08:08:48.631807","godkjentTaushetserkl\00e6ringAvMentor":null,"godkjentAvArbeidsgiver":"2024-10-02T08:08:48.486422","godkjentAvVeileder":"2024-10-02T08:08:48.631807","godkjentAvBeslutter":null,"avtaleInng\00e5tt":null,"ikrafttredelsestidspunkt":"2024-10-02T08:08:48.631807","godkjentAvNavIdent":"Z123456","godkjentAvBeslutterNavIdent":null,"enhetKostnadssted":null,"enhetsnavnKostnadssted":null,"godkjentPaVegneGrunn":{"ikkeBankId":true,"reservert":false,"digitalKompetanse":false,"arenaMigreringDeltaker":false},"godkjentPaVegneAv":true,"godkjentPaVegneAvArbeidsgiverGrunn":null,"godkjentPaVegneAvArbeidsgiver":false,"innholdType":"INNG\00c5","utf\00f8rtAv":"Z123456","utf\00f8rtAvRolle":"VEILEDER"}', FALSE, FALSE);
INSERT INTO "AVTALE_MELDING" VALUES
                                          (UUID '29dd8743-aa16-4208-ba6a-69e0b6ab5fb8', UUID '25a19073-518f-4df9-94ab-50fa1a5b0d35', 'MANGLER_GODKJENNING', CURRENT_TIMESTAMP, 'OPPRETTET', U&'{"hendelseType":"OPPRETTET","avtaleStatus":"MANGLER_GODKJENNING","deltakerFnr":"00000000000","mentorFnr":null,"bedriftNr":"999999999","veilederNavIdent":"Z123456","tiltakstype":"VTAO","opprettetTidspunkt":"2024-10-02T08:08:48.652517","avtaleId":"25a19073-518f-4df9-94ab-50fa1a5b0d35","avtaleNr":null,"sistEndret":"2024-10-02T06:08:48.654335Z","annullertTidspunkt":null,"annullertGrunn":null,"slettemerket":false,"opprettetAvArbeidsgiver":false,"enhetGeografisk":null,"enhetsnavnGeografisk":null,"enhetOppfolging":"0906","enhetsnavnOppfolging":"Oslo gamlebyen","godkjentForEtterregistrering":false,"kvalifiseringsgruppe":null,"formidlingsgruppe":null,"tilskuddPeriode":[],"feilregistrert":false,"versjon":1,"deltakerFornavn":"Dagny","deltakerEtternavn":"Deltaker","deltakerTlf":"40000000","bedriftNavn":"Pers butikk","arbeidsgiverFornavn":"Per","arbeidsgiverEtternavn":"Kremmer","arbeidsgiverTlf":"99999999","veilederFornavn":"Vera","veilederEtternavn":"Veileder","veilederTlf":"44444444","oppfolging":"Telefon hver uke","tilrettelegging":"Ingen","startDato":"2024-10-02","sluttDato":"2025-10-01","stillingprosent":50,"journalpostId":null,"arbeidsoppgaver":"Butikkarbeid","stillingstittel":"Butikkbetjent","stillingStyrk08":null,"stillingKonseptId":null,"antallDagerPerUke":5,"refusjonKontaktperson":null,"mentorFornavn":null,"mentorEtternavn":null,"mentorOppgaver":null,"mentorAntallTimer":null,"mentorTimelonn":null,"mentorTlf":null,"arbeidsgiverKontonummer":"000111222","lonnstilskuddProsent":null,"manedslonn":6808,"feriepengesats":null,"arbeidsgiveravgift":null,"harFamilietilknytning":false,"familietilknytningForklaring":"En middels god forklaring","feriepengerBelop":null,"otpSats":null,"otpBelop":null,"arbeidsgiveravgiftBelop":null,"sumLonnsutgifter":null,"sumLonnstilskudd":null,"manedslonn100pst":null,"sumL\00f8nnstilskuddRedusert":null,"datoForRedusertProsent":null,"stillingstype":"FAST","maal":[],"inkluderingstilskuddsutgift":[],"inkluderingstilskuddBegrunnelse":null,"inkluderingstilskuddTotalBel\00f8p":0,"godkjentAvDeltaker":"2024-10-02T08:08:48.65434","godkjentTaushetserkl\00e6ringAvMentor":null,"godkjentAvArbeidsgiver":"2024-10-02T08:08:48.654338","godkjentAvVeileder":null,"godkjentAvBeslutter":null,"avtaleInng\00e5tt":null,"ikrafttredelsestidspunkt":null,"godkjentAvNavIdent":null,"godkjentAvBeslutterNavIdent":null,"enhetKostnadssted":null,"enhetsnavnKostnadssted":null,"godkjentPaVegneGrunn":null,"godkjentPaVegneAv":false,"godkjentPaVegneAvArbeidsgiverGrunn":null,"godkjentPaVegneAvArbeidsgiver":false,"innholdType":"INNG\00c5","utf\00f8rtAv":"Z123456","utf\00f8rtAvRolle":"VEILEDER"}', FALSE, FALSE),
                                          (UUID '8268b6b7-e9ce-46d6-96c8-af7edb01d233', UUID '25a19073-518f-4df9-94ab-50fa1a5b0d35', 'MANGLER_GODKJENNING', CURRENT_TIMESTAMP, 'ENDRET', U&'{"hendelseType":"ENDRET","avtaleStatus":"MANGLER_GODKJENNING","deltakerFnr":"00000000000","mentorFnr":null,"bedriftNr":"999999999","veilederNavIdent":"Z123456","tiltakstype":"VTAO","opprettetTidspunkt":"2024-10-02T08:08:48.652517","avtaleId":"25a19073-518f-4df9-94ab-50fa1a5b0d35","avtaleNr":null,"sistEndret":"2024-10-02T06:08:48.654335Z","annullertTidspunkt":null,"annullertGrunn":null,"slettemerket":false,"opprettetAvArbeidsgiver":false,"enhetGeografisk":null,"enhetsnavnGeografisk":null,"enhetOppfolging":"0906","enhetsnavnOppfolging":"Oslo gamlebyen","godkjentForEtterregistrering":false,"kvalifiseringsgruppe":null,"formidlingsgruppe":null,"tilskuddPeriode":[],"feilregistrert":false,"versjon":1,"deltakerFornavn":"Dagny","deltakerEtternavn":"Deltaker","deltakerTlf":"40000000","bedriftNavn":"Pers butikk","arbeidsgiverFornavn":"Per","arbeidsgiverEtternavn":"Kremmer","arbeidsgiverTlf":"99999999","veilederFornavn":"Vera","veilederEtternavn":"Veileder","veilederTlf":"44444444","oppfolging":"Telefon hver uke","tilrettelegging":"Ingen","startDato":"2024-10-02","sluttDato":"2025-10-01","stillingprosent":50,"journalpostId":null,"arbeidsoppgaver":"Butikkarbeid","stillingstittel":"Butikkbetjent","stillingStyrk08":null,"stillingKonseptId":null,"antallDagerPerUke":5,"refusjonKontaktperson":null,"mentorFornavn":null,"mentorEtternavn":null,"mentorOppgaver":null,"mentorAntallTimer":null,"mentorTimelonn":null,"mentorTlf":null,"arbeidsgiverKontonummer":"000111222","lonnstilskuddProsent":null,"manedslonn":6808,"feriepengesats":null,"arbeidsgiveravgift":null,"harFamilietilknytning":false,"familietilknytningForklaring":"En middels god forklaring","feriepengerBelop":null,"otpSats":null,"otpBelop":null,"arbeidsgiveravgiftBelop":null,"sumLonnsutgifter":null,"sumLonnstilskudd":null,"manedslonn100pst":null,"sumL\00f8nnstilskuddRedusert":null,"datoForRedusertProsent":null,"stillingstype":"FAST","maal":[],"inkluderingstilskuddsutgift":[],"inkluderingstilskuddBegrunnelse":null,"inkluderingstilskuddTotalBel\00f8p":0,"godkjentAvDeltaker":"2024-10-02T08:08:48.65434","godkjentTaushetserkl\00e6ringAvMentor":null,"godkjentAvArbeidsgiver":"2024-10-02T08:08:48.654338","godkjentAvVeileder":null,"godkjentAvBeslutter":null,"avtaleInng\00e5tt":null,"ikrafttredelsestidspunkt":null,"godkjentAvNavIdent":null,"godkjentAvBeslutterNavIdent":null,"enhetKostnadssted":null,"enhetsnavnKostnadssted":null,"godkjentPaVegneGrunn":null,"godkjentPaVegneAv":false,"godkjentPaVegneAvArbeidsgiverGrunn":null,"godkjentPaVegneAvArbeidsgiver":false,"innholdType":"INNG\00c5","utf\00f8rtAv":null,"utf\00f8rtAvRolle":"VEILEDER"}', FALSE, FALSE);
CREATE TABLE "SMS"(
                                      "SMS_VARSEL_ID" UUID NOT NULL,
                                      "TELEFONNUMMER" CHARACTER VARYING,
                                      "IDENTIFIKATOR" CHARACTER VARYING,
                                      "MELDINGSTEKST" CHARACTER VARYING,
                                      "AVTALE_ID" UUID,
                                      "TIDSPUNKT" TIMESTAMP,
                                      "HENDELSE_TYPE" CHARACTER VARYING,
                                      "AVSENDER_APPLIKASJON" CHARACTER VARYING
);
ALTER TABLE "SMS" ADD CONSTRAINT "CONSTRAINT_1" PRIMARY KEY("SMS_VARSEL_ID");
-- 0 +/- SELECT COUNT(*) FROM PUBLIC.SMS;
CREATE TABLE "INKLUDERINGSTILSKUDDSUTGIFT"(
                                                              "ID" UUID NOT NULL,
                                                              "AVTALE_INNHOLD_ID" UUID,
                                                              U&"BEL\00d8P" INTEGER,
                                                              "TYPE" CHARACTER VARYING,
                                                              "TIDSPUNKT_LAGT_TIL" TIMESTAMP DEFAULT LOCALTIMESTAMP NOT NULL
);
ALTER TABLE "INKLUDERINGSTILSKUDDSUTGIFT" ADD CONSTRAINT "CONSTRAINT_16" PRIMARY KEY("ID");
-- 6 +/- SELECT COUNT(*) FROM PUBLIC.INKLUDERINGSTILSKUDDSUTGIFT;
INSERT INTO "INKLUDERINGSTILSKUDDSUTGIFT" VALUES
                                                       (UUID '10834009-2cb0-45b1-9abd-fdc5ddd838b4', UUID 'dfe6f83c-ceae-4a21-af16-68c8c28f4b28', 13337, 'PROGRAMVARE', CURRENT_TIMESTAMP),
                                                       (UUID '9cb4f2bc-9ec7-4360-9ac0-f52a9c509401', UUID 'dfe6f83c-ceae-4a21-af16-68c8c28f4b28', 25697, U&'OPPL\00c6RING', CURRENT_TIMESTAMP),
                                                       (UUID 'ec003a6e-0e73-402f-ab0c-7ea1f6dc5bd7', UUID 'dfe6f83c-ceae-4a21-af16-68c8c28f4b28', 7195, 'UTSTYR', CURRENT_TIMESTAMP),
                                                       (UUID '25e98f1a-7188-49de-8067-0b0521219ce1', UUID '184fed76-14bf-4763-bb7d-4e649030b4c4', 13337, 'PROGRAMVARE', CURRENT_TIMESTAMP),
                                                       (UUID '26cee674-3ce8-48bc-af9d-bf00e3368ef7', UUID '184fed76-14bf-4763-bb7d-4e649030b4c4', 25697, U&'OPPL\00c6RING', CURRENT_TIMESTAMP),
                                                       (UUID 'f52b875e-e2ac-4d81-b15f-4514afa62cfc', UUID '184fed76-14bf-4763-bb7d-4e649030b4c4', 7195, 'UTSTYR', CURRENT_TIMESTAMP);
CREATE TABLE "VARSEL"(
                                         "ID" UUID NOT NULL,
                                         "LEST" BOOLEAN,
                                         "IDENTIFIKATOR" CHARACTER VARYING(11),
                                         "TEKST" CHARACTER VARYING,
                                         "AVTALE_ID" UUID,
                                         "HENDELSE_TYPE" CHARACTER VARYING,
                                         "TIDSPUNKT" TIMESTAMP DEFAULT LOCALTIMESTAMP NOT NULL,
                                         "BJELLE" BOOLEAN,
                                         U&"UTF\00d8RT_AV" CHARACTER VARYING,
                                         "MOTTAKER" CHARACTER VARYING,
                                         U&"UTF\00d8RT_AV_IDENTIFIKATOR" CHARACTER VARYING(11) DEFAULT NULL
);
ALTER TABLE "VARSEL" ADD CONSTRAINT "CONSTRAINT_96" PRIMARY KEY("ID");
-- 156 +/- SELECT COUNT(*) FROM PUBLIC.VARSEL;
INSERT INTO "VARSEL" VALUES
                                  (UUID '7971dfad-8313-4c6d-a3bc-57e886332908', FALSE, '00000000000', 'Avtale er opprettet av veileder', UUID '1c626e26-d9b5-48a9-a285-3cc94f833de7', 'OPPRETTET', CURRENT_TIMESTAMP, TRUE, 'VEILEDER', 'DELTAKER', 'Z123456'),
                                  (UUID 'f717a2f7-07b2-49ed-afe9-0aa97dd0da45', FALSE, '999999999', 'Avtale er opprettet av veileder', UUID '1c626e26-d9b5-48a9-a285-3cc94f833de7', 'OPPRETTET', CURRENT_TIMESTAMP, TRUE, 'VEILEDER', 'ARBEIDSGIVER', 'Z123456'),
                                  (UUID '97fd9872-4446-4ccb-a1e9-5d2b3d4c2444', FALSE, 'Z123456', 'Avtale er opprettet av veileder', UUID '1c626e26-d9b5-48a9-a285-3cc94f833de7', 'OPPRETTET', CURRENT_TIMESTAMP, FALSE, 'VEILEDER', 'VEILEDER', 'Z123456'),
                                  (UUID 'cf24e0b2-a6fe-4301-8b55-d2e8b10e3645', FALSE, '00000000000', 'Avtale endret', UUID '1c626e26-d9b5-48a9-a285-3cc94f833de7', 'ENDRET', CURRENT_TIMESTAMP, TRUE, 'VEILEDER', 'DELTAKER', NULL),
                                  (UUID '76d5f33f-f5d2-4643-9cd1-b358606ea4f7', FALSE, '999999999', 'Avtale endret', UUID '1c626e26-d9b5-48a9-a285-3cc94f833de7', 'ENDRET', CURRENT_TIMESTAMP, TRUE, 'VEILEDER', 'ARBEIDSGIVER', NULL),
                                  (UUID '23a5bb0f-3467-4a95-87a0-fa082cc03082', FALSE, 'Z123456', 'Avtale endret', UUID '1c626e26-d9b5-48a9-a285-3cc94f833de7', 'ENDRET', CURRENT_TIMESTAMP, FALSE, 'VEILEDER', 'VEILEDER', NULL),
                                  (UUID 'be72d08a-c000-4092-8386-91c2a8ed70d1', FALSE, '00000000000', 'Avtale er opprettet av veileder', UUID '14ee7f8d-23dc-4f7a-b2df-7e3822700dce', 'OPPRETTET', CURRENT_TIMESTAMP, TRUE, 'VEILEDER', 'DELTAKER', 'Z123456'),
                                  (UUID 'e4c31a7b-0262-4689-beff-0ffd1cf8cfe9', FALSE, '999999999', 'Avtale er opprettet av veileder', UUID '14ee7f8d-23dc-4f7a-b2df-7e3822700dce', 'OPPRETTET', CURRENT_TIMESTAMP, TRUE, 'VEILEDER', 'ARBEIDSGIVER', 'Z123456'),
                                  (UUID '2d069933-1e68-4cdb-8194-7fbfad854559', FALSE, 'Z123456', 'Avtale er opprettet av veileder', UUID '14ee7f8d-23dc-4f7a-b2df-7e3822700dce', 'OPPRETTET', CURRENT_TIMESTAMP, FALSE, 'VEILEDER', 'VEILEDER', 'Z123456'),
                                  (UUID 'bd588f4f-7f8d-4577-82fa-f4f57ba55c7f', FALSE, '00000000000', 'Avtale er opprettet av veileder', UUID 'a266f8be-0ab3-4209-aed5-56d417374fd3', 'OPPRETTET', CURRENT_TIMESTAMP, TRUE, 'VEILEDER', 'DELTAKER', 'Z123456'),
                                  (UUID '70205ba1-6232-49e0-8fbb-699dfb71c27c', FALSE, '999999999', 'Avtale er opprettet av veileder', UUID 'a266f8be-0ab3-4209-aed5-56d417374fd3', 'OPPRETTET', CURRENT_TIMESTAMP, TRUE, 'VEILEDER', 'ARBEIDSGIVER', 'Z123456'),
                                  (UUID 'e3020502-3eb6-4ccf-9ba1-b9819d5f03bc', FALSE, 'Z123456', 'Avtale er opprettet av veileder', UUID 'a266f8be-0ab3-4209-aed5-56d417374fd3', 'OPPRETTET', CURRENT_TIMESTAMP, FALSE, 'VEILEDER', 'VEILEDER', 'Z123456'),
                                  (UUID 'f7d92981-b0a9-448c-90a7-30502469661b', FALSE, '23090170716', 'Avtale er opprettet av veileder', UUID 'a266f8be-0ab3-4209-aed5-56d417374fd3', 'OPPRETTET', CURRENT_TIMESTAMP, TRUE, 'VEILEDER', 'MENTOR', 'Z123456'),
                                  (UUID '7a0b24ec-1e47-4331-bb3b-947bfab3e349', FALSE, '00000000000', U&'Mentor har signert taushetserkl\00e6ring', UUID 'a266f8be-0ab3-4209-aed5-56d417374fd3', 'SIGNERT_AV_MENTOR', CURRENT_TIMESTAMP, TRUE, 'MENTOR', 'DELTAKER', '23090170716'),
                                  (UUID 'a97e8226-c8ca-496c-8dfb-d8b1c94c5270', FALSE, '999999999', U&'Mentor har signert taushetserkl\00e6ring', UUID 'a266f8be-0ab3-4209-aed5-56d417374fd3', 'SIGNERT_AV_MENTOR', CURRENT_TIMESTAMP, TRUE, 'MENTOR', 'ARBEIDSGIVER', '23090170716'),
                                  (UUID 'b8f27999-5048-4974-92f8-ca0b61beb7ea', FALSE, 'Z123456', U&'Mentor har signert taushetserkl\00e6ring', UUID 'a266f8be-0ab3-4209-aed5-56d417374fd3', 'SIGNERT_AV_MENTOR', CURRENT_TIMESTAMP, TRUE, 'MENTOR', 'VEILEDER', '23090170716'),
                                  (UUID 'b887dd6e-2bb9-4863-9854-9a9dea0048a0', FALSE, '23090170716', U&'Mentor har signert taushetserkl\00e6ring', UUID 'a266f8be-0ab3-4209-aed5-56d417374fd3', 'SIGNERT_AV_MENTOR', CURRENT_TIMESTAMP, FALSE, 'MENTOR', 'MENTOR', '23090170716');
INSERT INTO "VARSEL" VALUES
                                  (UUID '59192b5b-f2fe-4c66-8f65-588d98a8885f', FALSE, '00000000000', 'Avtale endret', UUID 'a266f8be-0ab3-4209-aed5-56d417374fd3', 'ENDRET', CURRENT_TIMESTAMP, TRUE, 'VEILEDER', 'DELTAKER', NULL),
                                  (UUID 'b5698da4-4772-432d-b0cb-3e21d92fdddb', FALSE, '999999999', 'Avtale endret', UUID 'a266f8be-0ab3-4209-aed5-56d417374fd3', 'ENDRET', CURRENT_TIMESTAMP, TRUE, 'VEILEDER', 'ARBEIDSGIVER', NULL),
                                  (UUID 'df9f9f56-d902-425f-9ba6-6cd9d57b28df', FALSE, 'Z123456', 'Avtale endret', UUID 'a266f8be-0ab3-4209-aed5-56d417374fd3', 'ENDRET', CURRENT_TIMESTAMP, FALSE, 'VEILEDER', 'VEILEDER', NULL),
                                  (UUID '869be9a0-89fb-4c80-9f49-cac4f63a45c7', FALSE, '23090170716', 'Avtale endret', UUID 'a266f8be-0ab3-4209-aed5-56d417374fd3', 'ENDRET', CURRENT_TIMESTAMP, TRUE, 'VEILEDER', 'MENTOR', NULL),
                                  (UUID '5f0c7833-74ab-4ece-94ad-ea733801fdfb', FALSE, '00000000000', 'Avtale er opprettet av veileder', UUID 'ffb7723b-8f7f-4479-bd05-d5384a95d816', 'OPPRETTET', CURRENT_TIMESTAMP, TRUE, 'VEILEDER', 'DELTAKER', 'Z123456'),
                                  (UUID '205abb29-8da1-48d0-b270-84f07c233e20', FALSE, '999999999', 'Avtale er opprettet av veileder', UUID 'ffb7723b-8f7f-4479-bd05-d5384a95d816', 'OPPRETTET', CURRENT_TIMESTAMP, TRUE, 'VEILEDER', 'ARBEIDSGIVER', 'Z123456'),
                                  (UUID 'cb5421cc-2197-4880-9010-d7b5b9df26d2', FALSE, 'Z123456', 'Avtale er opprettet av veileder', UUID 'ffb7723b-8f7f-4479-bd05-d5384a95d816', 'OPPRETTET', CURRENT_TIMESTAMP, FALSE, 'VEILEDER', 'VEILEDER', 'Z123456'),
                                  (UUID '8a4aeba1-6beb-4ca5-bd45-dc4f8560aa2f', FALSE, '23090170716', 'Avtale er opprettet av veileder', UUID 'ffb7723b-8f7f-4479-bd05-d5384a95d816', 'OPPRETTET', CURRENT_TIMESTAMP, TRUE, 'VEILEDER', 'MENTOR', 'Z123456'),
                                  (UUID 'a282b7db-d0b2-4c46-a163-7a50ccb1888a', FALSE, '00000000000', 'Avtale endret', UUID 'ffb7723b-8f7f-4479-bd05-d5384a95d816', 'ENDRET', CURRENT_TIMESTAMP, TRUE, 'VEILEDER', 'DELTAKER', NULL),
                                  (UUID '8e40a96d-c35b-42c6-a859-cc444b3f6cde', FALSE, '999999999', 'Avtale endret', UUID 'ffb7723b-8f7f-4479-bd05-d5384a95d816', 'ENDRET', CURRENT_TIMESTAMP, TRUE, 'VEILEDER', 'ARBEIDSGIVER', NULL),
                                  (UUID 'ab33172b-e89e-4202-8815-f0ccecfeec67', FALSE, 'Z123456', 'Avtale endret', UUID 'ffb7723b-8f7f-4479-bd05-d5384a95d816', 'ENDRET', CURRENT_TIMESTAMP, FALSE, 'VEILEDER', 'VEILEDER', NULL),
                                  (UUID 'cc0020ad-8d9e-40ce-b441-114c03cda2aa', FALSE, '23090170716', 'Avtale endret', UUID 'ffb7723b-8f7f-4479-bd05-d5384a95d816', 'ENDRET', CURRENT_TIMESTAMP, TRUE, 'VEILEDER', 'MENTOR', NULL),
                                  (UUID '816d34e1-eb83-4559-8401-689ca833669b', FALSE, '00000000000', 'Avtale er opprettet av veileder', UUID '0df24350-3c64-4023-b3d9-4526314df544', 'OPPRETTET', CURRENT_TIMESTAMP, TRUE, 'VEILEDER', 'DELTAKER', 'Z123456'),
                                  (UUID '589149e2-1606-4a19-b780-7919e68aa4cd', FALSE, '999999999', 'Avtale er opprettet av veileder', UUID '0df24350-3c64-4023-b3d9-4526314df544', 'OPPRETTET', CURRENT_TIMESTAMP, TRUE, 'VEILEDER', 'ARBEIDSGIVER', 'Z123456'),
                                  (UUID '985d0d08-8876-44d7-9d6e-b31b609d34d0', FALSE, 'Z123456', 'Avtale er opprettet av veileder', UUID '0df24350-3c64-4023-b3d9-4526314df544', 'OPPRETTET', CURRENT_TIMESTAMP, FALSE, 'VEILEDER', 'VEILEDER', 'Z123456'),
                                  (UUID '973de919-c8b4-4d9b-a1e0-e8486c1fcc02', FALSE, '00000000000', 'Avtale endret', UUID '0df24350-3c64-4023-b3d9-4526314df544', 'ENDRET', CURRENT_TIMESTAMP, TRUE, 'VEILEDER', 'DELTAKER', NULL),
                                  (UUID 'fff56ef6-4998-479c-8491-9c22a88b5b0d', FALSE, '999999999', 'Avtale endret', UUID '0df24350-3c64-4023-b3d9-4526314df544', 'ENDRET', CURRENT_TIMESTAMP, TRUE, 'VEILEDER', 'ARBEIDSGIVER', NULL),
                                  (UUID '36cedc4d-8480-4959-9ae6-605b289ff758', FALSE, 'Z123456', 'Avtale endret', UUID '0df24350-3c64-4023-b3d9-4526314df544', 'ENDRET', CURRENT_TIMESTAMP, FALSE, 'VEILEDER', 'VEILEDER', NULL);
INSERT INTO "VARSEL" VALUES
                                  (UUID 'ac36e95b-3710-437f-9079-4271f997a373', FALSE, '00000000000', 'Avtale er opprettet av veileder', UUID '3a0e7ed6-b406-44fd-a53c-4beac2b4666d', 'OPPRETTET', CURRENT_TIMESTAMP, TRUE, 'VEILEDER', 'DELTAKER', 'Z123456'),
                                  (UUID 'c8ba79be-eceb-482d-a303-dfae164ee745', FALSE, '999999999', 'Avtale er opprettet av veileder', UUID '3a0e7ed6-b406-44fd-a53c-4beac2b4666d', 'OPPRETTET', CURRENT_TIMESTAMP, TRUE, 'VEILEDER', 'ARBEIDSGIVER', 'Z123456'),
                                  (UUID '8b438a55-ab3d-41ec-8855-0a3f6d88f8dc', FALSE, 'Z123456', 'Avtale er opprettet av veileder', UUID '3a0e7ed6-b406-44fd-a53c-4beac2b4666d', 'OPPRETTET', CURRENT_TIMESTAMP, FALSE, 'VEILEDER', 'VEILEDER', 'Z123456'),
                                  (UUID 'f5f6617a-a00e-4763-a9dc-24a96b37867c', FALSE, '00000000000', 'Avtale endret', UUID '3a0e7ed6-b406-44fd-a53c-4beac2b4666d', 'ENDRET', CURRENT_TIMESTAMP, TRUE, 'VEILEDER', 'DELTAKER', NULL),
                                  (UUID '8ae70194-d658-4af2-83d3-83214c49004a', FALSE, '999999999', 'Avtale endret', UUID '3a0e7ed6-b406-44fd-a53c-4beac2b4666d', 'ENDRET', CURRENT_TIMESTAMP, TRUE, 'VEILEDER', 'ARBEIDSGIVER', NULL),
                                  (UUID '63465fc3-07c4-4e16-a7d9-9866f2b08930', FALSE, 'Z123456', 'Avtale endret', UUID '3a0e7ed6-b406-44fd-a53c-4beac2b4666d', 'ENDRET', CURRENT_TIMESTAMP, FALSE, 'VEILEDER', 'VEILEDER', NULL),
                                  (UUID 'a1390344-28b3-4481-a996-5b47c410ed8d', FALSE, '00000000000', 'Avtale er opprettet av veileder', UUID '948e4acc-2fd1-4e70-ac2c-1ffa2fe27095', 'OPPRETTET', CURRENT_TIMESTAMP, TRUE, 'VEILEDER', 'DELTAKER', 'Z123456'),
                                  (UUID 'c0ee7902-ef75-420d-9659-2f1f027cefce', FALSE, '999999999', 'Avtale er opprettet av veileder', UUID '948e4acc-2fd1-4e70-ac2c-1ffa2fe27095', 'OPPRETTET', CURRENT_TIMESTAMP, TRUE, 'VEILEDER', 'ARBEIDSGIVER', 'Z123456'),
                                  (UUID 'b9430c59-2e74-49b1-ad88-9c2877f14847', FALSE, 'Z123456', 'Avtale er opprettet av veileder', UUID '948e4acc-2fd1-4e70-ac2c-1ffa2fe27095', 'OPPRETTET', CURRENT_TIMESTAMP, FALSE, 'VEILEDER', 'VEILEDER', 'Z123456'),
                                  (UUID 'ef9178e3-657e-4356-a64d-a425506394b7', FALSE, '00000000000', 'Avtale endret', UUID '948e4acc-2fd1-4e70-ac2c-1ffa2fe27095', 'ENDRET', CURRENT_TIMESTAMP, TRUE, 'VEILEDER', 'DELTAKER', NULL),
                                  (UUID '209ba038-b934-46ab-bed7-3377a6fe96fd', FALSE, '999999999', 'Avtale endret', UUID '948e4acc-2fd1-4e70-ac2c-1ffa2fe27095', 'ENDRET', CURRENT_TIMESTAMP, TRUE, 'VEILEDER', 'ARBEIDSGIVER', NULL),
                                  (UUID '74769cbb-a29d-4ffb-86cf-b5baf3ce34f1', FALSE, 'Z123456', 'Avtale endret', UUID '948e4acc-2fd1-4e70-ac2c-1ffa2fe27095', 'ENDRET', CURRENT_TIMESTAMP, FALSE, 'VEILEDER', 'VEILEDER', NULL),
                                  (UUID '70cca2f5-58e1-4c30-8cb8-0ed3552a0d55', FALSE, '00000000000', 'Avtale er opprettet av veileder', UUID '735f0b34-8b18-474a-89c5-83867c40123a', 'OPPRETTET', CURRENT_TIMESTAMP, TRUE, 'VEILEDER', 'DELTAKER', 'Z123456'),
                                  (UUID 'b5eb552d-f510-4aaa-aadb-a548bccbf82d', FALSE, '999999999', 'Avtale er opprettet av veileder', UUID '735f0b34-8b18-474a-89c5-83867c40123a', 'OPPRETTET', CURRENT_TIMESTAMP, TRUE, 'VEILEDER', 'ARBEIDSGIVER', 'Z123456'),
                                  (UUID '7b6929d8-5306-4b37-a1ee-6a6d65586529', FALSE, 'Z123456', 'Avtale er opprettet av veileder', UUID '735f0b34-8b18-474a-89c5-83867c40123a', 'OPPRETTET', CURRENT_TIMESTAMP, FALSE, 'VEILEDER', 'VEILEDER', 'Z123456'),
                                  (UUID 'e739bb6a-536e-44bd-b215-464a38a2afb2', FALSE, '00000000000', 'Avtale endret', UUID '735f0b34-8b18-474a-89c5-83867c40123a', 'ENDRET', CURRENT_TIMESTAMP, TRUE, 'VEILEDER', 'DELTAKER', NULL),
                                  (UUID '391b700a-6d92-471c-aa69-748900ccf3e8', FALSE, '999999999', 'Avtale endret', UUID '735f0b34-8b18-474a-89c5-83867c40123a', 'ENDRET', CURRENT_TIMESTAMP, TRUE, 'VEILEDER', 'ARBEIDSGIVER', NULL),
                                  (UUID '4cd6ea8f-b0de-4a9c-9e97-08b6fcf5dc8c', FALSE, 'Z123456', 'Avtale endret', UUID '735f0b34-8b18-474a-89c5-83867c40123a', 'ENDRET', CURRENT_TIMESTAMP, FALSE, 'VEILEDER', 'VEILEDER', NULL);
INSERT INTO "VARSEL" VALUES
                                  (UUID '8bdf5e1a-2029-4e62-9266-419d77230a4b', FALSE, '00000000000', 'Avtale er opprettet av veileder', UUID '44e38ddb-e4ab-4b47-b396-cf0b1d181627', 'OPPRETTET', CURRENT_TIMESTAMP, TRUE, 'VEILEDER', 'DELTAKER', 'Z123456'),
                                  (UUID '7d17b3b9-ea22-474e-8a32-63d80de3a909', FALSE, '999999999', 'Avtale er opprettet av veileder', UUID '44e38ddb-e4ab-4b47-b396-cf0b1d181627', 'OPPRETTET', CURRENT_TIMESTAMP, TRUE, 'VEILEDER', 'ARBEIDSGIVER', 'Z123456'),
                                  (UUID '2ed7ba2d-2d27-412e-a235-ef738ef1bbce', FALSE, 'Z123456', 'Avtale er opprettet av veileder', UUID '44e38ddb-e4ab-4b47-b396-cf0b1d181627', 'OPPRETTET', CURRENT_TIMESTAMP, FALSE, 'VEILEDER', 'VEILEDER', 'Z123456'),
                                  (UUID 'ee860770-8a6e-4267-bb0d-f4d3d9f5ebd7', FALSE, '00000000000', 'Avtale endret', UUID '44e38ddb-e4ab-4b47-b396-cf0b1d181627', 'ENDRET', CURRENT_TIMESTAMP, TRUE, 'VEILEDER', 'DELTAKER', NULL),
                                  (UUID '85fb6d3a-b394-415a-b02b-3a641ad21054', FALSE, '999999999', 'Avtale endret', UUID '44e38ddb-e4ab-4b47-b396-cf0b1d181627', 'ENDRET', CURRENT_TIMESTAMP, TRUE, 'VEILEDER', 'ARBEIDSGIVER', NULL),
                                  (UUID '9c538d4f-582b-4963-8f28-261f6f8860e4', FALSE, 'Z123456', 'Avtale endret', UUID '44e38ddb-e4ab-4b47-b396-cf0b1d181627', 'ENDRET', CURRENT_TIMESTAMP, FALSE, 'VEILEDER', 'VEILEDER', NULL),
                                  (UUID 'db4bbe8b-d692-4340-bcca-0d483541c8a0', FALSE, '00000000000', 'Kontaktinformasjon endret av veileder', UUID '44e38ddb-e4ab-4b47-b396-cf0b1d181627', 'KONTAKTINFORMASJON_ENDRET', CURRENT_TIMESTAMP, TRUE, 'VEILEDER', 'DELTAKER', 'Q987654'),
                                  (UUID 'f9df1c0e-2de0-42fa-8015-6ac6902a8ff5', FALSE, '999999999', 'Kontaktinformasjon endret av veileder', UUID '44e38ddb-e4ab-4b47-b396-cf0b1d181627', 'KONTAKTINFORMASJON_ENDRET', CURRENT_TIMESTAMP, TRUE, 'VEILEDER', 'ARBEIDSGIVER', 'Q987654'),
                                  (UUID 'ecbca72d-64d3-4cca-888f-4832b41927d1', FALSE, 'Z123456', 'Kontaktinformasjon endret av veileder', UUID '44e38ddb-e4ab-4b47-b396-cf0b1d181627', 'KONTAKTINFORMASJON_ENDRET', CURRENT_TIMESTAMP, FALSE, 'VEILEDER', 'VEILEDER', 'Q987654'),
                                  (UUID '90288a74-0182-4e84-9363-2fb6334e17a9', FALSE, '00000000000', 'Avtale er opprettet av veileder', UUID '8b3f3022-716c-4728-8b7a-dc9fd7e01f02', 'OPPRETTET', CURRENT_TIMESTAMP, TRUE, 'VEILEDER', 'DELTAKER', 'Z123456'),
                                  (UUID '7617c1e8-916e-4126-a21b-fcf247ca1774', FALSE, '999999999', 'Avtale er opprettet av veileder', UUID '8b3f3022-716c-4728-8b7a-dc9fd7e01f02', 'OPPRETTET', CURRENT_TIMESTAMP, TRUE, 'VEILEDER', 'ARBEIDSGIVER', 'Z123456'),
                                  (UUID '261d1ae2-9deb-4394-a843-da2f5e560d3d', FALSE, 'Z123456', 'Avtale er opprettet av veileder', UUID '8b3f3022-716c-4728-8b7a-dc9fd7e01f02', 'OPPRETTET', CURRENT_TIMESTAMP, FALSE, 'VEILEDER', 'VEILEDER', 'Z123456'),
                                  (UUID '6817a818-5311-470a-909d-3806dcff090f', FALSE, '00000000000', 'Avtale endret', UUID '8b3f3022-716c-4728-8b7a-dc9fd7e01f02', 'ENDRET', CURRENT_TIMESTAMP, TRUE, 'VEILEDER', 'DELTAKER', NULL),
                                  (UUID '36e88503-5c11-43a0-9772-e9701122a926', FALSE, '999999999', 'Avtale endret', UUID '8b3f3022-716c-4728-8b7a-dc9fd7e01f02', 'ENDRET', CURRENT_TIMESTAMP, TRUE, 'VEILEDER', 'ARBEIDSGIVER', NULL),
                                  (UUID 'e0cd9294-8d19-4433-bb22-61a6ec3f9477', FALSE, 'Z123456', 'Avtale endret', UUID '8b3f3022-716c-4728-8b7a-dc9fd7e01f02', 'ENDRET', CURRENT_TIMESTAMP, FALSE, 'VEILEDER', 'VEILEDER', NULL),
                                  (UUID '843a2bed-4329-4f9f-8bd1-cc216db0d5b3', FALSE, '00000000000', 'Avtale er opprettet av veileder', UUID 'd15835a4-7fbb-4bb2-9380-9469d90f5982', 'OPPRETTET', CURRENT_TIMESTAMP, TRUE, 'VEILEDER', 'DELTAKER', 'Z123456'),
                                  (UUID '5df7d266-b70d-46c3-a1e7-cc6838c8e31d', FALSE, '999999999', 'Avtale er opprettet av veileder', UUID 'd15835a4-7fbb-4bb2-9380-9469d90f5982', 'OPPRETTET', CURRENT_TIMESTAMP, TRUE, 'VEILEDER', 'ARBEIDSGIVER', 'Z123456'),
                                  (UUID 'd9c40d21-9f9e-4257-ab93-9f13b060247e', FALSE, 'Z123456', 'Avtale er opprettet av veileder', UUID 'd15835a4-7fbb-4bb2-9380-9469d90f5982', 'OPPRETTET', CURRENT_TIMESTAMP, FALSE, 'VEILEDER', 'VEILEDER', 'Z123456');
INSERT INTO "VARSEL" VALUES
                                  (UUID 'ec52b829-ffcf-4b69-b33e-c5e3ebd1316e', FALSE, '00000000000', 'Avtale endret', UUID 'd15835a4-7fbb-4bb2-9380-9469d90f5982', 'ENDRET', CURRENT_TIMESTAMP, TRUE, 'VEILEDER', 'DELTAKER', NULL),
                                  (UUID '8fd92c0d-9c4b-44d0-af89-a02517115f49', FALSE, '999999999', 'Avtale endret', UUID 'd15835a4-7fbb-4bb2-9380-9469d90f5982', 'ENDRET', CURRENT_TIMESTAMP, TRUE, 'VEILEDER', 'ARBEIDSGIVER', NULL),
                                  (UUID '6af8956f-fa07-45f3-99a8-3af16d6e9480', FALSE, 'Z123456', 'Avtale endret', UUID 'd15835a4-7fbb-4bb2-9380-9469d90f5982', 'ENDRET', CURRENT_TIMESTAMP, FALSE, 'VEILEDER', 'VEILEDER', NULL),
                                  (UUID 'c3784309-5234-4872-866e-d818ec054ffc', FALSE, '00000000000', 'Avtale er opprettet av veileder', UUID '9b811734-1103-44b9-a3ac-0bc3fbcf4166', 'OPPRETTET', CURRENT_TIMESTAMP, TRUE, 'VEILEDER', 'DELTAKER', 'Z123456'),
                                  (UUID '365435a2-816b-4dc2-bff7-1b4f6dffa52e', FALSE, '999999999', 'Avtale er opprettet av veileder', UUID '9b811734-1103-44b9-a3ac-0bc3fbcf4166', 'OPPRETTET', CURRENT_TIMESTAMP, TRUE, 'VEILEDER', 'ARBEIDSGIVER', 'Z123456'),
                                  (UUID '25a54969-cc63-4f38-928a-31e518ac26f0', FALSE, 'Z123456', 'Avtale er opprettet av veileder', UUID '9b811734-1103-44b9-a3ac-0bc3fbcf4166', 'OPPRETTET', CURRENT_TIMESTAMP, FALSE, 'VEILEDER', 'VEILEDER', 'Z123456'),
                                  (UUID 'dbdce108-68b1-4a31-8f92-0b9d9c9e96b6', FALSE, '00000000000', 'Avtale endret', UUID '9b811734-1103-44b9-a3ac-0bc3fbcf4166', 'ENDRET', CURRENT_TIMESTAMP, TRUE, 'VEILEDER', 'DELTAKER', NULL),
                                  (UUID 'a00c3744-a86d-4650-aab5-5570c173233f', FALSE, '999999999', 'Avtale endret', UUID '9b811734-1103-44b9-a3ac-0bc3fbcf4166', 'ENDRET', CURRENT_TIMESTAMP, TRUE, 'VEILEDER', 'ARBEIDSGIVER', NULL),
                                  (UUID '6e550f8d-d3b6-407f-89b2-fa4c990f6b73', FALSE, 'Z123456', 'Avtale endret', UUID '9b811734-1103-44b9-a3ac-0bc3fbcf4166', 'ENDRET', CURRENT_TIMESTAMP, FALSE, 'VEILEDER', 'VEILEDER', NULL),
                                  (UUID '94a409e4-7a9d-4073-ac2f-4152769c10c1', FALSE, '00000000000', 'Avtale er opprettet av veileder', UUID 'f742d746-92fe-4b51-b546-1526bba49853', 'OPPRETTET', CURRENT_TIMESTAMP, TRUE, 'VEILEDER', 'DELTAKER', 'Z123456'),
                                  (UUID '0e0e471c-48ad-4dac-9da9-750f5b66cf10', FALSE, '999999999', 'Avtale er opprettet av veileder', UUID 'f742d746-92fe-4b51-b546-1526bba49853', 'OPPRETTET', CURRENT_TIMESTAMP, TRUE, 'VEILEDER', 'ARBEIDSGIVER', 'Z123456'),
                                  (UUID 'c8761c44-9a50-4219-849a-1a2634304d9c', FALSE, 'Z123456', 'Avtale er opprettet av veileder', UUID 'f742d746-92fe-4b51-b546-1526bba49853', 'OPPRETTET', CURRENT_TIMESTAMP, FALSE, 'VEILEDER', 'VEILEDER', 'Z123456'),
                                  (UUID '83ac8f08-28c6-4759-9772-6fcee9b23dce', FALSE, '00000000000', 'Avtale endret', UUID 'f742d746-92fe-4b51-b546-1526bba49853', 'ENDRET', CURRENT_TIMESTAMP, TRUE, 'VEILEDER', 'DELTAKER', NULL),
                                  (UUID '51ce3792-260f-4516-8a98-e866e3963e86', FALSE, '999999999', 'Avtale endret', UUID 'f742d746-92fe-4b51-b546-1526bba49853', 'ENDRET', CURRENT_TIMESTAMP, TRUE, 'VEILEDER', 'ARBEIDSGIVER', NULL),
                                  (UUID '388e34fe-b922-4e34-acd7-1cbeaa8410dd', FALSE, 'Z123456', 'Avtale endret', UUID 'f742d746-92fe-4b51-b546-1526bba49853', 'ENDRET', CURRENT_TIMESTAMP, FALSE, 'VEILEDER', 'VEILEDER', NULL),
                                  (UUID '1abaaff8-353d-4c38-8032-d98a1a9fa17a', FALSE, '00000000000', 'Avtale er opprettet av veileder', UUID 'b74876c1-35c7-46e6-9a97-dad0a593a992', 'OPPRETTET', DATEADD('YEAR', -1, CURRENT_TIMESTAMP), TRUE, 'VEILEDER', 'DELTAKER', 'Z123456'),
                                  (UUID 'd5be995f-8679-4800-94c6-e25d51b90ae9', FALSE, '999999999', 'Avtale er opprettet av veileder', UUID 'b74876c1-35c7-46e6-9a97-dad0a593a992', 'OPPRETTET', DATEADD('YEAR', -1, CURRENT_TIMESTAMP), TRUE, 'VEILEDER', 'ARBEIDSGIVER', 'Z123456'),
                                  (UUID '545b1fa5-d737-49f5-a947-c12a36ce4808', FALSE, 'Q987654', 'Avtale er opprettet av veileder', UUID 'b74876c1-35c7-46e6-9a97-dad0a593a992', 'OPPRETTET', DATEADD('YEAR', -1, CURRENT_TIMESTAMP), FALSE, 'VEILEDER', 'VEILEDER', 'Z123456');
INSERT INTO "VARSEL" VALUES
                                  (UUID 'bf8ee756-13ba-4b31-b540-06d024aee4e4', FALSE, '00000000000', 'Avtale endret', UUID 'b74876c1-35c7-46e6-9a97-dad0a593a992', 'ENDRET', DATEADD('YEAR', -1, CURRENT_TIMESTAMP), TRUE, 'VEILEDER', 'DELTAKER', NULL),
                                  (UUID '09387977-704b-4a84-8f32-f54989d7a192', FALSE, '999999999', 'Avtale endret', UUID 'b74876c1-35c7-46e6-9a97-dad0a593a992', 'ENDRET', DATEADD('YEAR', -1, CURRENT_TIMESTAMP), TRUE, 'VEILEDER', 'ARBEIDSGIVER', NULL),
                                  (UUID '193e9ef0-f62e-40ab-b041-c3d023cc3039', FALSE, 'Q987654', 'Avtale endret', UUID 'b74876c1-35c7-46e6-9a97-dad0a593a992', 'ENDRET', DATEADD('YEAR', -1, CURRENT_TIMESTAMP), FALSE, 'VEILEDER', 'VEILEDER', NULL),
                                  (UUID '35c03d67-9b8f-4a28-ad5c-f899728249e1', FALSE, '00000000000', 'Avtale er opprettet av veileder', UUID 'e3758e31-5304-4fe4-9a50-02d0215fdae9', 'OPPRETTET', DATEADD('YEAR', -1, CURRENT_TIMESTAMP), TRUE, 'VEILEDER', 'DELTAKER', 'Z123456'),
                                  (UUID '5cb4c4c4-a538-4bff-8775-8c4f1146e1ec', FALSE, '999999999', 'Avtale er opprettet av veileder', UUID 'e3758e31-5304-4fe4-9a50-02d0215fdae9', 'OPPRETTET', DATEADD('YEAR', -1, CURRENT_TIMESTAMP), TRUE, 'VEILEDER', 'ARBEIDSGIVER', 'Z123456'),
                                  (UUID '028bbac7-0da4-4551-aca1-9a1503ee629c', FALSE, 'Z123456', 'Avtale er opprettet av veileder', UUID 'e3758e31-5304-4fe4-9a50-02d0215fdae9', 'OPPRETTET', DATEADD('YEAR', -1, CURRENT_TIMESTAMP), FALSE, 'VEILEDER', 'VEILEDER', 'Z123456'),
                                  (UUID 'a0aa744a-c716-4986-a546-a06b3a67f24e', FALSE, '00000000000', 'Avtale endret', UUID 'e3758e31-5304-4fe4-9a50-02d0215fdae9', 'ENDRET', DATEADD('YEAR', -1, CURRENT_TIMESTAMP), TRUE, 'VEILEDER', 'DELTAKER', NULL),
                                  (UUID '5ea2f5ce-7aa0-442d-84fa-8ef857fdb3ed', FALSE, '999999999', 'Avtale endret', UUID 'e3758e31-5304-4fe4-9a50-02d0215fdae9', 'ENDRET', DATEADD('YEAR', -1, CURRENT_TIMESTAMP), TRUE, 'VEILEDER', 'ARBEIDSGIVER', NULL),
                                  (UUID '378bf8d4-1b22-4ed5-82ee-eae2a1acb68e', FALSE, 'Z123456', 'Avtale endret', UUID 'e3758e31-5304-4fe4-9a50-02d0215fdae9', 'ENDRET', DATEADD('YEAR', -1, CURRENT_TIMESTAMP), FALSE, 'VEILEDER', 'VEILEDER', NULL),
                                  (UUID 'b234e78d-b201-475e-a4eb-7d92e73169d8', FALSE, '00000000000', 'Avtale er opprettet av veileder', UUID 'cfeca708-b400-484b-a081-f293ef8b2cf9', 'OPPRETTET', DATEADD('YEAR', -1, CURRENT_TIMESTAMP), TRUE, 'VEILEDER', 'DELTAKER', 'Z123456'),
                                  (UUID '5d7015d1-8a21-44c0-a252-85b94c84397c', FALSE, '999999999', 'Avtale er opprettet av veileder', UUID 'cfeca708-b400-484b-a081-f293ef8b2cf9', 'OPPRETTET', DATEADD('YEAR', -1, CURRENT_TIMESTAMP), TRUE, 'VEILEDER', 'ARBEIDSGIVER', 'Z123456'),
                                  (UUID '39b80b7e-689e-4a6b-acc9-505df4720aad', FALSE, 'Z123456', 'Avtale er opprettet av veileder', UUID 'cfeca708-b400-484b-a081-f293ef8b2cf9', 'OPPRETTET', DATEADD('YEAR', -1, CURRENT_TIMESTAMP), FALSE, 'VEILEDER', 'VEILEDER', 'Z123456'),
                                  (UUID 'f66639e9-00bf-4e62-9d6e-198982547328', FALSE, '00000000000', 'Avtale endret', UUID 'cfeca708-b400-484b-a081-f293ef8b2cf9', 'ENDRET', DATEADD('YEAR', -1, CURRENT_TIMESTAMP), TRUE, 'VEILEDER', 'DELTAKER', NULL),
                                  (UUID 'da82e332-8af2-46a9-8030-4e4be5a8f74d', FALSE, '999999999', 'Avtale endret', UUID 'cfeca708-b400-484b-a081-f293ef8b2cf9', 'ENDRET', DATEADD('YEAR', -1, CURRENT_TIMESTAMP), TRUE, 'VEILEDER', 'ARBEIDSGIVER', NULL),
                                  (UUID '0d27e45c-3bbb-4a33-ab34-5bf9303bb4cb', FALSE, 'Z123456', 'Avtale endret', UUID 'cfeca708-b400-484b-a081-f293ef8b2cf9', 'ENDRET', DATEADD('YEAR', -1, CURRENT_TIMESTAMP), FALSE, 'VEILEDER', 'VEILEDER', NULL),
                                  (UUID 'a06bc59e-bcdc-4993-9bc0-2bdf9429fae3', FALSE, '00000000000', 'Avtale er opprettet av veileder', UUID 'b5edc800-77d9-435d-8016-e12e5dbaeeca', 'OPPRETTET', CURRENT_TIMESTAMP, TRUE, 'VEILEDER', 'DELTAKER', 'Z123456'),
                                  (UUID '0d036685-a012-4cfa-9786-8bf618eec6fb', FALSE, '999999999', 'Avtale er opprettet av veileder', UUID 'b5edc800-77d9-435d-8016-e12e5dbaeeca', 'OPPRETTET', CURRENT_TIMESTAMP, TRUE, 'VEILEDER', 'ARBEIDSGIVER', 'Z123456'),
                                  (UUID 'f57d4e35-dc13-454d-98a3-0077aef5b6ca', FALSE, 'Z123456', 'Avtale er opprettet av veileder', UUID 'b5edc800-77d9-435d-8016-e12e5dbaeeca', 'OPPRETTET', CURRENT_TIMESTAMP, FALSE, 'VEILEDER', 'VEILEDER', 'Z123456'),
                                  (UUID '2c37181b-dddd-470b-8736-a21f9f13e86a', FALSE, '00000000000', 'Avtale endret', UUID 'b5edc800-77d9-435d-8016-e12e5dbaeeca', 'ENDRET', CURRENT_TIMESTAMP, TRUE, 'VEILEDER', 'DELTAKER', NULL);
INSERT INTO "VARSEL" VALUES
                                  (UUID '7042401a-ae8d-4ccc-bdea-d6ad02599d9a', FALSE, '999999999', 'Avtale endret', UUID 'b5edc800-77d9-435d-8016-e12e5dbaeeca', 'ENDRET', CURRENT_TIMESTAMP, TRUE, 'VEILEDER', 'ARBEIDSGIVER', NULL),
                                  (UUID '6d7bfbcf-9add-4791-8e4e-3125b881ee7e', FALSE, 'Z123456', 'Avtale endret', UUID 'b5edc800-77d9-435d-8016-e12e5dbaeeca', 'ENDRET', CURRENT_TIMESTAMP, FALSE, 'VEILEDER', 'VEILEDER', NULL),
                                  (UUID 'c8a30fa0-32f6-4a10-8ce3-d3d31f3f3910', FALSE, '00000000000', 'Avtale er opprettet av veileder', UUID '4373d5fa-e372-4059-bea7-07290bc2bd7e', 'OPPRETTET', CURRENT_TIMESTAMP, TRUE, 'VEILEDER', 'DELTAKER', 'Z123456'),
                                  (UUID '9fc1ee6b-b402-4ea6-a957-162a5ac6e8ed', FALSE, '999999999', 'Avtale er opprettet av veileder', UUID '4373d5fa-e372-4059-bea7-07290bc2bd7e', 'OPPRETTET', CURRENT_TIMESTAMP, TRUE, 'VEILEDER', 'ARBEIDSGIVER', 'Z123456'),
                                  (UUID 'f67b66b2-49c6-45a9-8275-c6b3a628435c', FALSE, 'Z123456', 'Avtale er opprettet av veileder', UUID '4373d5fa-e372-4059-bea7-07290bc2bd7e', 'OPPRETTET', CURRENT_TIMESTAMP, FALSE, 'VEILEDER', 'VEILEDER', 'Z123456'),
                                  (UUID '256abbf1-6cd6-404d-9fae-7a04e3e0d1e9', FALSE, '00000000000', 'Avtale er opprettet av veileder', UUID '4373d5fa-e372-4059-bea7-07290bc2bd7e', 'OPPRETTET', CURRENT_TIMESTAMP, TRUE, 'VEILEDER', 'MENTOR', 'Z123456'),
                                  (UUID 'b1fdefe2-0b13-48d0-8343-6cc0f8b19aab', FALSE, '00000000000', 'Avtale endret', UUID '4373d5fa-e372-4059-bea7-07290bc2bd7e', 'ENDRET', CURRENT_TIMESTAMP, TRUE, 'VEILEDER', 'DELTAKER', NULL),
                                  (UUID '34e12d51-8bc6-465e-b998-9bc6e71b40d7', FALSE, '999999999', 'Avtale endret', UUID '4373d5fa-e372-4059-bea7-07290bc2bd7e', 'ENDRET', CURRENT_TIMESTAMP, TRUE, 'VEILEDER', 'ARBEIDSGIVER', NULL),
                                  (UUID '5cc5ea68-abad-4a67-a7d4-e0f941dda6b5', FALSE, 'Z123456', 'Avtale endret', UUID '4373d5fa-e372-4059-bea7-07290bc2bd7e', 'ENDRET', CURRENT_TIMESTAMP, FALSE, 'VEILEDER', 'VEILEDER', NULL),
                                  (UUID 'f3be6ccc-048c-4500-a8bd-13e5b596ea2b', FALSE, '00000000000', 'Avtale endret', UUID '4373d5fa-e372-4059-bea7-07290bc2bd7e', 'ENDRET', CURRENT_TIMESTAMP, TRUE, 'VEILEDER', 'MENTOR', NULL),
                                  (UUID 'aaa7327a-cf20-433e-aaf2-5c2d76f94b72', FALSE, '00000000000', 'Avtale endret', UUID '4373d5fa-e372-4059-bea7-07290bc2bd7e', 'ENDRET', CURRENT_TIMESTAMP, TRUE, 'VEILEDER', 'DELTAKER', NULL),
                                  (UUID '87584e06-d417-4715-b9ad-40b5fa68f25c', FALSE, '999999999', 'Avtale endret', UUID '4373d5fa-e372-4059-bea7-07290bc2bd7e', 'ENDRET', CURRENT_TIMESTAMP, TRUE, 'VEILEDER', 'ARBEIDSGIVER', NULL),
                                  (UUID '188b62d6-1a3b-493a-97ff-473f4081cc70', FALSE, 'Z123456', 'Avtale endret', UUID '4373d5fa-e372-4059-bea7-07290bc2bd7e', 'ENDRET', CURRENT_TIMESTAMP, FALSE, 'VEILEDER', 'VEILEDER', NULL),
                                  (UUID '0d314d8f-2085-4586-8979-7a516f71b8c7', FALSE, '00000000000', 'Avtale endret', UUID '4373d5fa-e372-4059-bea7-07290bc2bd7e', 'ENDRET', CURRENT_TIMESTAMP, TRUE, 'VEILEDER', 'MENTOR', NULL),
                                  (UUID 'da3c1e4d-35aa-4745-91fb-a1fc8008c344', FALSE, '00000000000', 'Avtale er opprettet av arbeidsgiver', UUID 'be77213d-5992-4b6f-a18f-b78028d6abf3', 'OPPRETTET_AV_ARBEIDSGIVER', CURRENT_TIMESTAMP, TRUE, 'ARBEIDSGIVER', 'DELTAKER', '999999999'),
                                  (UUID '939164a6-19af-4668-93ef-d98877adb94c', FALSE, '999999999', 'Avtale er opprettet av arbeidsgiver', UUID 'be77213d-5992-4b6f-a18f-b78028d6abf3', 'OPPRETTET_AV_ARBEIDSGIVER', CURRENT_TIMESTAMP, FALSE, 'ARBEIDSGIVER', 'ARBEIDSGIVER', '999999999'),
                                  (UUID '55ffe2cb-92df-4bd1-ada7-408a6d5cc407', FALSE, NULL, 'Avtale er opprettet av arbeidsgiver', UUID 'be77213d-5992-4b6f-a18f-b78028d6abf3', 'OPPRETTET_AV_ARBEIDSGIVER', CURRENT_TIMESTAMP, TRUE, 'ARBEIDSGIVER', 'VEILEDER', '999999999'),
                                  (UUID '5b5e4442-e945-4778-ad06-d5956748341c', FALSE, '00000000000', 'Avtale er opprettet av arbeidsgiver', UUID 'be1f60eb-9211-4bcb-8b17-1724ceb3c2ff', 'OPPRETTET_AV_ARBEIDSGIVER', CURRENT_TIMESTAMP, TRUE, 'ARBEIDSGIVER', 'DELTAKER', '999999999');
INSERT INTO "VARSEL" VALUES
                                  (UUID 'ab6f2a10-c66e-40b9-81cf-2c5b609a975d', FALSE, '999999999', 'Avtale er opprettet av arbeidsgiver', UUID 'be1f60eb-9211-4bcb-8b17-1724ceb3c2ff', 'OPPRETTET_AV_ARBEIDSGIVER', CURRENT_TIMESTAMP, FALSE, 'ARBEIDSGIVER', 'ARBEIDSGIVER', '999999999'),
                                  (UUID '5f6aa541-d1f1-4275-a447-8e760ea4f466', FALSE, NULL, 'Avtale er opprettet av arbeidsgiver', UUID 'be1f60eb-9211-4bcb-8b17-1724ceb3c2ff', 'OPPRETTET_AV_ARBEIDSGIVER', CURRENT_TIMESTAMP, TRUE, 'ARBEIDSGIVER', 'VEILEDER', '999999999'),
                                  (UUID 'c887c287-755f-43ad-98ea-cd6badf3b8e6', FALSE, '00000000000', 'Avtale er opprettet av arbeidsgiver', UUID 'd892053f-233d-4f47-97d8-b7e2bcb955a9', 'OPPRETTET_AV_ARBEIDSGIVER', CURRENT_TIMESTAMP, TRUE, 'ARBEIDSGIVER', 'DELTAKER', '999999999'),
                                  (UUID '5ec47153-23da-4dab-b156-70bc57a4ee8b', FALSE, '999999999', 'Avtale er opprettet av arbeidsgiver', UUID 'd892053f-233d-4f47-97d8-b7e2bcb955a9', 'OPPRETTET_AV_ARBEIDSGIVER', CURRENT_TIMESTAMP, FALSE, 'ARBEIDSGIVER', 'ARBEIDSGIVER', '999999999'),
                                  (UUID '64223c29-bea0-43b2-b909-1ae932c594f5', FALSE, NULL, 'Avtale er opprettet av arbeidsgiver', UUID 'd892053f-233d-4f47-97d8-b7e2bcb955a9', 'OPPRETTET_AV_ARBEIDSGIVER', CURRENT_TIMESTAMP, TRUE, 'ARBEIDSGIVER', 'VEILEDER', '999999999'),
                                  (UUID '45c1e19a-3bb7-4b85-b8dc-b26c7f1a1222', FALSE, '00000000000', 'Avtale er opprettet av arbeidsgiver', UUID '290257e5-deec-445c-850b-50336905f848', 'OPPRETTET_AV_ARBEIDSGIVER', CURRENT_TIMESTAMP, TRUE, 'ARBEIDSGIVER', 'DELTAKER', '999999999'),
                                  (UUID '4922f854-51b3-47f8-85a4-f0ba1e38216a', FALSE, '999999999', 'Avtale er opprettet av arbeidsgiver', UUID '290257e5-deec-445c-850b-50336905f848', 'OPPRETTET_AV_ARBEIDSGIVER', CURRENT_TIMESTAMP, FALSE, 'ARBEIDSGIVER', 'ARBEIDSGIVER', '999999999'),
                                  (UUID '4c0d1dfa-f3e5-44ae-ad3a-a5b373db9b94', FALSE, NULL, 'Avtale er opprettet av arbeidsgiver', UUID '290257e5-deec-445c-850b-50336905f848', 'OPPRETTET_AV_ARBEIDSGIVER', CURRENT_TIMESTAMP, TRUE, 'ARBEIDSGIVER', 'VEILEDER', '999999999'),
                                  (UUID '47e89b0a-d998-4e37-9a1a-da16d1b53b3c', FALSE, '00000000000', 'Avtale er opprettet av arbeidsgiver', UUID '20ff46e5-b490-448b-83c2-a98764fcef26', 'OPPRETTET_AV_ARBEIDSGIVER', CURRENT_TIMESTAMP, TRUE, 'ARBEIDSGIVER', 'DELTAKER', '999999999'),
                                  (UUID '827a2495-f38f-481d-99bd-4048020b6e23', FALSE, '999999999', 'Avtale er opprettet av arbeidsgiver', UUID '20ff46e5-b490-448b-83c2-a98764fcef26', 'OPPRETTET_AV_ARBEIDSGIVER', CURRENT_TIMESTAMP, FALSE, 'ARBEIDSGIVER', 'ARBEIDSGIVER', '999999999'),
                                  (UUID 'fd590c7e-c235-4a2c-bf48-3af34b9be53b', FALSE, NULL, 'Avtale er opprettet av arbeidsgiver', UUID '20ff46e5-b490-448b-83c2-a98764fcef26', 'OPPRETTET_AV_ARBEIDSGIVER', CURRENT_TIMESTAMP, TRUE, 'ARBEIDSGIVER', 'VEILEDER', '999999999'),
                                  (UUID 'b6be73f9-f388-4714-a2bc-7528c4e2c126', FALSE, '00000000000', 'Avtale er opprettet av arbeidsgiver', UUID 'f4687669-0192-4911-8415-fc2719163e9d', 'OPPRETTET_AV_ARBEIDSGIVER', CURRENT_TIMESTAMP, TRUE, 'ARBEIDSGIVER', 'DELTAKER', '999999999'),
                                  (UUID '3991989d-4a7b-4692-b873-08a92da66355', FALSE, '999999999', 'Avtale er opprettet av arbeidsgiver', UUID 'f4687669-0192-4911-8415-fc2719163e9d', 'OPPRETTET_AV_ARBEIDSGIVER', CURRENT_TIMESTAMP, FALSE, 'ARBEIDSGIVER', 'ARBEIDSGIVER', '999999999'),
                                  (UUID '1c9a84f0-d40f-4395-bc05-49c2906856c7', FALSE, NULL, 'Avtale er opprettet av arbeidsgiver', UUID 'f4687669-0192-4911-8415-fc2719163e9d', 'OPPRETTET_AV_ARBEIDSGIVER', CURRENT_TIMESTAMP, TRUE, 'ARBEIDSGIVER', 'VEILEDER', '999999999'),
                                  (UUID '8388ab73-e549-4fd6-a9be-b705232099df', FALSE, '00000000000', 'Avtale er opprettet av veileder', UUID '751ab1a8-4cab-4412-b494-c2bf742eb132', 'OPPRETTET', CURRENT_TIMESTAMP, TRUE, 'VEILEDER', 'DELTAKER', 'Z123456'),
                                  (UUID '1043927e-1dd1-4102-beeb-cebe83f36e5d', FALSE, '999999999', 'Avtale er opprettet av veileder', UUID '751ab1a8-4cab-4412-b494-c2bf742eb132', 'OPPRETTET', CURRENT_TIMESTAMP, TRUE, 'VEILEDER', 'ARBEIDSGIVER', 'Z123456');
INSERT INTO "VARSEL" VALUES
                                  (UUID 'c2062855-e596-43ba-8921-9c50ea5585dc', FALSE, 'Z123456', 'Avtale er opprettet av veileder', UUID '751ab1a8-4cab-4412-b494-c2bf742eb132', 'OPPRETTET', CURRENT_TIMESTAMP, FALSE, 'VEILEDER', 'VEILEDER', 'Z123456'),
                                  (UUID 'b98aefd0-7150-4b68-9676-46d84e2aac78', FALSE, '00000000000', 'Avtale endret', UUID '751ab1a8-4cab-4412-b494-c2bf742eb132', 'ENDRET', CURRENT_TIMESTAMP, TRUE, 'VEILEDER', 'DELTAKER', NULL),
                                  (UUID '9f911e30-f7b7-4a5f-93cf-6e4443efaaea', FALSE, '999999999', 'Avtale endret', UUID '751ab1a8-4cab-4412-b494-c2bf742eb132', 'ENDRET', CURRENT_TIMESTAMP, TRUE, 'VEILEDER', 'ARBEIDSGIVER', NULL),
                                  (UUID '9e9b1262-2192-4a2d-9775-aaa06a70224c', FALSE, 'Z123456', 'Avtale endret', UUID '751ab1a8-4cab-4412-b494-c2bf742eb132', 'ENDRET', CURRENT_TIMESTAMP, FALSE, 'VEILEDER', 'VEILEDER', NULL),
                                  (UUID '03f086e4-34e2-49ba-90b7-fe3b2d2a7c11', FALSE, '00000000000', 'Avtale er godkjent av arbeidsgiver', UUID '751ab1a8-4cab-4412-b494-c2bf742eb132', 'GODKJENT_AV_ARBEIDSGIVER', CURRENT_TIMESTAMP, TRUE, 'ARBEIDSGIVER', 'DELTAKER', '00000000000'),
                                  (UUID '74504558-dd79-4b74-9f6e-23cbd67ad458', FALSE, '999999999', 'Avtale er godkjent av arbeidsgiver', UUID '751ab1a8-4cab-4412-b494-c2bf742eb132', 'GODKJENT_AV_ARBEIDSGIVER', CURRENT_TIMESTAMP, FALSE, 'ARBEIDSGIVER', 'ARBEIDSGIVER', '00000000000'),
                                  (UUID 'faca2b57-3486-4957-ab5e-0a902239a588', FALSE, 'Z123456', 'Avtale er godkjent av arbeidsgiver', UUID '751ab1a8-4cab-4412-b494-c2bf742eb132', 'GODKJENT_AV_ARBEIDSGIVER', CURRENT_TIMESTAMP, TRUE, 'ARBEIDSGIVER', 'VEILEDER', '00000000000'),
                                  (UUID '67b7b95c-2004-4629-ae8e-cca6a06134fc', FALSE, 'Z123456', U&'Veileder godkjente avtalen p\00e5 vegne av seg selv og deltaker', UUID '751ab1a8-4cab-4412-b494-c2bf742eb132', 'GODKJENT_PAA_VEGNE_AV', CURRENT_TIMESTAMP, FALSE, 'VEILEDER', 'VEILEDER', 'Z123456'),
                                  (UUID 'b1ceb3a3-3e5a-4b02-a120-0808a8ebbda7', FALSE, '00000000000', 'Avtale er opprettet av veileder', UUID '25a19073-518f-4df9-94ab-50fa1a5b0d35', 'OPPRETTET', CURRENT_TIMESTAMP, TRUE, 'VEILEDER', 'DELTAKER', 'Z123456'),
                                  (UUID 'e754d936-141e-44c3-81fc-7a16ec096375', FALSE, '999999999', 'Avtale er opprettet av veileder', UUID '25a19073-518f-4df9-94ab-50fa1a5b0d35', 'OPPRETTET', CURRENT_TIMESTAMP, TRUE, 'VEILEDER', 'ARBEIDSGIVER', 'Z123456'),
                                  (UUID 'bb8cdc75-adb2-47aa-afb0-50e461deab3f', FALSE, 'Z123456', 'Avtale er opprettet av veileder', UUID '25a19073-518f-4df9-94ab-50fa1a5b0d35', 'OPPRETTET', CURRENT_TIMESTAMP, FALSE, 'VEILEDER', 'VEILEDER', 'Z123456'),
                                  (UUID '645c9103-ea41-4085-ae98-3f8a98cc26bf', FALSE, '00000000000', 'Avtale endret', UUID '25a19073-518f-4df9-94ab-50fa1a5b0d35', 'ENDRET', CURRENT_TIMESTAMP, TRUE, 'VEILEDER', 'DELTAKER', NULL),
                                  (UUID '2a70f60f-43db-4314-9123-cc3863f1f7c3', FALSE, '999999999', 'Avtale endret', UUID '25a19073-518f-4df9-94ab-50fa1a5b0d35', 'ENDRET', CURRENT_TIMESTAMP, TRUE, 'VEILEDER', 'ARBEIDSGIVER', NULL),
                                  (UUID '1a8ae10d-9953-4486-bcf1-ca7b1aa92404', FALSE, 'Z123456', 'Avtale endret', UUID '25a19073-518f-4df9-94ab-50fa1a5b0d35', 'ENDRET', CURRENT_TIMESTAMP, FALSE, 'VEILEDER', 'VEILEDER', NULL);
CREATE TABLE "ARENA_EVENT"(
                                              "ID" UUID NOT NULL,
                                              "ARENA_ID" CHARACTER VARYING NOT NULL,
                                              "ARENA_TABLE" CHARACTER VARYING NOT NULL,
                                              "CREATED" TIMESTAMP NOT NULL,
                                              "RETRY_COUNT" INTEGER NOT NULL,
                                              "OPERATION" CHARACTER VARYING NOT NULL,
                                              "OPERATION_TIME" TIMESTAMP NOT NULL,
                                              "PAYLOAD" JSON NOT NULL,
                                              "STATUS" CHARACTER VARYING NOT NULL
);
ALTER TABLE "ARENA_EVENT" ADD CONSTRAINT "CONSTRAINT_BF" PRIMARY KEY("ID");
-- 0 +/- SELECT COUNT(*) FROM PUBLIC.ARENA_EVENT;
CREATE TABLE "ARENA_AGREEMENT_MIGRATION"(
                                                            "TILTAKGJENNOMFORING_ID" INTEGER NOT NULL,
                                                            "STATUS" CHARACTER VARYING NOT NULL,
                                                            "AVTALE_ID" UUID,
                                                            "CREATED" TIMESTAMP DEFAULT LOCALTIMESTAMP NOT NULL,
                                                            "MODIFIED" TIMESTAMP NOT NULL
);
ALTER TABLE "ARENA_AGREEMENT_MIGRATION" ADD CONSTRAINT "CONSTRAINT_8B1" PRIMARY KEY("TILTAKGJENNOMFORING_ID");
-- 0 +/- SELECT COUNT(*) FROM PUBLIC.ARENA_AGREEMENT_MIGRATION;
CREATE TABLE "ARENA_ORDS_FNR"(
                                                 "PERSON_ID" INTEGER NOT NULL,
                                                 "FNR" CHARACTER VARYING
);
ALTER TABLE "ARENA_ORDS_FNR" ADD CONSTRAINT "CONSTRAINT_B4" PRIMARY KEY("PERSON_ID");
-- 10 +/- SELECT COUNT(*) FROM PUBLIC.ARENA_ORDS_FNR;
INSERT INTO "ARENA_ORDS_FNR" VALUES
                                          (1001, '30015794435'),
                                          (1002, '20087334985'),
                                          (1003, '28029818482'),
                                          (1004, '28029818482'),
                                          (1005, '20087334985'),
                                          (1006, '21122924433'),
                                          (1007, '21122924433'),
                                          (1008, '27090438663'),
                                          (1009, '07068506617'),
                                          (1010, '14088295219');
CREATE TABLE "ARENA_ORDS_ARBEIDSGIVER"(
                                                          "ARBGIV_ID_ARRANGOR" INTEGER NOT NULL,
                                                          "VIRKSOMHETSNUMMER" CHARACTER VARYING,
                                                          "ORGANISASJONSNUMMER_MORSELSKAP" CHARACTER VARYING
);
ALTER TABLE "ARENA_ORDS_ARBEIDSGIVER" ADD CONSTRAINT "CONSTRAINT_A" PRIMARY KEY("ARBGIV_ID_ARRANGOR");
-- 10 +/- SELECT COUNT(*) FROM PUBLIC.ARENA_ORDS_ARBEIDSGIVER;
INSERT INTO "ARENA_ORDS_ARBEIDSGIVER" VALUES
                                                   (1001, '933405675', '123456789'),
                                                   (1002, '977273939', '123456789'),
                                                   (1003, '969703135', '123456789'),
                                                   (1004, '969703135', '123456789'),
                                                   (1005, '999999999', '123456789'),
                                                   (1006, '969703135', '123456789'),
                                                   (1007, '994362845', '123456789'),
                                                   (1008, '922407048', '123456789'),
                                                   (1009, '977273939', '123456789'),
                                                   (1010, '977273939', '123456789');
CREATE TABLE "ARENA_TILTAKSSAK"(
                                                   "SAK_ID" INTEGER NOT NULL,
                                                   "SAKSKODE" CHARACTER VARYING,
                                                   "REG_DATO" DATE,
                                                   "REG_USER" CHARACTER VARYING,
                                                   "MOD_DATO" DATE,
                                                   "MOD_USER" CHARACTER VARYING,
                                                   "TABELLNAVNALIAS" CHARACTER VARYING,
                                                   "OBJEKT_ID" INTEGER,
                                                   "AAR" INTEGER,
                                                   "LOPENRSAK" INTEGER,
                                                   "DATO_AVSLUTTET" DATE,
                                                   "SAKSTATUSKODE" CHARACTER VARYING,
                                                   "ARKIVNOKKEL" CHARACTER VARYING,
                                                   "AETATENHET_ARKIV" CHARACTER VARYING,
                                                   "ARKIVHENVISNING" CHARACTER VARYING,
                                                   "BRUKERID_ANSVARLIG" CHARACTER VARYING,
                                                   "AETATENHET_ANSVARLIG" CHARACTER VARYING,
                                                   "OBJEKT_KODE" CHARACTER VARYING,
                                                   "STATUS_ENDRET" CHARACTER VARYING,
                                                   "PARTISJON" CHARACTER VARYING,
                                                   "ER_UTLAND" BOOLEAN
);
ALTER TABLE "ARENA_TILTAKSSAK" ADD CONSTRAINT "CONSTRAINT_E5" PRIMARY KEY("SAK_ID");
-- 10 +/- SELECT COUNT(*) FROM PUBLIC.ARENA_TILTAKSSAK;
INSERT INTO "ARENA_TILTAKSSAK" VALUES
                                            (1001, 'TILT', CURRENT_DATE, 'ARBLINJE', CURRENT_DATE, 'BRUKER', 'SAK', 13193683, 2024, 2244, NULL, 'AKTIV', NULL, NULL, NULL, 'BRUKER', '1219', NULL, '2024-10-02 08:08:42.996991+02', NULL, FALSE),
                                            (1002, 'TILT', CURRENT_DATE, 'ARBLINJE', CURRENT_DATE, 'BRUKER', 'SAK', 13193683, 2024, 2244, NULL, 'AKTIV', NULL, NULL, NULL, 'BRUKER', '1219', NULL, '2024-10-02 08:08:43.013362+02', NULL, FALSE),
                                            (1003, 'TILT', CURRENT_DATE, 'ARBLINJE', CURRENT_DATE, 'BRUKER', 'SAK', 13193683, 2024, 2244, NULL, 'AKTIV', NULL, NULL, NULL, 'BRUKER', '1219', NULL, '2024-10-02 08:08:43.009899+02', NULL, FALSE),
                                            (1004, 'TILT', CURRENT_DATE, 'ARBLINJE', CURRENT_DATE, 'BRUKER', 'SAK', 13193683, 2024, 2244, NULL, 'AKTIV', NULL, NULL, NULL, 'BRUKER', '1219', NULL, '2024-10-02 08:08:42.999169+02', NULL, FALSE),
                                            (1005, 'TILT', CURRENT_DATE, 'ARBLINJE', CURRENT_DATE, 'BRUKER', 'SAK', 13193683, 2024, 2244, NULL, 'AKTIV', NULL, NULL, NULL, 'BRUKER', '1219', NULL, '2024-10-02 08:08:43.002893+02', NULL, FALSE),
                                            (1006, 'TILT', CURRENT_DATE, 'ARBLINJE', CURRENT_DATE, 'BRUKER', 'SAK', 13193683, 2024, 2244, NULL, 'AKTIV', NULL, NULL, NULL, 'BRUKER', '1219', NULL, '2024-10-02 08:08:43.00773+02', NULL, FALSE),
                                            (1007, 'TILT', CURRENT_DATE, 'ARBLINJE', CURRENT_DATE, 'BRUKER', 'SAK', 13193683, 2024, 2244, NULL, 'AKTIV', NULL, NULL, NULL, 'BRUKER', '1219', NULL, '2024-10-02 08:08:43.00579+02', NULL, FALSE),
                                            (1008, 'TILT', CURRENT_DATE, 'ARBLINJE', CURRENT_DATE, 'BRUKER', 'SAK', 13193683, 2024, 2244, NULL, 'AKTIV', NULL, NULL, NULL, 'BRUKER', '1219', NULL, '2024-10-02 08:08:43.01197+02', NULL, FALSE),
                                            (1009, 'TILT', CURRENT_DATE, 'ARBLINJE', CURRENT_DATE, 'BRUKER', 'SAK', 13193683, 2024, 2244, NULL, 'AKTIV', NULL, NULL, NULL, 'GH1219', '1219', NULL, '2024-10-02 08:08:43.015022+02', NULL, FALSE),
                                            (1010, 'TILT', CURRENT_DATE, 'ARBLINJE', CURRENT_DATE, 'BRUKER', 'SAK', 13193683, 2024, 2244, NULL, 'AKTIV', NULL, NULL, NULL, 'GH1219', '1219', NULL, '2024-10-02 08:08:43.016987+02', NULL, FALSE);
CREATE TABLE "ARENA_TILTAKGJENNOMFORING"(
                                                            "TILTAKGJENNOMFORING_ID" INTEGER NOT NULL,
                                                            "SAK_ID" INTEGER NOT NULL,
                                                            "TILTAKSKODE" CHARACTER VARYING,
                                                            "ANTALL_DELTAKERE" INTEGER,
                                                            "ANTALL_VARIGHET" INTEGER,
                                                            "DATO_FRA" DATE,
                                                            "DATO_TIL" DATE,
                                                            "FAGPLANKODE" CHARACTER VARYING,
                                                            "MAALEENHET_VARIGHET" CHARACTER VARYING,
                                                            "TEKST_FAGBESKRIVELSE" CHARACTER VARYING,
                                                            "TEKST_KURSSTED" CHARACTER VARYING,
                                                            "TEKST_MAALGRUPPE" CHARACTER VARYING,
                                                            "STATUS_TREVERDIKODE_INNSOKNING" BOOLEAN,
                                                            "REG_DATO" DATE,
                                                            "REG_USER" CHARACTER VARYING,
                                                            "MOD_DATO" DATE,
                                                            "MOD_USER" CHARACTER VARYING,
                                                            "LOKALTNAVN" CHARACTER VARYING,
                                                            "TILTAKSTATUSKODE" CHARACTER VARYING,
                                                            "PROSENT_DELTID" INTEGER,
                                                            "KOMMENTAR" CHARACTER VARYING,
                                                            "ARBGIV_ID_ARRANGOR" INTEGER,
                                                            "PROFILELEMENT_ID_GEOGRAFI" CHARACTER VARYING,
                                                            "KLOKKETID_FREMMOTE" CHARACTER VARYING,
                                                            "DATO_FREMMOTE" CHARACTER VARYING,
                                                            "BEGRUNNELSE_STATUS" CHARACTER VARYING,
                                                            "AVTALE_ID" CHARACTER VARYING,
                                                            "AKTIVITET_ID" CHARACTER VARYING,
                                                            "DATO_INNSOKNINGSTART" DATE,
                                                            "GML_FRA_DATO" CHARACTER VARYING,
                                                            "GML_TIL_DATO" CHARACTER VARYING,
                                                            "AETAT_FREMMOTEREG" CHARACTER VARYING,
                                                            "AETAT_KONTERINGSSTED" CHARACTER VARYING,
                                                            "OPPLAERINGNIVAAKODE" CHARACTER VARYING,
                                                            "TILTAKGJENNOMFORING_ID_REL" CHARACTER VARYING,
                                                            "VURDERING_GJENNOMFORING" CHARACTER VARYING,
                                                            "PROFILELEMENT_ID_OPPL_TILTAK" CHARACTER VARYING,
                                                            "DATO_OPPFOLGING_OK" CHARACTER VARYING,
                                                            "PARTISJON" CHARACTER VARYING,
                                                            "MAALFORM_KRAVBREV" CHARACTER VARYING,
                                                            "EKSTERN_ID" CHARACTER VARYING
);
ALTER TABLE "ARENA_TILTAKGJENNOMFORING" ADD CONSTRAINT "CONSTRAINT_79" PRIMARY KEY("TILTAKGJENNOMFORING_ID");
-- 10 +/- SELECT COUNT(*) FROM PUBLIC.ARENA_TILTAKGJENNOMFORING;
INSERT INTO "ARENA_TILTAKGJENNOMFORING" VALUES
                                                     (1001, 1001, 'ARBTREN', 1, NULL, CURRENT_DATE, DATEADD('DAY', 10, CURRENT_DATE), NULL, NULL, NULL, NULL, NULL, NULL, CURRENT_DATE, 'ARBLINJE', CURRENT_DATE, 'BRUKER', NULL, 'GJENNOMFOR', 100, NULL, 1001, NULL, NULL, NULL, NULL, NULL, '133292332', NULL, NULL, NULL, '1219', '1219', NULL, NULL, NULL, NULL, NULL, NULL, 'NO', NULL),
                                                     (1002, 1002, 'ARBTREN', 1, NULL, CURRENT_DATE, DATEADD('DAY', 10, CURRENT_DATE), NULL, NULL, NULL, NULL, NULL, NULL, CURRENT_DATE, 'ARBLINJE', CURRENT_DATE, 'BRUKER', NULL, 'PLANLAGT', 100, NULL, 1002, NULL, NULL, NULL, NULL, NULL, '133292332', NULL, NULL, NULL, '1219', '1219', NULL, NULL, NULL, NULL, NULL, NULL, 'NO', NULL),
                                                     (1003, 1003, 'ARBTREN', 1, NULL, CURRENT_DATE, DATEADD('DAY', 10, CURRENT_DATE), NULL, NULL, NULL, NULL, NULL, NULL, CURRENT_DATE, 'ARBLINJE', CURRENT_DATE, 'BRUKER', NULL, 'GJENNOMFOR', 100, NULL, 1003, NULL, NULL, NULL, NULL, NULL, '133292332', NULL, NULL, NULL, '1219', '1219', NULL, NULL, NULL, NULL, NULL, NULL, 'NO', 'e0619f5a-c2eb-4149-9803-f77eca4cf343'),
                                                     (1004, 1004, 'ARBTREN', 1, NULL, CURRENT_DATE, DATEADD('DAY', 10, CURRENT_DATE), NULL, NULL, NULL, NULL, NULL, NULL, CURRENT_DATE, 'ARBLINJE', CURRENT_DATE, 'BRUKER', NULL, 'GJENNOMFOR', 100, NULL, 1004, NULL, NULL, NULL, NULL, NULL, '133292332', NULL, NULL, NULL, '1219', '1219', NULL, NULL, NULL, NULL, NULL, NULL, 'NO', '16ba7ded-8b14-4972-9394-389d513eda91'),
                                                     (1005, 1005, 'ARBTREN', 1, NULL, CURRENT_DATE, DATEADD('DAY', 10, CURRENT_DATE), NULL, NULL, NULL, NULL, NULL, NULL, CURRENT_DATE, 'ARBLINJE', CURRENT_DATE, 'BRUKER', NULL, 'GJENNOMFOR', 100, NULL, 1005, NULL, NULL, NULL, NULL, NULL, '133292332', NULL, NULL, NULL, '1219', '1219', NULL, NULL, NULL, NULL, NULL, NULL, 'NO', '76ef4c0f-1ca4-4433-8313-09e6db8f5493'),
                                                     (1006, 1006, 'ARBTREN', 1, NULL, CURRENT_DATE, DATEADD('DAY', 10, CURRENT_DATE), NULL, NULL, NULL, NULL, NULL, NULL, CURRENT_DATE, 'ARBLINJE', CURRENT_DATE, 'BRUKER', NULL, 'GJENNOMFOR', 100, NULL, 1006, NULL, NULL, NULL, NULL, NULL, '133292332', NULL, NULL, NULL, '1219', '1219', NULL, NULL, NULL, NULL, NULL, NULL, 'NO', '5019be60-7604-4a2c-bae0-47b1780ab139'),
                                                     (1007, 1007, 'ARBTREN', 1, NULL, CURRENT_DATE, DATEADD('DAY', 10, CURRENT_DATE), NULL, NULL, NULL, NULL, NULL, NULL, CURRENT_DATE, 'ARBLINJE', CURRENT_DATE, 'BRUKER', NULL, 'GJENNOMFOR', 100, NULL, 1007, NULL, NULL, NULL, NULL, NULL, '133292332', NULL, NULL, NULL, '1219', '1219', NULL, NULL, NULL, NULL, NULL, NULL, 'NO', '4a9bd80b-9a72-41a9-8e0e-83cd53a5ffad'),
                                                     (1008, 1008, 'ARBTREN', 1, NULL, CURRENT_DATE, DATEADD('DAY', 10, CURRENT_DATE), NULL, NULL, NULL, NULL, NULL, NULL, CURRENT_DATE, 'ARBLINJE', CURRENT_DATE, 'BRUKER', NULL, 'GJENNOMFOR', 100, NULL, 1008, NULL, NULL, NULL, NULL, NULL, '133292332', NULL, NULL, NULL, '1219', '1219', NULL, NULL, NULL, NULL, NULL, NULL, 'NO', '206cb3fa-f1f2-4da5-ab6b-0caf847fbf1c'),
                                                     (1009, 1009, 'ARBTREN', 1, NULL, CURRENT_DATE, DATEADD('DAY', 10, CURRENT_DATE), NULL, NULL, NULL, NULL, NULL, NULL, CURRENT_DATE, 'ARBLINJE', CURRENT_DATE, 'BRUKER', NULL, 'AVSLUTT', 100, NULL, 1009, NULL, NULL, NULL, NULL, NULL, '133292332', NULL, NULL, NULL, '1219', '1219', NULL, NULL, NULL, NULL, NULL, NULL, 'NO', '89d671cc-0edf-464a-9e59-b5c7473242b9'),
                                                     (1010, 1010, 'ARBTREN', 1, NULL, CURRENT_DATE, DATEADD('DAY', 10, CURRENT_DATE), NULL, NULL, NULL, NULL, NULL, NULL, CURRENT_DATE, 'ARBLINJE', CURRENT_DATE, 'BRUKER', NULL, 'GJENNOMFOR', 50, NULL, 1010, NULL, NULL, NULL, NULL, NULL, '133292332', NULL, NULL, NULL, '1219', '1219', NULL, NULL, NULL, NULL, NULL, NULL, 'NO', '7950419a-8730-4ad9-8a14-b99590ff15f0');
CREATE TABLE "ARENA_TILTAKDELTAKER"(
                                                       "TILTAKDELTAKER_ID" INTEGER NOT NULL,
                                                       "PERSON_ID" INTEGER NOT NULL,
                                                       "TILTAKGJENNOMFORING_ID" INTEGER NOT NULL,
                                                       "DELTAKERSTATUSKODE" CHARACTER VARYING,
                                                       "DELTAKERTYPEKODE" CHARACTER VARYING,
                                                       "AARSAKVERDIKODE_STATUS" CHARACTER VARYING,
                                                       "OPPMOTETYPEKODE" CHARACTER VARYING,
                                                       "PRIORITET" CHARACTER VARYING,
                                                       "BEGRUNNELSE_INNSOKT" CHARACTER VARYING,
                                                       "BEGRUNNELSE_PRIORITERING" CHARACTER VARYING,
                                                       "REG_DATO" DATE,
                                                       "REG_USER" CHARACTER VARYING,
                                                       "MOD_DATO" DATE,
                                                       "MOD_USER" CHARACTER VARYING,
                                                       "DATO_SVARFRIST" DATE,
                                                       "DATO_FRA" DATE,
                                                       "DATO_TIL" DATE,
                                                       "BEGRUNNELSE_STATUS" CHARACTER VARYING,
                                                       "PROSENT_DELTID" INTEGER,
                                                       "BRUKERID_STATUSENDRING" CHARACTER VARYING,
                                                       "DATO_STATUSENDRING" DATE,
                                                       "AKTIVITET_ID" INTEGER,
                                                       "BRUKERID_ENDRING_PRIORITERING" CHARACTER VARYING,
                                                       "DATO_ENDRING_PRIORITERING" DATE,
                                                       "DOKUMENTKODE_SISTE_BREV" CHARACTER VARYING,
                                                       "STATUS_INNSOK_PAKKE" CHARACTER VARYING,
                                                       "STATUS_OPPTAK_PAKKE" CHARACTER VARYING,
                                                       "OPPLYSNINGER_INNSOK" CHARACTER VARYING,
                                                       "PARTISJON" CHARACTER VARYING,
                                                       "BEGRUNNELSE_BESTILLING" CHARACTER VARYING,
                                                       "ANTALL_DAGER_PR_UKE" CHARACTER VARYING,
                                                       "EKSTERN_ID" CHARACTER VARYING
);
ALTER TABLE "ARENA_TILTAKDELTAKER" ADD CONSTRAINT "CONSTRAINT_F" PRIMARY KEY("TILTAKDELTAKER_ID");
-- 10 +/- SELECT COUNT(*) FROM PUBLIC.ARENA_TILTAKDELTAKER;
INSERT INTO "ARENA_TILTAKDELTAKER" VALUES
                                                (1001, 1001, 1001, 'GJENN', 'INNSOKT', NULL, NULL, NULL, 'Syntetisert rettighet', NULL, CURRENT_DATE, 'BRUKER', CURRENT_DATE, 'BRUKER', NULL, CURRENT_DATE, DATEADD('DAY', 10, CURRENT_DATE), NULL, 100, 'BRUKER', CURRENT_DATE, 1, NULL, NULL, NULL, NULL, NULL, NULL, NULL, NULL, NULL, NULL),
                                                (1002, 1002, 1002, 'IKKAKTUELL', 'INNSOKT', NULL, NULL, NULL, 'Syntetisert rettighet', NULL, CURRENT_DATE, 'BRUKER', CURRENT_DATE, 'BRUKER', NULL, CURRENT_DATE, DATEADD('DAY', 10, CURRENT_DATE), NULL, 100, 'GRENSESN', CURRENT_DATE, 1, NULL, NULL, NULL, NULL, NULL, NULL, NULL, NULL, NULL, NULL),
                                                (1003, 1003, 1003, 'GJENN', 'INNSOKT', NULL, NULL, NULL, 'Syntetisert rettighet', NULL, CURRENT_DATE, 'BRUKER', CURRENT_DATE, 'BRUKER', NULL, CURRENT_DATE, DATEADD(dd, -(DAY(DATEADD(m,1,CURRENT_DATE))-1), DATEADD(m,1,CURRENT_DATE)), NULL, 100, 'BRUKER', CURRENT_DATE, 1, NULL, NULL, NULL, NULL, NULL, NULL, NULL, NULL, NULL, 'e0619f5a-c2eb-4149-9803-f77eca4cf343'),
                                                (1004, 1004, 1004, 'GJENN', 'INNSOKT', NULL, NULL, NULL, 'Syntetisert rettighet', NULL, CURRENT_DATE, 'BRUKER', CURRENT_DATE, 'BRUKER', NULL, CURRENT_DATE, DATEADD(dd, -(DAY(DATEADD(m,1,CURRENT_DATE))-1), DATEADD(m,1,CURRENT_DATE)), NULL, 100, 'BRUKER', CURRENT_DATE, 1, NULL, NULL, NULL, NULL, NULL, NULL, NULL, NULL, NULL, '16ba7ded-8b14-4972-9394-389d513eda91'),
                                                (1005, 1005, 1005, 'GJENN', 'INNSOKT', NULL, NULL, NULL, 'Syntetisert rettighet', NULL, CURRENT_DATE, 'BRUKER', CURRENT_DATE, 'BRUKER', NULL, CURRENT_DATE, DATEADD(dd, -(DAY(DATEADD(m,1,CURRENT_DATE))-1), DATEADD(m,1,CURRENT_DATE)), NULL, 100, 'BRUKER', CURRENT_DATE, 1, NULL, NULL, NULL, NULL, NULL, NULL, NULL, NULL, NULL, '76ef4c0f-1ca4-4433-8313-09e6db8f5493'),
                                                (1006, 1006, 1006, 'GJENN', 'INNSOKT', NULL, NULL, NULL, 'Syntetisert rettighet', NULL, CURRENT_DATE, 'BRUKER', CURRENT_DATE, 'BRUKER', NULL, CURRENT_DATE, DATEADD(dd, -(DAY(DATEADD(m,1,CURRENT_DATE))-1), DATEADD(m,1,CURRENT_DATE)), NULL, 100, 'BRUKER', CURRENT_DATE, 1, NULL, NULL, NULL, NULL, NULL, NULL, NULL, NULL, NULL, '5019be60-7604-4a2c-bae0-47b1780ab139'),
                                                (1007, 1007, 1007, 'GJENN', 'INNSOKT', NULL, NULL, NULL, 'Syntetisert rettighet', NULL, CURRENT_DATE, 'BRUKER', CURRENT_DATE, 'BRUKER', NULL, CURRENT_DATE, DATEADD(dd, -(DAY(DATEADD(m,1,CURRENT_DATE))-1), DATEADD(m,1,CURRENT_DATE)), NULL, 100, 'BRUKER', CURRENT_DATE, 1, NULL, NULL, NULL, NULL, NULL, NULL, NULL, NULL, NULL, '4a9bd80b-9a72-41a9-8e0e-83cd53a5ffad'),
                                                (1008, 1008, 1008, 'GJENN', 'INNSOKT', NULL, NULL, NULL, 'Syntetisert rettighet', NULL, CURRENT_DATE, 'BRUKER', CURRENT_DATE, 'BRUKER', NULL, CURRENT_DATE, DATEADD('DAY', 10, CURRENT_DATE), NULL, 100, 'BRUKER', CURRENT_DATE, 1, NULL, NULL, NULL, NULL, NULL, NULL, NULL, NULL, NULL, '206cb3fa-f1f2-4da5-ab6b-0caf847fbf1c'),
                                                (1009, 1009, 1009, 'GJENN', 'INNSOKT', NULL, NULL, NULL, 'Syntetisert rettighet', NULL, CURRENT_DATE, 'BRUKER', CURRENT_DATE, 'BRUKER', NULL, CURRENT_DATE, DATEADD('DAY', 10, CURRENT_DATE), NULL, 100, 'GRENSESN', CURRENT_DATE, 1, NULL, NULL, NULL, NULL, NULL, NULL, NULL, NULL, NULL, '89d671cc-0edf-464a-9e59-b5c7473242b9'),
                                                (1010, 1010, 1010, 'GJENN', 'INNSOKT', NULL, NULL, NULL, 'Syntetisert rettighet', NULL, CURRENT_DATE, 'BRUKER', CURRENT_DATE, 'BRUKER', NULL, CURRENT_DATE, DATEADD('DAY', 10, CURRENT_DATE), NULL, 50, 'GRENSESN', CURRENT_DATE, 1, NULL, NULL, NULL, NULL, NULL, NULL, NULL, NULL, '5', '7950419a-8730-4ad9-8a14-b99590ff15f0');
ALTER TABLE "VTAO" ADD CONSTRAINT "CONSTRAINT_285" UNIQUE("AVTALE_INNHOLD_ID");
ALTER TABLE "AVTALE" ADD CONSTRAINT "CONSTRAINT_73" UNIQUE("AVTALE_NR");
ALTER TABLE "ARENA_EVENT" ADD CONSTRAINT "CONSTRAINT_BF2" UNIQUE("ARENA_ID", "ARENA_TABLE");
ALTER TABLE "ARENA_TILTAKDELTAKER" ADD CONSTRAINT "CONSTRAINT_F91" FOREIGN KEY("PERSON_ID") REFERENCES "ARENA_ORDS_FNR"("PERSON_ID") NOCHECK;
ALTER TABLE "ARBEIDSGIVER_NOTIFIKASJON" ADD CONSTRAINT "CONSTRAINT_936" FOREIGN KEY("AVTALE_ID") REFERENCES "AVTALE"("ID") NOCHECK;
ALTER TABLE "TILSKUDD_PERIODE" ADD CONSTRAINT "CONSTRAINT_8B" FOREIGN KEY("AVTALE_ID") REFERENCES "AVTALE"("ID") NOCHECK;
ALTER TABLE "ARENA_AGREEMENT_MIGRATION" ADD CONSTRAINT "CONSTRAINT_8B1C" FOREIGN KEY("TILTAKGJENNOMFORING_ID") REFERENCES "ARENA_TILTAKGJENNOMFORING"("TILTAKGJENNOMFORING_ID") ON DELETE CASCADE NOCHECK;
ALTER TABLE "ARENA_AGREEMENT_MIGRATION" ADD CONSTRAINT "CONSTRAINT_8B1C2" FOREIGN KEY("AVTALE_ID") REFERENCES "AVTALE"("ID") ON DELETE CASCADE NOCHECK;
ALTER TABLE "INKLUDERINGSTILSKUDDSUTGIFT" ADD CONSTRAINT "CONSTRAINT_16F" FOREIGN KEY("AVTALE_INNHOLD_ID") REFERENCES "AVTALE_INNHOLD"("ID") NOCHECK;
ALTER TABLE "DVH_MELDING" ADD CONSTRAINT "CONSTRAINT_408" FOREIGN KEY("AVTALE_ID") REFERENCES "AVTALE"("ID") NOCHECK;
ALTER TABLE "VARSEL" ADD CONSTRAINT "CONSTRAINT_967" FOREIGN KEY("AVTALE_ID") REFERENCES "AVTALE"("ID") NOCHECK;
ALTER TABLE "ARENA_TILTAKGJENNOMFORING" ADD CONSTRAINT "CONSTRAINT_7980" FOREIGN KEY("ARBGIV_ID_ARRANGOR") REFERENCES "ARENA_ORDS_ARBEIDSGIVER"("ARBGIV_ID_ARRANGOR") NOCHECK;
ALTER TABLE "GODKJENT_PA_VEGNE_GRUNN" ADD CONSTRAINT "CONSTRAINT_34" FOREIGN KEY("AVTALE") REFERENCES "AVTALE"("ID") NOCHECK;
ALTER TABLE "AVTALE_INNHOLD" ADD CONSTRAINT "CONSTRAINT_75A" FOREIGN KEY("AVTALE") REFERENCES "AVTALE"("ID") NOCHECK;
ALTER TABLE U&"TILSKUDD_PERIODE_AVSLAGS\00c5RSAKER" ADD CONSTRAINT "CONSTRAINT_29" FOREIGN KEY("TILSKUDD_PERIODE_ID") REFERENCES "TILSKUDD_PERIODE"("ID") NOCHECK;
ALTER TABLE "AVTALE_MELDING" ADD CONSTRAINT "CONSTRAINT_39C" FOREIGN KEY("AVTALE_ID") REFERENCES "AVTALE"("ID") NOCHECK;
ALTER TABLE "ARENA_TILTAKGJENNOMFORING" ADD CONSTRAINT "CONSTRAINT_798" FOREIGN KEY("SAK_ID") REFERENCES "ARENA_TILTAKSSAK"("SAK_ID") ON DELETE CASCADE NOCHECK;
ALTER TABLE "VTAO" ADD CONSTRAINT "CONSTRAINT_285B" FOREIGN KEY("AVTALE_INNHOLD_ID") REFERENCES "AVTALE_INNHOLD"("ID") NOCHECK;
ALTER TABLE "AVTALE_FORKORTET" ADD CONSTRAINT "CONSTRAINT_42D" FOREIGN KEY("AVTALE_ID") REFERENCES "AVTALE"("ID") NOCHECK;
ALTER TABLE "SMS" ADD CONSTRAINT "CONSTRAINT_14" FOREIGN KEY("AVTALE_ID") REFERENCES "AVTALE"("ID") NOCHECK;
ALTER TABLE "IKKE_I_BRUK_HENDELSELOGG" ADD CONSTRAINT "CONSTRAINT_61" FOREIGN KEY("AVTALE_ID") REFERENCES "AVTALE"("ID") NOCHECK;
ALTER TABLE "ARENA_RYDDE_AVTALE" ADD CONSTRAINT "CONSTRAINT_5D" FOREIGN KEY("AVTALE") REFERENCES "AVTALE"("ID") NOCHECK;
ALTER TABLE "AVTALE" ADD CONSTRAINT "CONSTRAINT_73C" FOREIGN KEY("GJELDENDE_INNHOLD_ID") REFERENCES "AVTALE_INNHOLD"("ID") NOCHECK;
ALTER TABLE "ARENA_TILTAKDELTAKER" ADD CONSTRAINT "CONSTRAINT_F9" FOREIGN KEY("TILTAKGJENNOMFORING_ID") REFERENCES "ARENA_TILTAKGJENNOMFORING"("TILTAKGJENNOMFORING_ID") ON DELETE CASCADE NOCHECK;
