INSERT INTO avtale_innhold (id, avtale, deltaker_fornavn, deltaker_etternavn, deltaker_tlf, bedrift_navn, arbeidsgiver_fornavn, arbeidsgiver_etternavn, arbeidsgiver_tlf, veileder_fornavn, veileder_etternavn, veileder_tlf, oppfolging, tilrettelegging, start_dato, slutt_dato, stillingprosent, journalpost_id, godkjent_av_deltaker, godkjent_av_arbeidsgiver, godkjent_av_veileder, godkjent_pa_vegne_av, ikke_bank_id, reservert, digital_kompetanse, arbeidsgiver_kontonummer, stillingstittel, arbeidsoppgaver, lonnstilskudd_prosent, manedslonn, feriepengesats, arbeidsgiveravgift, versjon, mentor_fornavn, mentor_etternavn, mentor_oppgaver, mentor_antall_timer, mentor_timelonn, har_familietilknytning, familietilknytning_forklaring, feriepenger_belop, otp_belop, arbeidsgiveravgift_belop, sum_lonnsutgifter, sum_lonnstilskudd, stillingstype, stilling_styrk08, stilling_konsept_id, manedslonn100pst, otp_sats, godkjent_av_nav_ident, sum_lønnstilskudd_redusert, dato_for_redusert_prosent, antall_dager_per_uke, ikrafttredelsestidspunkt, avtale_inngått, godkjent_av_beslutter, godkjent_av_beslutter_nav_ident, innhold_type, godkjent_pa_vegne_av_arbeidsgiver, klarer_ikke_gi_fa_tilgang, vet_ikke_hvem_som_kan_gi_tilgang, far_ikke_tilgang_personvern, enhet_kostnadssted, enhetsnavn_kostnadssted, refusjon_kontaktperson_fornavn, refusjon_kontaktperson_etternavn, refusjon_kontaktperson_tlf, ønsker_varsling_om_refusjon, inkluderingstilskudd_begrunnelse, godkjent_taushetserklæring_av_mentor, mentor_tlf, arena_migrering_deltaker, arena_migrering_arbeidsgiver) VALUES ('cc096571-ccbc-4445-8c96-2769d835e9a0', null, 'Dagny', 'Deltaker', '40000000', 'Pers butikk', 'Per', 'Kremmer', '99999999', 'Vera', 'Veileder', '44444444', 'Telefon hver uke', 'Ingen', '2024-08-19', '2025-08-18', 50, 1, '2024-08-19 15:51:33.593711', '2024-08-19 15:51:33.59371', '2024-08-19 15:51:33.593714', false, null, null, null, null, 'Butikkbetjent', 'Butikkarbeid', null, null, null, null, 1, null, null, null, null, null, null, null, null, null, null, null, null, null, 5223, 112968, null, null, 'Q987654', null, null, 5, '2024-08-19 15:51:33.593717', '2024-08-19 15:51:33.593714', null, null, 'INNGÅ', false, null, null, null, null, null, 'Donald', 'Duck', '55555123', true, null, '2024-08-19 15:51:33.593712', null, null, null);
INSERT INTO avtale (id, opprettet_tidspunkt, deltaker_fnr, bedrift_nr, arbeidsgiver_fnr, veileder_nav_ident, arbeidstrening_lengde, gammel_godkjent_av_deltaker, gammel_godkjent_av_arbeidsgiver, gammel_godkjent_av_veileder, avbrutt, tiltakstype, sist_endret, avbrutt_dato, avbrutt_grunn, enhet_oppfolging, enhet_geografisk, slettemerket, annullert_tidspunkt, annullert_grunn, feilregistrert, enhetsnavn_geografisk, enhetsnavn_oppfolging, kvalifiseringsgruppe, formidlingsgruppe, godkjent_for_etterregistrering, gjeldende_innhold_id, mentor_fnr, opphav) VALUES ('206cb3fa-f1f2-4da5-ab6b-0caf847fbf1c', '2024-08-19 15:51:33.593679', '27090438663', '922407048', null, 'Z123456', null, null, null, null, false, 'ARBEIDSTRENING', '024-08-19 13:51:33.593709', null, null, null, null, false, null, null, false, null, null, null, null, false, 'cc096571-ccbc-4445-8c96-2769d835e9a0', null, 'VEILEDER');
UPDATE avtale_innhold SET avtale='206cb3fa-f1f2-4da5-ab6b-0caf847fbf1c' WHERE id='cc096571-ccbc-4445-8c96-2769d835e9a0';

INSERT INTO arena_tiltakssak (sak_id, sakskode, reg_dato, reg_user, mod_dato, mod_user, tabellnavnalias, objekt_id, aar, lopenrsak, dato_avsluttet, sakstatuskode, arkivnokkel, aetatenhet_arkiv, arkivhenvisning, brukerid_ansvarlig, aetatenhet_ansvarlig, objekt_kode, status_endret, partisjon, er_utland) VALUES (13193683, 'TILT', '2021-01-04', 'ARBLINJE', '2024-04-26', 'GRENSESN', 'SAK', 13193683, 2021, 2244, null, 'AKTIV', null, null, null, 'GH1219', '1219', null, '2024-04-26 00:00:00', null, false);
INSERT INTO arena_tiltakssak (sak_id, sakskode, reg_dato, reg_user, mod_dato, mod_user, tabellnavnalias, objekt_id, aar, lopenrsak, dato_avsluttet, sakstatuskode, arkivnokkel, aetatenhet_arkiv, arkivhenvisning, brukerid_ansvarlig, aetatenhet_ansvarlig, objekt_kode, status_endret, partisjon, er_utland) VALUES (13169977, 'TILT', '2020-12-15', 'ARBLINJE', '2024-05-05', 'GRENSESN', 'SAK', 13169977, 2020, 1170209, null, 'AKTIV', null, null, null, 'JFH0330', '0330', null, '2024-05-05 00:00:00', null, false);
INSERT INTO arena_tiltakssak (sak_id, sakskode, reg_dato, reg_user, mod_dato, mod_user, tabellnavnalias, objekt_id, aar, lopenrsak, dato_avsluttet, sakstatuskode, arkivnokkel, aetatenhet_arkiv, arkivhenvisning, brukerid_ansvarlig, aetatenhet_ansvarlig, objekt_kode, status_endret, partisjon, er_utland) VALUES (13035998, 'TILT', '2020-10-07', 'ARBLINJE', '2024-05-23', 'GRENSESN', 'SAK', 13035998, 2020, 1036546, null, 'AKTIV', null, null, null, 'TN0316', '0316', null, '2024-05-23 00:00:00', null, false);
INSERT INTO arena_tiltakssak (sak_id, sakskode, reg_dato, reg_user, mod_dato, mod_user, tabellnavnalias, objekt_id, aar, lopenrsak, dato_avsluttet, sakstatuskode, arkivnokkel, aetatenhet_arkiv, arkivhenvisning, brukerid_ansvarlig, aetatenhet_ansvarlig, objekt_kode, status_endret, partisjon, er_utland) VALUES (12909742, 'TILT', '2020-07-27', 'MOE1001', '2024-06-04', 'GRENSESN', 'SAK', null, 2020, 910480, null, 'AKTIV', null, null, null, 'MOE1001', '1001', null, '2024-06-04 00:00:00', null, false);
INSERT INTO arena_tiltakssak (sak_id, sakskode, reg_dato, reg_user, mod_dato, mod_user, tabellnavnalias, objekt_id, aar, lopenrsak, dato_avsluttet, sakstatuskode, arkivnokkel, aetatenhet_arkiv, arkivhenvisning, brukerid_ansvarlig, aetatenhet_ansvarlig, objekt_kode, status_endret, partisjon, er_utland) VALUES (13074703, 'TILT', '2020-10-29', 'ARBLINJE', '2024-06-01', 'GRENSESN', 'SAK', 13074703, 2020, 1075042, null, 'AKTIV', null, null, null, 'SKC0623', '0623', null, '2024-06-01 00:00:00', null, false);
INSERT INTO arena_tiltakssak (sak_id, sakskode, reg_dato, reg_user, mod_dato, mod_user, tabellnavnalias, objekt_id, aar, lopenrsak, dato_avsluttet, sakstatuskode, arkivnokkel, aetatenhet_arkiv, arkivhenvisning, brukerid_ansvarlig, aetatenhet_ansvarlig, objekt_kode, status_endret, partisjon, er_utland) VALUES (13119238, 'TILT', '2020-11-20', 'AKA1702', '2024-06-05', 'GRENSESN', 'SAK', null, 2020, 1119522, null, 'AKTIV', null, null, null, 'AKA1702', '1702', null, '2024-06-05 00:00:00', null, false);
INSERT INTO arena_tiltakssak (sak_id, sakskode, reg_dato, reg_user, mod_dato, mod_user, tabellnavnalias, objekt_id, aar, lopenrsak, dato_avsluttet, sakstatuskode, arkivnokkel, aetatenhet_arkiv, arkivhenvisning, brukerid_ansvarlig, aetatenhet_ansvarlig, objekt_kode, status_endret, partisjon, er_utland) VALUES (13047701, 'TILT', '2020-10-14', 'BJK2023', '2024-06-06', 'GRENSESN', 'SAK', 13047701, 2020, 1048063, null, 'AKTIV', '531', null, null, 'BJK2023', '2023', null, '2024-06-06 00:00:00', null, false);
INSERT INTO arena_tiltakssak (sak_id, sakskode, reg_dato, reg_user, mod_dato, mod_user, tabellnavnalias, objekt_id, aar, lopenrsak, dato_avsluttet, sakstatuskode, arkivnokkel, aetatenhet_arkiv, arkivhenvisning, brukerid_ansvarlig, aetatenhet_ansvarlig, objekt_kode, status_endret, partisjon, er_utland) VALUES (13020902, 'TILT', '2020-09-29', 'MLA1818', '2024-05-16', 'GRENSESN', 'SAK', null, 2020, 1021462, null, 'AKTIV', null, null, null, 'MLA1818', '1818', null, '2024-05-16 00:00:00', null, false);
INSERT INTO arena_tiltakssak (sak_id, sakskode, reg_dato, reg_user, mod_dato, mod_user, tabellnavnalias, objekt_id, aar, lopenrsak, dato_avsluttet, sakstatuskode, arkivnokkel, aetatenhet_arkiv, arkivhenvisning, brukerid_ansvarlig, aetatenhet_ansvarlig, objekt_kode, status_endret, partisjon, er_utland) VALUES (13430604, 'TILT', '2021-07-09', 'OMN1554', '2024-05-29', 'GRENSESN', 'SAK', null, 2021, 236956, null, 'AKTIV', null, null, null, 'OMN1554', '1554', null, '2024-05-29 00:00:00', null, false);
INSERT INTO arena_tiltakssak (sak_id, sakskode, reg_dato, reg_user, mod_dato, mod_user, tabellnavnalias, objekt_id, aar, lopenrsak, dato_avsluttet, sakstatuskode, arkivnokkel, aetatenhet_arkiv, arkivhenvisning, brukerid_ansvarlig, aetatenhet_ansvarlig, objekt_kode, status_endret, partisjon, er_utland) VALUES (13431592, 'TILT', '2021-07-16', 'ARBLINJE', '2024-06-02', 'GRENSESN', 'SAK', 13531453, 2021, 237944, null, 'AKTIV', null, null, null, '1504', '1504', null, '2024-06-02 00:00:00', null, false);

INSERT INTO arena_ords_arbeidsgiver (arbgiv_id_arrangor, virksomhetsnummer, organisasjonsnummer_morselskap) VALUES (42786, '933405675', '123456789');
INSERT INTO arena_ords_arbeidsgiver (arbgiv_id_arrangor, virksomhetsnummer, organisasjonsnummer_morselskap) VALUES (359175, '969703135', '123456789');
INSERT INTO arena_ords_arbeidsgiver (arbgiv_id_arrangor, virksomhetsnummer, organisasjonsnummer_morselskap) VALUES (329440, '941175515', '123456789');
INSERT INTO arena_ords_arbeidsgiver (arbgiv_id_arrangor, virksomhetsnummer, organisasjonsnummer_morselskap) VALUES (322497, '923229733', '123456789');
INSERT INTO arena_ords_arbeidsgiver (arbgiv_id_arrangor, virksomhetsnummer, organisasjonsnummer_morselskap) VALUES (45062, '914413315', '123456789');
INSERT INTO arena_ords_arbeidsgiver (arbgiv_id_arrangor, virksomhetsnummer, organisasjonsnummer_morselskap) VALUES (328135, '993369156', '123456789');
INSERT INTO arena_ords_arbeidsgiver (arbgiv_id_arrangor, virksomhetsnummer, organisasjonsnummer_morselskap) VALUES (169314, '977273939', '123456789');
INSERT INTO arena_ords_arbeidsgiver (arbgiv_id_arrangor, virksomhetsnummer, organisasjonsnummer_morselskap) VALUES (44784, '967533365', '123456789');
INSERT INTO arena_ords_arbeidsgiver (arbgiv_id_arrangor, virksomhetsnummer, organisasjonsnummer_morselskap) VALUES (82182, '994362845', '123456789');
INSERT INTO arena_ords_arbeidsgiver (arbgiv_id_arrangor, virksomhetsnummer, organisasjonsnummer_morselskap) VALUES (320355, '922407048', '123456789');

INSERT INTO arena_tiltakgjennomforing (tiltakgjennomforing_id, sak_id, tiltakskode, antall_deltakere, antall_varighet, dato_fra, dato_til, fagplankode, maaleenhet_varighet, tekst_fagbeskrivelse, tekst_kurssted, tekst_maalgruppe, status_treverdikode_innsokning, reg_dato, reg_user, mod_dato, mod_user, lokaltnavn, tiltakstatuskode, prosent_deltid, kommentar, arbgiv_id_arrangor, profilelement_id_geografi, klokketid_fremmote, dato_fremmote, begrunnelse_status, avtale_id, aktivitet_id, dato_innsokningstart, gml_fra_dato, gml_til_dato, aetat_fremmotereg, aetat_konteringssted, opplaeringnivaakode, tiltakgjennomforing_id_rel, vurdering_gjennomforing, profilelement_id_oppl_tiltak, dato_oppfolging_ok, partisjon, maalform_kravbrev, ekstern_id) VALUES (3665625, 13193683, 'ARBTREN', 1, null, '2021-01-05', '2021-04-04', null, null, null, null, null, null, '2021-01-04', 'ARBLINJE', '2024-04-26', 'GRENSESN', 'Tiltak hos Austevoll kommune', 'AVSLUTT', 50, null, 42786, null, null, null, null, null, '133292332', null, null, null, '1219', '1219', null, null, null, null, null, null, 'NO', null);
INSERT INTO arena_tiltakgjennomforing (tiltakgjennomforing_id, sak_id, tiltakskode, antall_deltakere, antall_varighet, dato_fra, dato_til, fagplankode, maaleenhet_varighet, tekst_fagbeskrivelse, tekst_kurssted, tekst_maalgruppe, status_treverdikode_innsokning, reg_dato, reg_user, mod_dato, mod_user, lokaltnavn, tiltakstatuskode, prosent_deltid, kommentar, arbgiv_id_arrangor, profilelement_id_geografi, klokketid_fremmote, dato_fremmote, begrunnelse_status, avtale_id, aktivitet_id, dato_innsokningstart, gml_fra_dato, gml_til_dato, aetat_fremmotereg, aetat_konteringssted, opplaeringnivaakode, tiltakgjennomforing_id_rel, vurdering_gjennomforing, profilelement_id_oppl_tiltak, dato_oppfolging_ok, partisjon, maalform_kravbrev, ekstern_id) VALUES (3662101, 13169977, 'ARBTREN', 1, null, '2021-01-15', '2021-04-16', null, null, null, null, null, null, '2020-12-15', 'ARBLINJE', '2024-05-05', 'GRENSESN', 'Tiltak hos NAV FAMILIE- OG PENSJONSYTELSER OSL', 'AVSLUTT', 60, null, 359175, null, null, null, null, null, '133171676', null, null, '2021-04-15 00:00:00', '0330', '0330', null, null, null, null, null, null, 'NO', null);
INSERT INTO arena_tiltakgjennomforing (tiltakgjennomforing_id, sak_id, tiltakskode, antall_deltakere, antall_varighet, dato_fra, dato_til, fagplankode, maaleenhet_varighet, tekst_fagbeskrivelse, tekst_kurssted, tekst_maalgruppe, status_treverdikode_innsokning, reg_dato, reg_user, mod_dato, mod_user, lokaltnavn, tiltakstatuskode, prosent_deltid, kommentar, arbgiv_id_arrangor, profilelement_id_geografi, klokketid_fremmote, dato_fremmote, begrunnelse_status, avtale_id, aktivitet_id, dato_innsokningstart, gml_fra_dato, gml_til_dato, aetat_fremmotereg, aetat_konteringssted, opplaeringnivaakode, tiltakgjennomforing_id_rel, vurdering_gjennomforing, profilelement_id_oppl_tiltak, dato_oppfolging_ok, partisjon, maalform_kravbrev, ekstern_id) VALUES (3641360, 13035998, 'ARBTREN', 1, null, '2020-10-13', '2021-10-13', null, null, null, null, null, null, '2020-10-07', 'ARBLINJE', '2024-05-23', 'GRENSESN', 'Tiltak hos OSLO KOMMUNE BYDEL 15 S NORDSTRAND', 'AVSLUTT', 100, null, 329440, null, null, null, null, null, '132429983', null, null, null, '0316', '0316', null, null, null, null, null, null, 'NO', null);
INSERT INTO arena_tiltakgjennomforing (tiltakgjennomforing_id, sak_id, tiltakskode, antall_deltakere, antall_varighet, dato_fra, dato_til, fagplankode, maaleenhet_varighet, tekst_fagbeskrivelse, tekst_kurssted, tekst_maalgruppe, status_treverdikode_innsokning, reg_dato, reg_user, mod_dato, mod_user, lokaltnavn, tiltakstatuskode, prosent_deltid, kommentar, arbgiv_id_arrangor, profilelement_id_geografi, klokketid_fremmote, dato_fremmote, begrunnelse_status, avtale_id, aktivitet_id, dato_innsokningstart, gml_fra_dato, gml_til_dato, aetat_fremmotereg, aetat_konteringssted, opplaeringnivaakode, tiltakgjennomforing_id_rel, vurdering_gjennomforing, profilelement_id_oppl_tiltak, dato_oppfolging_ok, partisjon, maalform_kravbrev, ekstern_id) VALUES (3619813, 12909742, 'ARBTREN', 1, null, '2020-08-12', '2021-06-30', null, null, null, null, null, null, '2020-07-27', 'MOE1001', '2024-06-04', 'GRENSESN', 'Tiltak hos GRIMSTAD KOMMUNE', 'AVSLUTT', 52, 'Maskert kommentar', 322497, null, null, null, null, null, '131710145', null, null, '2021-02-28 00:00:00', '1001', '1001', null, null, null, null, null, null, 'NO', null);
INSERT INTO arena_tiltakgjennomforing (tiltakgjennomforing_id, sak_id, tiltakskode, antall_deltakere, antall_varighet, dato_fra, dato_til, fagplankode, maaleenhet_varighet, tekst_fagbeskrivelse, tekst_kurssted, tekst_maalgruppe, status_treverdikode_innsokning, reg_dato, reg_user, mod_dato, mod_user, lokaltnavn, tiltakstatuskode, prosent_deltid, kommentar, arbgiv_id_arrangor, profilelement_id_geografi, klokketid_fremmote, dato_fremmote, begrunnelse_status, avtale_id, aktivitet_id, dato_innsokningstart, gml_fra_dato, gml_til_dato, aetat_fremmotereg, aetat_konteringssted, opplaeringnivaakode, tiltakgjennomforing_id_rel, vurdering_gjennomforing, profilelement_id_oppl_tiltak, dato_oppfolging_ok, partisjon, maalform_kravbrev, ekstern_id) VALUES (3648210, 13074703, 'ARBTREN', 1, null, '2020-11-16', '2021-05-31', null, null, null, null, null, null, '2020-10-29', 'ARBLINJE', '2024-06-01', 'GRENSESN', 'Tiltak hos Hobøl kommune, sentraladministrasjon', 'AVSLUTT', 50, null, 45062, null, null, null, null, null, '132662208', null, null, '2021-02-26 00:00:00', '0623', '0623', null, null, null, null, null, null, 'NO', null);
INSERT INTO arena_tiltakgjennomforing (tiltakgjennomforing_id, sak_id, tiltakskode, antall_deltakere, antall_varighet, dato_fra, dato_til, fagplankode, maaleenhet_varighet, tekst_fagbeskrivelse, tekst_kurssted, tekst_maalgruppe, status_treverdikode_innsokning, reg_dato, reg_user, mod_dato, mod_user, lokaltnavn, tiltakstatuskode, prosent_deltid, kommentar, arbgiv_id_arrangor, profilelement_id_geografi, klokketid_fremmote, dato_fremmote, begrunnelse_status, avtale_id, aktivitet_id, dato_innsokningstart, gml_fra_dato, gml_til_dato, aetat_fremmotereg, aetat_konteringssted, opplaeringnivaakode, tiltakgjennomforing_id_rel, vurdering_gjennomforing, profilelement_id_oppl_tiltak, dato_oppfolging_ok, partisjon, maalform_kravbrev, ekstern_id) VALUES (3655119, 13119238, 'ARBTREN', 1, null, '2020-07-01', '2021-03-31', null, null, null, null, null, null, '2020-11-20', 'AKA1702', '2024-06-05', 'GRENSESN', 'Tiltak hos RENNEBU KOMMUNE (VO1634)', 'AVSLUTT', 100, null, 328135, null, null, null, null, null, '132911690', null, null, '2020-12-31 00:00:00', '1702', '1702', null, null, null, null, null, null, 'NO', null);
INSERT INTO arena_tiltakgjennomforing (tiltakgjennomforing_id, sak_id, tiltakskode, antall_deltakere, antall_varighet, dato_fra, dato_til, fagplankode, maaleenhet_varighet, tekst_fagbeskrivelse, tekst_kurssted, tekst_maalgruppe, status_treverdikode_innsokning, reg_dato, reg_user, mod_dato, mod_user, lokaltnavn, tiltakstatuskode, prosent_deltid, kommentar, arbgiv_id_arrangor, profilelement_id_geografi, klokketid_fremmote, dato_fremmote, begrunnelse_status, avtale_id, aktivitet_id, dato_innsokningstart, gml_fra_dato, gml_til_dato, aetat_fremmotereg, aetat_konteringssted, opplaeringnivaakode, tiltakgjennomforing_id_rel, vurdering_gjennomforing, profilelement_id_oppl_tiltak, dato_oppfolging_ok, partisjon, maalform_kravbrev, ekstern_id) VALUES (3643414, 13047701, 'ARBTREN', 1, null, '2020-10-19', '2021-03-31', null, null, null, null, null, true, '2020-10-14', 'BJK2023', '2024-06-06', 'GRENSESN', 'Tiltak hos FISKERIKONTORET VARDØ', 'AVSLUTT', 100, null, 169314, null, null, null, null, null, '132500286', null, null, '2020-12-31 00:00:00', '2023', '2023', null, null, null, null, null, null, 'NO', null);
INSERT INTO arena_tiltakgjennomforing (tiltakgjennomforing_id, sak_id, tiltakskode, antall_deltakere, antall_varighet, dato_fra, dato_til, fagplankode, maaleenhet_varighet, tekst_fagbeskrivelse, tekst_kurssted, tekst_maalgruppe, status_treverdikode_innsokning, reg_dato, reg_user, mod_dato, mod_user, lokaltnavn, tiltakstatuskode, prosent_deltid, kommentar, arbgiv_id_arrangor, profilelement_id_geografi, klokketid_fremmote, dato_fremmote, begrunnelse_status, avtale_id, aktivitet_id, dato_innsokningstart, gml_fra_dato, gml_til_dato, aetat_fremmotereg, aetat_konteringssted, opplaeringnivaakode, tiltakgjennomforing_id_rel, vurdering_gjennomforing, profilelement_id_oppl_tiltak, dato_oppfolging_ok, partisjon, maalform_kravbrev, ekstern_id) VALUES (3638686, 13020902, 'ARBTREN', 1, null, '2020-09-30', '2021-03-30', null, null, null, null, null, null, '2020-09-29', 'MLA1818', '2024-05-16', 'GRENSESN', 'Tiltak hos Steigen kommune, sentr.adm', 'AVSLUTT', 60, 'Maskert kommentar', 44784, null, null, null, null, null, '132340372', null, null, null, '1818', '1818', null, null, null, null, null, null, 'NO', null);
INSERT INTO arena_tiltakgjennomforing (tiltakgjennomforing_id, sak_id, tiltakskode, antall_deltakere, antall_varighet, dato_fra, dato_til, fagplankode, maaleenhet_varighet, tekst_fagbeskrivelse, tekst_kurssted, tekst_maalgruppe, status_treverdikode_innsokning, reg_dato, reg_user, mod_dato, mod_user, lokaltnavn, tiltakstatuskode, prosent_deltid, kommentar, arbgiv_id_arrangor, profilelement_id_geografi, klokketid_fremmote, dato_fremmote, begrunnelse_status, avtale_id, aktivitet_id, dato_innsokningstart, gml_fra_dato, gml_til_dato, aetat_fremmotereg, aetat_konteringssted, opplaeringnivaakode, tiltakgjennomforing_id_rel, vurdering_gjennomforing, profilelement_id_oppl_tiltak, dato_oppfolging_ok, partisjon, maalform_kravbrev, ekstern_id) VALUES (3718980, 13430604, 'ARBTREN', 1, null, '2021-07-19', '2021-09-30', null, null, null, null, null, null, '2021-07-09', 'OMN1554', '2024-05-29', 'GRENSESN', 'Tiltak hos AURE LENSMANNSKONTOR', 'AVSLUTT', 60, null, 82182, null, null, null, null, null, '133897453', null, null, null, '1554', '1554', null, null, null, null, null, null, 'NO', null);
INSERT INTO arena_tiltakgjennomforing (tiltakgjennomforing_id, sak_id, tiltakskode, antall_deltakere, antall_varighet, dato_fra, dato_til, fagplankode, maaleenhet_varighet, tekst_fagbeskrivelse, tekst_kurssted, tekst_maalgruppe, status_treverdikode_innsokning, reg_dato, reg_user, mod_dato, mod_user, lokaltnavn, tiltakstatuskode, prosent_deltid, kommentar, arbgiv_id_arrangor, profilelement_id_geografi, klokketid_fremmote, dato_fremmote, begrunnelse_status, avtale_id, aktivitet_id, dato_innsokningstart, gml_fra_dato, gml_til_dato, aetat_fremmotereg, aetat_konteringssted, opplaeringnivaakode, tiltakgjennomforing_id_rel, vurdering_gjennomforing, profilelement_id_oppl_tiltak, dato_oppfolging_ok, partisjon, maalform_kravbrev, ekstern_id) VALUES (3719927, 13431592, 'ARBTREN', 1, null, '2021-06-23', '2022-06-22', null, null, null, null, null, null, '2021-07-16', 'ARBLINJE', '2024-06-02', 'GRENSESN', 'Tiltak hos FISKERIDIREKTORATET REGION MIDT', 'AVSLUTT', 100, null, 320355, null, null, null, null, null, '133898370', null, null, null, '1504', '1504', null, null, null, null, null, null, 'NO', '206cb3fa-f1f2-4da5-ab6b-0caf847fbf1c');

INSERT INTO arena_ords_fnr (person_id, fnr) VALUES (4935168, '30015794435');
INSERT INTO arena_ords_fnr (person_id, fnr) VALUES (4933546, '28029818482');
INSERT INTO arena_ords_fnr (person_id, fnr) VALUES (4934942, '25031820852');
INSERT INTO arena_ords_fnr (person_id, fnr) VALUES (4934564, '15045945535');
INSERT INTO arena_ords_fnr (person_id, fnr) VALUES (4931780, '28054809808');
INSERT INTO arena_ords_fnr (person_id, fnr) VALUES (4935437, '07068506617');
INSERT INTO arena_ords_fnr (person_id, fnr) VALUES (4932661, '25076547207');
INSERT INTO arena_ords_fnr (person_id, fnr) VALUES (4934223, '20087334985');
INSERT INTO arena_ords_fnr (person_id, fnr) VALUES (4934702, '27090438663');
INSERT INTO arena_ords_fnr (person_id, fnr) VALUES (4930698, '21122924433');

INSERT INTO arena_tiltakdeltaker (tiltakdeltaker_id, person_id, tiltakgjennomforing_id, deltakerstatuskode, deltakertypekode, aarsakverdikode_status, oppmotetypekode, prioritet, begrunnelse_innsokt, begrunnelse_prioritering, reg_dato, reg_user, mod_dato, mod_user, dato_svarfrist, dato_fra, dato_til, begrunnelse_status, prosent_deltid, brukerid_statusendring, dato_statusendring, aktivitet_id, brukerid_endring_prioritering, dato_endring_prioritering, dokumentkode_siste_brev, status_innsok_pakke, status_opptak_pakke, opplysninger_innsok, partisjon, begrunnelse_bestilling, antall_dager_pr_uke, ekstern_id) VALUES (6419550, 4930698, 3665625, 'GJENN', 'INNSOKT', null, null, null, 'Syntetisert rettighet', null, '2024-04-25', 'KFF1263', '2024-04-25', 'LJA1263', null, '2021-01-05', '2021-04-04', null, 50, 'LJA1263', '2024-04-25', 134023884, null, null, null, null, null, null, null, null, null, null);
INSERT INTO arena_tiltakdeltaker (tiltakdeltaker_id, person_id, tiltakgjennomforing_id, deltakerstatuskode, deltakertypekode, aarsakverdikode_status, oppmotetypekode, prioritet, begrunnelse_innsokt, begrunnelse_prioritering, reg_dato, reg_user, mod_dato, mod_user, dato_svarfrist, dato_fra, dato_til, begrunnelse_status, prosent_deltid, brukerid_statusendring, dato_statusendring, aktivitet_id, brukerid_endring_prioritering, dato_endring_prioritering, dokumentkode_siste_brev, status_innsok_pakke, status_opptak_pakke, opplysninger_innsok, partisjon, begrunnelse_bestilling, antall_dager_pr_uke, ekstern_id) VALUES (6419646, 4931780, 3662101, 'FULLF', 'INNSOKT', null, null, null, 'Syntetisert rettighet', null, '2024-05-04', 'CMA0319', '2024-05-04', 'TAT0319', null, '2021-01-15', '2021-04-16', null, 60, 'TAT0319', '2024-05-04', 134024221, null, null, null, null, null, null, null, null, null, null);
INSERT INTO arena_tiltakdeltaker (tiltakdeltaker_id, person_id, tiltakgjennomforing_id, deltakerstatuskode, deltakertypekode, aarsakverdikode_status, oppmotetypekode, prioritet, begrunnelse_innsokt, begrunnelse_prioritering, reg_dato, reg_user, mod_dato, mod_user, dato_svarfrist, dato_fra, dato_til, begrunnelse_status, prosent_deltid, brukerid_statusendring, dato_statusendring, aktivitet_id, brukerid_endring_prioritering, dato_endring_prioritering, dokumentkode_siste_brev, status_innsok_pakke, status_opptak_pakke, opplysninger_innsok, partisjon, begrunnelse_bestilling, antall_dager_pr_uke, ekstern_id) VALUES (6419796, 4933546, 3641360, 'FULLF', 'INNSOKT', null, null, null, 'Syntetisert rettighet', null, '2024-05-22', 'NIZ0328', '2024-05-22', 'YSA0328', null, '2020-10-13', '2021-10-13', null, 100, 'YSA0328', '2024-05-22', 134024714, null, null, null, null, null, null, null, null, null, null);
INSERT INTO arena_tiltakdeltaker (tiltakdeltaker_id, person_id, tiltakgjennomforing_id, deltakerstatuskode, deltakertypekode, aarsakverdikode_status, oppmotetypekode, prioritet, begrunnelse_innsokt, begrunnelse_prioritering, reg_dato, reg_user, mod_dato, mod_user, dato_svarfrist, dato_fra, dato_til, begrunnelse_status, prosent_deltid, brukerid_statusendring, dato_statusendring, aktivitet_id, brukerid_endring_prioritering, dato_endring_prioritering, dokumentkode_siste_brev, status_innsok_pakke, status_opptak_pakke, opplysninger_innsok, partisjon, begrunnelse_bestilling, antall_dager_pr_uke, ekstern_id) VALUES (6419941, 4934942, 3619813, 'TILBUD', 'INNSOKT', null, null, null, 'Syntetisert rettighet', null, '2024-06-03', 'RSB0901', '2024-06-03', 'RSB0901', null, '2020-08-12', '2021-06-30', null, 52, 'RSB0901', '2024-06-03', 134025173, null, null, null, null, null, null, null, null, null, null);
INSERT INTO arena_tiltakdeltaker (tiltakdeltaker_id, person_id, tiltakgjennomforing_id, deltakerstatuskode, deltakertypekode, aarsakverdikode_status, oppmotetypekode, prioritet, begrunnelse_innsokt, begrunnelse_prioritering, reg_dato, reg_user, mod_dato, mod_user, dato_svarfrist, dato_fra, dato_til, begrunnelse_status, prosent_deltid, brukerid_statusendring, dato_statusendring, aktivitet_id, brukerid_endring_prioritering, dato_endring_prioritering, dokumentkode_siste_brev, status_innsok_pakke, status_opptak_pakke, opplysninger_innsok, partisjon, begrunnelse_bestilling, antall_dager_pr_uke, ekstern_id) VALUES (6419906, 4934564, 3648210, 'FULLF', 'INNSOKT', null, null, null, 'Syntetisert rettighet', null, '2024-05-31', 'TN0604', '2024-06-01', 'GRENSESN', null, '2020-11-16', '2021-05-31', null, 50, 'GRENSESN', '2024-06-01', 134025052, null, null, null, null, null, null, null, null, null, null);
INSERT INTO arena_tiltakdeltaker (tiltakdeltaker_id, person_id, tiltakgjennomforing_id, deltakerstatuskode, deltakertypekode, aarsakverdikode_status, oppmotetypekode, prioritet, begrunnelse_innsokt, begrunnelse_prioritering, reg_dato, reg_user, mod_dato, mod_user, dato_svarfrist, dato_fra, dato_til, begrunnelse_status, prosent_deltid, brukerid_statusendring, dato_statusendring, aktivitet_id, brukerid_endring_prioritering, dato_endring_prioritering, dokumentkode_siste_brev, status_innsok_pakke, status_opptak_pakke, opplysninger_innsok, partisjon, begrunnelse_bestilling, antall_dager_pr_uke, ekstern_id) VALUES (6419948, 4935168, 3655119, 'FULLF', 'INNSOKT', null, null, null, 'Syntetisert rettighet', null, '2024-06-04', 'KMA1638', '2024-06-05', 'GRENSESN', null, '2020-07-01', '2021-03-31', null, 100, 'GRENSESN', '2024-06-05', 134025206, null, null, null, null, null, null, null, null, null, null);
INSERT INTO arena_tiltakdeltaker (tiltakdeltaker_id, person_id, tiltakgjennomforing_id, deltakerstatuskode, deltakertypekode, aarsakverdikode_status, oppmotetypekode, prioritet, begrunnelse_innsokt, begrunnelse_prioritering, reg_dato, reg_user, mod_dato, mod_user, dato_svarfrist, dato_fra, dato_til, begrunnelse_status, prosent_deltid, brukerid_statusendring, dato_statusendring, aktivitet_id, brukerid_endring_prioritering, dato_endring_prioritering, dokumentkode_siste_brev, status_innsok_pakke, status_opptak_pakke, opplysninger_innsok, partisjon, begrunnelse_bestilling, antall_dager_pr_uke, ekstern_id) VALUES (6419959, 4935437, 3643414, 'GJENN', 'INNSOKT', null, null, null, 'Syntetisert rettighet', null, '2024-06-05', 'TKB2004', '2024-06-05', 'OAO2004', null, '2020-10-19', '2021-03-31', null, 100, 'OAO2004', '2024-06-05', 134025247, null, null, null, null, null, null, null, null, null, null);
INSERT INTO arena_tiltakdeltaker (tiltakdeltaker_id, person_id, tiltakgjennomforing_id, deltakerstatuskode, deltakertypekode, aarsakverdikode_status, oppmotetypekode, prioritet, begrunnelse_innsokt, begrunnelse_prioritering, reg_dato, reg_user, mod_dato, mod_user, dato_svarfrist, dato_fra, dato_til, begrunnelse_status, prosent_deltid, brukerid_statusendring, dato_statusendring, aktivitet_id, brukerid_endring_prioritering, dato_endring_prioritering, dokumentkode_siste_brev, status_innsok_pakke, status_opptak_pakke, opplysninger_innsok, partisjon, begrunnelse_bestilling, antall_dager_pr_uke, ekstern_id) VALUES (6419724, 4932661, 3638686, 'TILBUD', 'INNSOKT', null, null, null, 'Syntetisert rettighet', null, '2024-05-15', 'MRA1820', '2024-05-15', 'MRA1820', null, '2020-09-30', '2021-03-30', null, 60, 'MRA1820', '2024-05-15', 134024483, null, null, null, null, null, null, null, null, null, null);
INSERT INTO arena_tiltakdeltaker (tiltakdeltaker_id, person_id, tiltakgjennomforing_id, deltakerstatuskode, deltakertypekode, aarsakverdikode_status, oppmotetypekode, prioritet, begrunnelse_innsokt, begrunnelse_prioritering, reg_dato, reg_user, mod_dato, mod_user, dato_svarfrist, dato_fra, dato_til, begrunnelse_status, prosent_deltid, brukerid_statusendring, dato_statusendring, aktivitet_id, brukerid_endring_prioritering, dato_endring_prioritering, dokumentkode_siste_brev, status_innsok_pakke, status_opptak_pakke, opplysninger_innsok, partisjon, begrunnelse_bestilling, antall_dager_pr_uke, ekstern_id) VALUES (6419836, 4934223, 3718980, 'FULLF', 'INNSOKT', null, null, null, 'Syntetisert rettighet', null, '2024-05-28', 'AHC1502', '2024-05-28', 'GSF1502', null, '2021-07-19', '2021-09-30', null, 60, 'GSF1502', '2024-05-28', 134024863, null, null, null, null, null, null, null, null, null, null);
INSERT INTO arena_tiltakdeltaker (tiltakdeltaker_id, person_id, tiltakgjennomforing_id, deltakerstatuskode, deltakertypekode, aarsakverdikode_status, oppmotetypekode, prioritet, begrunnelse_innsokt, begrunnelse_prioritering, reg_dato, reg_user, mod_dato, mod_user, dato_svarfrist, dato_fra, dato_til, begrunnelse_status, prosent_deltid, brukerid_statusendring, dato_statusendring, aktivitet_id, brukerid_endring_prioritering, dato_endring_prioritering, dokumentkode_siste_brev, status_innsok_pakke, status_opptak_pakke, opplysninger_innsok, partisjon, begrunnelse_bestilling, antall_dager_pr_uke, ekstern_id) VALUES (6419929, 4934702, 3719927, 'TILBUD', 'INNSOKT', null, null, null, 'Syntetisert rettighet', null, '2024-06-01', 'THA1502', '2024-06-01', 'THA1502', null, '2021-06-23', '2022-06-22', null, 100, 'THA1502', '2024-06-01', 134025129, null, null, null, null, null, null, null, null, null, null);
